[2025-08-10 09:57:18] local.ERROR: Call to a member function count() on array {"userId":1,"exception":"[object] (Error(code: 0): Call to a member function count() on array at C:\\xampp\\htdocs\\kazimotoawards\\app\\Http\\Controllers\\ContestantController.php:243)
[stacktrace]
#0 C:\\xampp\\htdocs\\kazimotoawards\\vendor\\laravel\\framework\\src\\Illuminate\\Routing\\Controller.php(54): App\\Http\\Controllers\\ContestantController->store(Object(Illuminate\\Http\\Request))
#1 C:\\xampp\\htdocs\\kazimotoawards\\vendor\\laravel\\framework\\src\\Illuminate\\Routing\\ControllerDispatcher.php(45): Illuminate\\Routing\\Controller->callAction('store', Array)
#2 C:\\xampp\\htdocs\\kazimotoawards\\vendor\\laravel\\framework\\src\\Illuminate\\Routing\\Route.php(261): Illuminate\\Routing\\ControllerDispatcher->dispatch(Object(Illuminate\\Routing\\Route), Object(App\\Http\\Controllers\\ContestantController), 'store')
#3 C:\\xampp\\htdocs\\kazimotoawards\\vendor\\laravel\\framework\\src\\Illuminate\\Routing\\Route.php(205): Illuminate\\Routing\\Route->runController()
#4 C:\\xampp\\htdocs\\kazimotoawards\\vendor\\laravel\\framework\\src\\Illuminate\\Routing\\Router.php(721): Illuminate\\Routing\\Route->run()
#5 C:\\xampp\\htdocs\\kazimotoawards\\vendor\\laravel\\framework\\src\\Illuminate\\Pipeline\\Pipeline.php(128): Illuminate\\Routing\\Router->Illuminate\\Routing\\{closure}(Object(Illuminate\\Http\\Request))
#6 C:\\xampp\\htdocs\\kazimotoawards\\vendor\\laravel\\framework\\src\\Illuminate\\Routing\\Middleware\\SubstituteBindings.php(50): Illuminate\\Pipeline\\Pipeline->Illuminate\\Pipeline\\{closure}(Object(Illuminate\\Http\\Request))
#7 C:\\xampp\\htdocs\\kazimotoawards\\vendor\\laravel\\framework\\src\\Illuminate\\Pipeline\\Pipeline.php(167): Illuminate\\Routing\\Middleware\\SubstituteBindings->handle(Object(Illuminate\\Http\\Request), Object(Closure))
#8 C:\\xampp\\htdocs\\kazimotoawards\\vendor\\laravel\\framework\\src\\Illuminate\\Foundation\\Http\\Middleware\\VerifyCsrfToken.php(78): Illuminate\\Pipeline\\Pipeline->Illuminate\\Pipeline\\{closure}(Object(Illuminate\\Http\\Request))
#9 C:\\xampp\\htdocs\\kazimotoawards\\vendor\\laravel\\framework\\src\\Illuminate\\Pipeline\\Pipeline.php(167): Illuminate\\Foundation\\Http\\Middleware\\VerifyCsrfToken->handle(Object(Illuminate\\Http\\Request), Object(Closure))
#10 C:\\xampp\\htdocs\\kazimotoawards\\vendor\\laravel\\framework\\src\\Illuminate\\View\\Middleware\\ShareErrorsFromSession.php(49): Illuminate\\Pipeline\\Pipeline->Illuminate\\Pipeline\\{closure}(Object(Illuminate\\Http\\Request))
#11 C:\\xampp\\htdocs\\kazimotoawards\\vendor\\laravel\\framework\\src\\Illuminate\\Pipeline\\Pipeline.php(167): Illuminate\\View\\Middleware\\ShareErrorsFromSession->handle(Object(Illuminate\\Http\\Request), Object(Closure))
#12 C:\\xampp\\htdocs\\kazimotoawards\\vendor\\laravel\\framework\\src\\Illuminate\\Session\\Middleware\\StartSession.php(121): Illuminate\\Pipeline\\Pipeline->Illuminate\\Pipeline\\{closure}(Object(Illuminate\\Http\\Request))
#13 C:\\xampp\\htdocs\\kazimotoawards\\vendor\\laravel\\framework\\src\\Illuminate\\Session\\Middleware\\StartSession.php(64): Illuminate\\Session\\Middleware\\StartSession->handleStatefulRequest(Object(Illuminate\\Http\\Request), Object(Illuminate\\Session\\Store), Object(Closure))
#14 C:\\xampp\\htdocs\\kazimotoawards\\vendor\\laravel\\framework\\src\\Illuminate\\Pipeline\\Pipeline.php(167): Illuminate\\Session\\Middleware\\StartSession->handle(Object(Illuminate\\Http\\Request), Object(Closure))
#15 C:\\xampp\\htdocs\\kazimotoawards\\vendor\\laravel\\framework\\src\\Illuminate\\Cookie\\Middleware\\AddQueuedCookiesToResponse.php(37): Illuminate\\Pipeline\\Pipeline->Illuminate\\Pipeline\\{closure}(Object(Illuminate\\Http\\Request))
#16 C:\\xampp\\htdocs\\kazimotoawards\\vendor\\laravel\\framework\\src\\Illuminate\\Pipeline\\Pipeline.php(167): Illuminate\\Cookie\\Middleware\\AddQueuedCookiesToResponse->handle(Object(Illuminate\\Http\\Request), Object(Closure))
#17 C:\\xampp\\htdocs\\kazimotoawards\\vendor\\laravel\\framework\\src\\Illuminate\\Cookie\\Middleware\\EncryptCookies.php(67): Illuminate\\Pipeline\\Pipeline->Illuminate\\Pipeline\\{closure}(Object(Illuminate\\Http\\Request))
#18 C:\\xampp\\htdocs\\kazimotoawards\\vendor\\laravel\\framework\\src\\Illuminate\\Pipeline\\Pipeline.php(167): Illuminate\\Cookie\\Middleware\\EncryptCookies->handle(Object(Illuminate\\Http\\Request), Object(Closure))
#19 C:\\xampp\\htdocs\\kazimotoawards\\vendor\\laravel\\framework\\src\\Illuminate\\Pipeline\\Pipeline.php(103): Illuminate\\Pipeline\\Pipeline->Illuminate\\Pipeline\\{closure}(Object(Illuminate\\Http\\Request))
#20 C:\\xampp\\htdocs\\kazimotoawards\\vendor\\laravel\\framework\\src\\Illuminate\\Routing\\Router.php(719): Illuminate\\Pipeline\\Pipeline->then(Object(Closure))
#21 C:\\xampp\\htdocs\\kazimotoawards\\vendor\\laravel\\framework\\src\\Illuminate\\Routing\\Router.php(698): Illuminate\\Routing\\Router->runRouteWithinStack(Object(Illuminate\\Routing\\Route), Object(Illuminate\\Http\\Request))
#22 C:\\xampp\\htdocs\\kazimotoawards\\vendor\\laravel\\framework\\src\\Illuminate\\Routing\\Router.php(662): Illuminate\\Routing\\Router->runRoute(Object(Illuminate\\Http\\Request), Object(Illuminate\\Routing\\Route))
#23 C:\\xampp\\htdocs\\kazimotoawards\\vendor\\laravel\\framework\\src\\Illuminate\\Routing\\Router.php(651): Illuminate\\Routing\\Router->dispatchToRoute(Object(Illuminate\\Http\\Request))
#24 C:\\xampp\\htdocs\\kazimotoawards\\vendor\\laravel\\framework\\src\\Illuminate\\Foundation\\Http\\Kernel.php(167): Illuminate\\Routing\\Router->dispatch(Object(Illuminate\\Http\\Request))
#25 C:\\xampp\\htdocs\\kazimotoawards\\vendor\\laravel\\framework\\src\\Illuminate\\Pipeline\\Pipeline.php(128): Illuminate\\Foundation\\Http\\Kernel->Illuminate\\Foundation\\Http\\{closure}(Object(Illuminate\\Http\\Request))
#26 C:\\xampp\\htdocs\\kazimotoawards\\vendor\\laravel\\framework\\src\\Illuminate\\Foundation\\Http\\Middleware\\TransformsRequest.php(21): Illuminate\\Pipeline\\Pipeline->Illuminate\\Pipeline\\{closure}(Object(Illuminate\\Http\\Request))
#27 C:\\xampp\\htdocs\\kazimotoawards\\vendor\\laravel\\framework\\src\\Illuminate\\Foundation\\Http\\Middleware\\ConvertEmptyStringsToNull.php(31): Illuminate\\Foundation\\Http\\Middleware\\TransformsRequest->handle(Object(Illuminate\\Http\\Request), Object(Closure))
#28 C:\\xampp\\htdocs\\kazimotoawards\\vendor\\laravel\\framework\\src\\Illuminate\\Pipeline\\Pipeline.php(167): Illuminate\\Foundation\\Http\\Middleware\\ConvertEmptyStringsToNull->handle(Object(Illuminate\\Http\\Request), Object(Closure))
#29 C:\\xampp\\htdocs\\kazimotoawards\\vendor\\laravel\\framework\\src\\Illuminate\\Foundation\\Http\\Middleware\\TransformsRequest.php(21): Illuminate\\Pipeline\\Pipeline->Illuminate\\Pipeline\\{closure}(Object(Illuminate\\Http\\Request))
#30 C:\\xampp\\htdocs\\kazimotoawards\\vendor\\laravel\\framework\\src\\Illuminate\\Foundation\\Http\\Middleware\\TrimStrings.php(40): Illuminate\\Foundation\\Http\\Middleware\\TransformsRequest->handle(Object(Illuminate\\Http\\Request), Object(Closure))
#31 C:\\xampp\\htdocs\\kazimotoawards\\vendor\\laravel\\framework\\src\\Illuminate\\Pipeline\\Pipeline.php(167): Illuminate\\Foundation\\Http\\Middleware\\TrimStrings->handle(Object(Illuminate\\Http\\Request), Object(Closure))
#32 C:\\xampp\\htdocs\\kazimotoawards\\vendor\\laravel\\framework\\src\\Illuminate\\Foundation\\Http\\Middleware\\ValidatePostSize.php(27): Illuminate\\Pipeline\\Pipeline->Illuminate\\Pipeline\\{closure}(Object(Illuminate\\Http\\Request))
#33 C:\\xampp\\htdocs\\kazimotoawards\\vendor\\laravel\\framework\\src\\Illuminate\\Pipeline\\Pipeline.php(167): Illuminate\\Foundation\\Http\\Middleware\\ValidatePostSize->handle(Object(Illuminate\\Http\\Request), Object(Closure))
#34 C:\\xampp\\htdocs\\kazimotoawards\\vendor\\laravel\\framework\\src\\Illuminate\\Foundation\\Http\\Middleware\\PreventRequestsDuringMaintenance.php(86): Illuminate\\Pipeline\\Pipeline->Illuminate\\Pipeline\\{closure}(Object(Illuminate\\Http\\Request))
#35 C:\\xampp\\htdocs\\kazimotoawards\\vendor\\laravel\\framework\\src\\Illuminate\\Pipeline\\Pipeline.php(167): Illuminate\\Foundation\\Http\\Middleware\\PreventRequestsDuringMaintenance->handle(Object(Illuminate\\Http\\Request), Object(Closure))
#36 C:\\xampp\\htdocs\\kazimotoawards\\vendor\\fruitcake\\laravel-cors\\src\\HandleCors.php(38): Illuminate\\Pipeline\\Pipeline->Illuminate\\Pipeline\\{closure}(Object(Illuminate\\Http\\Request))
#37 C:\\xampp\\htdocs\\kazimotoawards\\vendor\\laravel\\framework\\src\\Illuminate\\Pipeline\\Pipeline.php(167): Fruitcake\\Cors\\HandleCors->handle(Object(Illuminate\\Http\\Request), Object(Closure))
#38 C:\\xampp\\htdocs\\kazimotoawards\\vendor\\fideloper\\proxy\\src\\TrustProxies.php(57): Illuminate\\Pipeline\\Pipeline->Illuminate\\Pipeline\\{closure}(Object(Illuminate\\Http\\Request))
#39 C:\\xampp\\htdocs\\kazimotoawards\\vendor\\laravel\\framework\\src\\Illuminate\\Pipeline\\Pipeline.php(167): Fideloper\\Proxy\\TrustProxies->handle(Object(Illuminate\\Http\\Request), Object(Closure))
#40 C:\\xampp\\htdocs\\kazimotoawards\\vendor\\laravel\\framework\\src\\Illuminate\\Pipeline\\Pipeline.php(103): Illuminate\\Pipeline\\Pipeline->Illuminate\\Pipeline\\{closure}(Object(Illuminate\\Http\\Request))
#41 C:\\xampp\\htdocs\\kazimotoawards\\vendor\\laravel\\framework\\src\\Illuminate\\Foundation\\Http\\Kernel.php(142): Illuminate\\Pipeline\\Pipeline->then(Object(Closure))
#42 C:\\xampp\\htdocs\\kazimotoawards\\vendor\\laravel\\framework\\src\\Illuminate\\Foundation\\Http\\Kernel.php(111): Illuminate\\Foundation\\Http\\Kernel->sendRequestThroughRouter(Object(Illuminate\\Http\\Request))
#43 C:\\xampp\\htdocs\\kazimotoawards\\public\\index.php(51): Illuminate\\Foundation\\Http\\Kernel->handle(Object(Illuminate\\Http\\Request))
#44 C:\\xampp\\htdocs\\kazimotoawards\\server.php(21): require_once('C:\\\\xampp\\\\htdocs...')
#45 {main}
"} 
[2025-08-10 10:01:22] local.ERROR: Call to a member function count() on array {"userId":1,"exception":"[object] (Error(code: 0): Call to a member function count() on array at C:\\xampp\\htdocs\\kazimotoawards\\app\\Http\\Controllers\\ContestantController.php:242)
[stacktrace]
#0 C:\\xampp\\htdocs\\kazimotoawards\\vendor\\laravel\\framework\\src\\Illuminate\\Routing\\Controller.php(54): App\\Http\\Controllers\\ContestantController->store(Object(Illuminate\\Http\\Request))
#1 C:\\xampp\\htdocs\\kazimotoawards\\vendor\\laravel\\framework\\src\\Illuminate\\Routing\\ControllerDispatcher.php(45): Illuminate\\Routing\\Controller->callAction('store', Array)
#2 C:\\xampp\\htdocs\\kazimotoawards\\vendor\\laravel\\framework\\src\\Illuminate\\Routing\\Route.php(261): Illuminate\\Routing\\ControllerDispatcher->dispatch(Object(Illuminate\\Routing\\Route), Object(App\\Http\\Controllers\\ContestantController), 'store')
#3 C:\\xampp\\htdocs\\kazimotoawards\\vendor\\laravel\\framework\\src\\Illuminate\\Routing\\Route.php(205): Illuminate\\Routing\\Route->runController()
#4 C:\\xampp\\htdocs\\kazimotoawards\\vendor\\laravel\\framework\\src\\Illuminate\\Routing\\Router.php(721): Illuminate\\Routing\\Route->run()
#5 C:\\xampp\\htdocs\\kazimotoawards\\vendor\\laravel\\framework\\src\\Illuminate\\Pipeline\\Pipeline.php(128): Illuminate\\Routing\\Router->Illuminate\\Routing\\{closure}(Object(Illuminate\\Http\\Request))
#6 C:\\xampp\\htdocs\\kazimotoawards\\vendor\\laravel\\framework\\src\\Illuminate\\Routing\\Middleware\\SubstituteBindings.php(50): Illuminate\\Pipeline\\Pipeline->Illuminate\\Pipeline\\{closure}(Object(Illuminate\\Http\\Request))
#7 C:\\xampp\\htdocs\\kazimotoawards\\vendor\\laravel\\framework\\src\\Illuminate\\Pipeline\\Pipeline.php(167): Illuminate\\Routing\\Middleware\\SubstituteBindings->handle(Object(Illuminate\\Http\\Request), Object(Closure))
#8 C:\\xampp\\htdocs\\kazimotoawards\\vendor\\laravel\\framework\\src\\Illuminate\\Foundation\\Http\\Middleware\\VerifyCsrfToken.php(78): Illuminate\\Pipeline\\Pipeline->Illuminate\\Pipeline\\{closure}(Object(Illuminate\\Http\\Request))
#9 C:\\xampp\\htdocs\\kazimotoawards\\vendor\\laravel\\framework\\src\\Illuminate\\Pipeline\\Pipeline.php(167): Illuminate\\Foundation\\Http\\Middleware\\VerifyCsrfToken->handle(Object(Illuminate\\Http\\Request), Object(Closure))
#10 C:\\xampp\\htdocs\\kazimotoawards\\vendor\\laravel\\framework\\src\\Illuminate\\View\\Middleware\\ShareErrorsFromSession.php(49): Illuminate\\Pipeline\\Pipeline->Illuminate\\Pipeline\\{closure}(Object(Illuminate\\Http\\Request))
#11 C:\\xampp\\htdocs\\kazimotoawards\\vendor\\laravel\\framework\\src\\Illuminate\\Pipeline\\Pipeline.php(167): Illuminate\\View\\Middleware\\ShareErrorsFromSession->handle(Object(Illuminate\\Http\\Request), Object(Closure))
#12 C:\\xampp\\htdocs\\kazimotoawards\\vendor\\laravel\\framework\\src\\Illuminate\\Session\\Middleware\\StartSession.php(121): Illuminate\\Pipeline\\Pipeline->Illuminate\\Pipeline\\{closure}(Object(Illuminate\\Http\\Request))
#13 C:\\xampp\\htdocs\\kazimotoawards\\vendor\\laravel\\framework\\src\\Illuminate\\Session\\Middleware\\StartSession.php(64): Illuminate\\Session\\Middleware\\StartSession->handleStatefulRequest(Object(Illuminate\\Http\\Request), Object(Illuminate\\Session\\Store), Object(Closure))
#14 C:\\xampp\\htdocs\\kazimotoawards\\vendor\\laravel\\framework\\src\\Illuminate\\Pipeline\\Pipeline.php(167): Illuminate\\Session\\Middleware\\StartSession->handle(Object(Illuminate\\Http\\Request), Object(Closure))
#15 C:\\xampp\\htdocs\\kazimotoawards\\vendor\\laravel\\framework\\src\\Illuminate\\Cookie\\Middleware\\AddQueuedCookiesToResponse.php(37): Illuminate\\Pipeline\\Pipeline->Illuminate\\Pipeline\\{closure}(Object(Illuminate\\Http\\Request))
#16 C:\\xampp\\htdocs\\kazimotoawards\\vendor\\laravel\\framework\\src\\Illuminate\\Pipeline\\Pipeline.php(167): Illuminate\\Cookie\\Middleware\\AddQueuedCookiesToResponse->handle(Object(Illuminate\\Http\\Request), Object(Closure))
#17 C:\\xampp\\htdocs\\kazimotoawards\\vendor\\laravel\\framework\\src\\Illuminate\\Cookie\\Middleware\\EncryptCookies.php(67): Illuminate\\Pipeline\\Pipeline->Illuminate\\Pipeline\\{closure}(Object(Illuminate\\Http\\Request))
#18 C:\\xampp\\htdocs\\kazimotoawards\\vendor\\laravel\\framework\\src\\Illuminate\\Pipeline\\Pipeline.php(167): Illuminate\\Cookie\\Middleware\\EncryptCookies->handle(Object(Illuminate\\Http\\Request), Object(Closure))
#19 C:\\xampp\\htdocs\\kazimotoawards\\vendor\\laravel\\framework\\src\\Illuminate\\Pipeline\\Pipeline.php(103): Illuminate\\Pipeline\\Pipeline->Illuminate\\Pipeline\\{closure}(Object(Illuminate\\Http\\Request))
#20 C:\\xampp\\htdocs\\kazimotoawards\\vendor\\laravel\\framework\\src\\Illuminate\\Routing\\Router.php(719): Illuminate\\Pipeline\\Pipeline->then(Object(Closure))
#21 C:\\xampp\\htdocs\\kazimotoawards\\vendor\\laravel\\framework\\src\\Illuminate\\Routing\\Router.php(698): Illuminate\\Routing\\Router->runRouteWithinStack(Object(Illuminate\\Routing\\Route), Object(Illuminate\\Http\\Request))
#22 C:\\xampp\\htdocs\\kazimotoawards\\vendor\\laravel\\framework\\src\\Illuminate\\Routing\\Router.php(662): Illuminate\\Routing\\Router->runRoute(Object(Illuminate\\Http\\Request), Object(Illuminate\\Routing\\Route))
#23 C:\\xampp\\htdocs\\kazimotoawards\\vendor\\laravel\\framework\\src\\Illuminate\\Routing\\Router.php(651): Illuminate\\Routing\\Router->dispatchToRoute(Object(Illuminate\\Http\\Request))
#24 C:\\xampp\\htdocs\\kazimotoawards\\vendor\\laravel\\framework\\src\\Illuminate\\Foundation\\Http\\Kernel.php(167): Illuminate\\Routing\\Router->dispatch(Object(Illuminate\\Http\\Request))
#25 C:\\xampp\\htdocs\\kazimotoawards\\vendor\\laravel\\framework\\src\\Illuminate\\Pipeline\\Pipeline.php(128): Illuminate\\Foundation\\Http\\Kernel->Illuminate\\Foundation\\Http\\{closure}(Object(Illuminate\\Http\\Request))
#26 C:\\xampp\\htdocs\\kazimotoawards\\vendor\\laravel\\framework\\src\\Illuminate\\Foundation\\Http\\Middleware\\TransformsRequest.php(21): Illuminate\\Pipeline\\Pipeline->Illuminate\\Pipeline\\{closure}(Object(Illuminate\\Http\\Request))
#27 C:\\xampp\\htdocs\\kazimotoawards\\vendor\\laravel\\framework\\src\\Illuminate\\Foundation\\Http\\Middleware\\ConvertEmptyStringsToNull.php(31): Illuminate\\Foundation\\Http\\Middleware\\TransformsRequest->handle(Object(Illuminate\\Http\\Request), Object(Closure))
#28 C:\\xampp\\htdocs\\kazimotoawards\\vendor\\laravel\\framework\\src\\Illuminate\\Pipeline\\Pipeline.php(167): Illuminate\\Foundation\\Http\\Middleware\\ConvertEmptyStringsToNull->handle(Object(Illuminate\\Http\\Request), Object(Closure))
#29 C:\\xampp\\htdocs\\kazimotoawards\\vendor\\laravel\\framework\\src\\Illuminate\\Foundation\\Http\\Middleware\\TransformsRequest.php(21): Illuminate\\Pipeline\\Pipeline->Illuminate\\Pipeline\\{closure}(Object(Illuminate\\Http\\Request))
#30 C:\\xampp\\htdocs\\kazimotoawards\\vendor\\laravel\\framework\\src\\Illuminate\\Foundation\\Http\\Middleware\\TrimStrings.php(40): Illuminate\\Foundation\\Http\\Middleware\\TransformsRequest->handle(Object(Illuminate\\Http\\Request), Object(Closure))
#31 C:\\xampp\\htdocs\\kazimotoawards\\vendor\\laravel\\framework\\src\\Illuminate\\Pipeline\\Pipeline.php(167): Illuminate\\Foundation\\Http\\Middleware\\TrimStrings->handle(Object(Illuminate\\Http\\Request), Object(Closure))
#32 C:\\xampp\\htdocs\\kazimotoawards\\vendor\\laravel\\framework\\src\\Illuminate\\Foundation\\Http\\Middleware\\ValidatePostSize.php(27): Illuminate\\Pipeline\\Pipeline->Illuminate\\Pipeline\\{closure}(Object(Illuminate\\Http\\Request))
#33 C:\\xampp\\htdocs\\kazimotoawards\\vendor\\laravel\\framework\\src\\Illuminate\\Pipeline\\Pipeline.php(167): Illuminate\\Foundation\\Http\\Middleware\\ValidatePostSize->handle(Object(Illuminate\\Http\\Request), Object(Closure))
#34 C:\\xampp\\htdocs\\kazimotoawards\\vendor\\laravel\\framework\\src\\Illuminate\\Foundation\\Http\\Middleware\\PreventRequestsDuringMaintenance.php(86): Illuminate\\Pipeline\\Pipeline->Illuminate\\Pipeline\\{closure}(Object(Illuminate\\Http\\Request))
#35 C:\\xampp\\htdocs\\kazimotoawards\\vendor\\laravel\\framework\\src\\Illuminate\\Pipeline\\Pipeline.php(167): Illuminate\\Foundation\\Http\\Middleware\\PreventRequestsDuringMaintenance->handle(Object(Illuminate\\Http\\Request), Object(Closure))
#36 C:\\xampp\\htdocs\\kazimotoawards\\vendor\\fruitcake\\laravel-cors\\src\\HandleCors.php(38): Illuminate\\Pipeline\\Pipeline->Illuminate\\Pipeline\\{closure}(Object(Illuminate\\Http\\Request))
#37 C:\\xampp\\htdocs\\kazimotoawards\\vendor\\laravel\\framework\\src\\Illuminate\\Pipeline\\Pipeline.php(167): Fruitcake\\Cors\\HandleCors->handle(Object(Illuminate\\Http\\Request), Object(Closure))
#38 C:\\xampp\\htdocs\\kazimotoawards\\vendor\\fideloper\\proxy\\src\\TrustProxies.php(57): Illuminate\\Pipeline\\Pipeline->Illuminate\\Pipeline\\{closure}(Object(Illuminate\\Http\\Request))
#39 C:\\xampp\\htdocs\\kazimotoawards\\vendor\\laravel\\framework\\src\\Illuminate\\Pipeline\\Pipeline.php(167): Fideloper\\Proxy\\TrustProxies->handle(Object(Illuminate\\Http\\Request), Object(Closure))
#40 C:\\xampp\\htdocs\\kazimotoawards\\vendor\\laravel\\framework\\src\\Illuminate\\Pipeline\\Pipeline.php(103): Illuminate\\Pipeline\\Pipeline->Illuminate\\Pipeline\\{closure}(Object(Illuminate\\Http\\Request))
#41 C:\\xampp\\htdocs\\kazimotoawards\\vendor\\laravel\\framework\\src\\Illuminate\\Foundation\\Http\\Kernel.php(142): Illuminate\\Pipeline\\Pipeline->then(Object(Closure))
#42 C:\\xampp\\htdocs\\kazimotoawards\\vendor\\laravel\\framework\\src\\Illuminate\\Foundation\\Http\\Kernel.php(111): Illuminate\\Foundation\\Http\\Kernel->sendRequestThroughRouter(Object(Illuminate\\Http\\Request))
#43 C:\\xampp\\htdocs\\kazimotoawards\\public\\index.php(51): Illuminate\\Foundation\\Http\\Kernel->handle(Object(Illuminate\\Http\\Request))
#44 C:\\xampp\\htdocs\\kazimotoawards\\server.php(21): require_once('C:\\\\xampp\\\\htdocs...')
#45 {main}
"} 
[2025-08-10 10:01:36] local.ERROR: Call to a member function count() on array {"userId":1,"exception":"[object] (Error(code: 0): Call to a member function count() on array at C:\\xampp\\htdocs\\kazimotoawards\\app\\Http\\Controllers\\ContestantController.php:242)
[stacktrace]
#0 C:\\xampp\\htdocs\\kazimotoawards\\vendor\\laravel\\framework\\src\\Illuminate\\Routing\\Controller.php(54): App\\Http\\Controllers\\ContestantController->store(Object(Illuminate\\Http\\Request))
#1 C:\\xampp\\htdocs\\kazimotoawards\\vendor\\laravel\\framework\\src\\Illuminate\\Routing\\ControllerDispatcher.php(45): Illuminate\\Routing\\Controller->callAction('store', Array)
#2 C:\\xampp\\htdocs\\kazimotoawards\\vendor\\laravel\\framework\\src\\Illuminate\\Routing\\Route.php(261): Illuminate\\Routing\\ControllerDispatcher->dispatch(Object(Illuminate\\Routing\\Route), Object(App\\Http\\Controllers\\ContestantController), 'store')
#3 C:\\xampp\\htdocs\\kazimotoawards\\vendor\\laravel\\framework\\src\\Illuminate\\Routing\\Route.php(205): Illuminate\\Routing\\Route->runController()
#4 C:\\xampp\\htdocs\\kazimotoawards\\vendor\\laravel\\framework\\src\\Illuminate\\Routing\\Router.php(721): Illuminate\\Routing\\Route->run()
#5 C:\\xampp\\htdocs\\kazimotoawards\\vendor\\laravel\\framework\\src\\Illuminate\\Pipeline\\Pipeline.php(128): Illuminate\\Routing\\Router->Illuminate\\Routing\\{closure}(Object(Illuminate\\Http\\Request))
#6 C:\\xampp\\htdocs\\kazimotoawards\\vendor\\laravel\\framework\\src\\Illuminate\\Routing\\Middleware\\SubstituteBindings.php(50): Illuminate\\Pipeline\\Pipeline->Illuminate\\Pipeline\\{closure}(Object(Illuminate\\Http\\Request))
#7 C:\\xampp\\htdocs\\kazimotoawards\\vendor\\laravel\\framework\\src\\Illuminate\\Pipeline\\Pipeline.php(167): Illuminate\\Routing\\Middleware\\SubstituteBindings->handle(Object(Illuminate\\Http\\Request), Object(Closure))
#8 C:\\xampp\\htdocs\\kazimotoawards\\vendor\\laravel\\framework\\src\\Illuminate\\Foundation\\Http\\Middleware\\VerifyCsrfToken.php(78): Illuminate\\Pipeline\\Pipeline->Illuminate\\Pipeline\\{closure}(Object(Illuminate\\Http\\Request))
#9 C:\\xampp\\htdocs\\kazimotoawards\\vendor\\laravel\\framework\\src\\Illuminate\\Pipeline\\Pipeline.php(167): Illuminate\\Foundation\\Http\\Middleware\\VerifyCsrfToken->handle(Object(Illuminate\\Http\\Request), Object(Closure))
#10 C:\\xampp\\htdocs\\kazimotoawards\\vendor\\laravel\\framework\\src\\Illuminate\\View\\Middleware\\ShareErrorsFromSession.php(49): Illuminate\\Pipeline\\Pipeline->Illuminate\\Pipeline\\{closure}(Object(Illuminate\\Http\\Request))
#11 C:\\xampp\\htdocs\\kazimotoawards\\vendor\\laravel\\framework\\src\\Illuminate\\Pipeline\\Pipeline.php(167): Illuminate\\View\\Middleware\\ShareErrorsFromSession->handle(Object(Illuminate\\Http\\Request), Object(Closure))
#12 C:\\xampp\\htdocs\\kazimotoawards\\vendor\\laravel\\framework\\src\\Illuminate\\Session\\Middleware\\StartSession.php(121): Illuminate\\Pipeline\\Pipeline->Illuminate\\Pipeline\\{closure}(Object(Illuminate\\Http\\Request))
#13 C:\\xampp\\htdocs\\kazimotoawards\\vendor\\laravel\\framework\\src\\Illuminate\\Session\\Middleware\\StartSession.php(64): Illuminate\\Session\\Middleware\\StartSession->handleStatefulRequest(Object(Illuminate\\Http\\Request), Object(Illuminate\\Session\\Store), Object(Closure))
#14 C:\\xampp\\htdocs\\kazimotoawards\\vendor\\laravel\\framework\\src\\Illuminate\\Pipeline\\Pipeline.php(167): Illuminate\\Session\\Middleware\\StartSession->handle(Object(Illuminate\\Http\\Request), Object(Closure))
#15 C:\\xampp\\htdocs\\kazimotoawards\\vendor\\laravel\\framework\\src\\Illuminate\\Cookie\\Middleware\\AddQueuedCookiesToResponse.php(37): Illuminate\\Pipeline\\Pipeline->Illuminate\\Pipeline\\{closure}(Object(Illuminate\\Http\\Request))
#16 C:\\xampp\\htdocs\\kazimotoawards\\vendor\\laravel\\framework\\src\\Illuminate\\Pipeline\\Pipeline.php(167): Illuminate\\Cookie\\Middleware\\AddQueuedCookiesToResponse->handle(Object(Illuminate\\Http\\Request), Object(Closure))
#17 C:\\xampp\\htdocs\\kazimotoawards\\vendor\\laravel\\framework\\src\\Illuminate\\Cookie\\Middleware\\EncryptCookies.php(67): Illuminate\\Pipeline\\Pipeline->Illuminate\\Pipeline\\{closure}(Object(Illuminate\\Http\\Request))
#18 C:\\xampp\\htdocs\\kazimotoawards\\vendor\\laravel\\framework\\src\\Illuminate\\Pipeline\\Pipeline.php(167): Illuminate\\Cookie\\Middleware\\EncryptCookies->handle(Object(Illuminate\\Http\\Request), Object(Closure))
#19 C:\\xampp\\htdocs\\kazimotoawards\\vendor\\laravel\\framework\\src\\Illuminate\\Pipeline\\Pipeline.php(103): Illuminate\\Pipeline\\Pipeline->Illuminate\\Pipeline\\{closure}(Object(Illuminate\\Http\\Request))
#20 C:\\xampp\\htdocs\\kazimotoawards\\vendor\\laravel\\framework\\src\\Illuminate\\Routing\\Router.php(719): Illuminate\\Pipeline\\Pipeline->then(Object(Closure))
#21 C:\\xampp\\htdocs\\kazimotoawards\\vendor\\laravel\\framework\\src\\Illuminate\\Routing\\Router.php(698): Illuminate\\Routing\\Router->runRouteWithinStack(Object(Illuminate\\Routing\\Route), Object(Illuminate\\Http\\Request))
#22 C:\\xampp\\htdocs\\kazimotoawards\\vendor\\laravel\\framework\\src\\Illuminate\\Routing\\Router.php(662): Illuminate\\Routing\\Router->runRoute(Object(Illuminate\\Http\\Request), Object(Illuminate\\Routing\\Route))
#23 C:\\xampp\\htdocs\\kazimotoawards\\vendor\\laravel\\framework\\src\\Illuminate\\Routing\\Router.php(651): Illuminate\\Routing\\Router->dispatchToRoute(Object(Illuminate\\Http\\Request))
#24 C:\\xampp\\htdocs\\kazimotoawards\\vendor\\laravel\\framework\\src\\Illuminate\\Foundation\\Http\\Kernel.php(167): Illuminate\\Routing\\Router->dispatch(Object(Illuminate\\Http\\Request))
#25 C:\\xampp\\htdocs\\kazimotoawards\\vendor\\laravel\\framework\\src\\Illuminate\\Pipeline\\Pipeline.php(128): Illuminate\\Foundation\\Http\\Kernel->Illuminate\\Foundation\\Http\\{closure}(Object(Illuminate\\Http\\Request))
#26 C:\\xampp\\htdocs\\kazimotoawards\\vendor\\laravel\\framework\\src\\Illuminate\\Foundation\\Http\\Middleware\\TransformsRequest.php(21): Illuminate\\Pipeline\\Pipeline->Illuminate\\Pipeline\\{closure}(Object(Illuminate\\Http\\Request))
#27 C:\\xampp\\htdocs\\kazimotoawards\\vendor\\laravel\\framework\\src\\Illuminate\\Foundation\\Http\\Middleware\\ConvertEmptyStringsToNull.php(31): Illuminate\\Foundation\\Http\\Middleware\\TransformsRequest->handle(Object(Illuminate\\Http\\Request), Object(Closure))
#28 C:\\xampp\\htdocs\\kazimotoawards\\vendor\\laravel\\framework\\src\\Illuminate\\Pipeline\\Pipeline.php(167): Illuminate\\Foundation\\Http\\Middleware\\ConvertEmptyStringsToNull->handle(Object(Illuminate\\Http\\Request), Object(Closure))
#29 C:\\xampp\\htdocs\\kazimotoawards\\vendor\\laravel\\framework\\src\\Illuminate\\Foundation\\Http\\Middleware\\TransformsRequest.php(21): Illuminate\\Pipeline\\Pipeline->Illuminate\\Pipeline\\{closure}(Object(Illuminate\\Http\\Request))
#30 C:\\xampp\\htdocs\\kazimotoawards\\vendor\\laravel\\framework\\src\\Illuminate\\Foundation\\Http\\Middleware\\TrimStrings.php(40): Illuminate\\Foundation\\Http\\Middleware\\TransformsRequest->handle(Object(Illuminate\\Http\\Request), Object(Closure))
#31 C:\\xampp\\htdocs\\kazimotoawards\\vendor\\laravel\\framework\\src\\Illuminate\\Pipeline\\Pipeline.php(167): Illuminate\\Foundation\\Http\\Middleware\\TrimStrings->handle(Object(Illuminate\\Http\\Request), Object(Closure))
#32 C:\\xampp\\htdocs\\kazimotoawards\\vendor\\laravel\\framework\\src\\Illuminate\\Foundation\\Http\\Middleware\\ValidatePostSize.php(27): Illuminate\\Pipeline\\Pipeline->Illuminate\\Pipeline\\{closure}(Object(Illuminate\\Http\\Request))
#33 C:\\xampp\\htdocs\\kazimotoawards\\vendor\\laravel\\framework\\src\\Illuminate\\Pipeline\\Pipeline.php(167): Illuminate\\Foundation\\Http\\Middleware\\ValidatePostSize->handle(Object(Illuminate\\Http\\Request), Object(Closure))
#34 C:\\xampp\\htdocs\\kazimotoawards\\vendor\\laravel\\framework\\src\\Illuminate\\Foundation\\Http\\Middleware\\PreventRequestsDuringMaintenance.php(86): Illuminate\\Pipeline\\Pipeline->Illuminate\\Pipeline\\{closure}(Object(Illuminate\\Http\\Request))
#35 C:\\xampp\\htdocs\\kazimotoawards\\vendor\\laravel\\framework\\src\\Illuminate\\Pipeline\\Pipeline.php(167): Illuminate\\Foundation\\Http\\Middleware\\PreventRequestsDuringMaintenance->handle(Object(Illuminate\\Http\\Request), Object(Closure))
#36 C:\\xampp\\htdocs\\kazimotoawards\\vendor\\fruitcake\\laravel-cors\\src\\HandleCors.php(38): Illuminate\\Pipeline\\Pipeline->Illuminate\\Pipeline\\{closure}(Object(Illuminate\\Http\\Request))
#37 C:\\xampp\\htdocs\\kazimotoawards\\vendor\\laravel\\framework\\src\\Illuminate\\Pipeline\\Pipeline.php(167): Fruitcake\\Cors\\HandleCors->handle(Object(Illuminate\\Http\\Request), Object(Closure))
#38 C:\\xampp\\htdocs\\kazimotoawards\\vendor\\fideloper\\proxy\\src\\TrustProxies.php(57): Illuminate\\Pipeline\\Pipeline->Illuminate\\Pipeline\\{closure}(Object(Illuminate\\Http\\Request))
#39 C:\\xampp\\htdocs\\kazimotoawards\\vendor\\laravel\\framework\\src\\Illuminate\\Pipeline\\Pipeline.php(167): Fideloper\\Proxy\\TrustProxies->handle(Object(Illuminate\\Http\\Request), Object(Closure))
#40 C:\\xampp\\htdocs\\kazimotoawards\\vendor\\laravel\\framework\\src\\Illuminate\\Pipeline\\Pipeline.php(103): Illuminate\\Pipeline\\Pipeline->Illuminate\\Pipeline\\{closure}(Object(Illuminate\\Http\\Request))
#41 C:\\xampp\\htdocs\\kazimotoawards\\vendor\\laravel\\framework\\src\\Illuminate\\Foundation\\Http\\Kernel.php(142): Illuminate\\Pipeline\\Pipeline->then(Object(Closure))
#42 C:\\xampp\\htdocs\\kazimotoawards\\vendor\\laravel\\framework\\src\\Illuminate\\Foundation\\Http\\Kernel.php(111): Illuminate\\Foundation\\Http\\Kernel->sendRequestThroughRouter(Object(Illuminate\\Http\\Request))
#43 C:\\xampp\\htdocs\\kazimotoawards\\public\\index.php(51): Illuminate\\Foundation\\Http\\Kernel->handle(Object(Illuminate\\Http\\Request))
#44 C:\\xampp\\htdocs\\kazimotoawards\\server.php(21): require_once('C:\\\\xampp\\\\htdocs...')
#45 {main}
"} 
[2025-08-10 10:01:42] local.ERROR: Call to a member function count() on array {"userId":1,"exception":"[object] (Error(code: 0): Call to a member function count() on array at C:\\xampp\\htdocs\\kazimotoawards\\app\\Http\\Controllers\\ContestantController.php:242)
[stacktrace]
#0 C:\\xampp\\htdocs\\kazimotoawards\\vendor\\laravel\\framework\\src\\Illuminate\\Routing\\Controller.php(54): App\\Http\\Controllers\\ContestantController->store(Object(Illuminate\\Http\\Request))
#1 C:\\xampp\\htdocs\\kazimotoawards\\vendor\\laravel\\framework\\src\\Illuminate\\Routing\\ControllerDispatcher.php(45): Illuminate\\Routing\\Controller->callAction('store', Array)
#2 C:\\xampp\\htdocs\\kazimotoawards\\vendor\\laravel\\framework\\src\\Illuminate\\Routing\\Route.php(261): Illuminate\\Routing\\ControllerDispatcher->dispatch(Object(Illuminate\\Routing\\Route), Object(App\\Http\\Controllers\\ContestantController), 'store')
#3 C:\\xampp\\htdocs\\kazimotoawards\\vendor\\laravel\\framework\\src\\Illuminate\\Routing\\Route.php(205): Illuminate\\Routing\\Route->runController()
#4 C:\\xampp\\htdocs\\kazimotoawards\\vendor\\laravel\\framework\\src\\Illuminate\\Routing\\Router.php(721): Illuminate\\Routing\\Route->run()
#5 C:\\xampp\\htdocs\\kazimotoawards\\vendor\\laravel\\framework\\src\\Illuminate\\Pipeline\\Pipeline.php(128): Illuminate\\Routing\\Router->Illuminate\\Routing\\{closure}(Object(Illuminate\\Http\\Request))
#6 C:\\xampp\\htdocs\\kazimotoawards\\vendor\\laravel\\framework\\src\\Illuminate\\Routing\\Middleware\\SubstituteBindings.php(50): Illuminate\\Pipeline\\Pipeline->Illuminate\\Pipeline\\{closure}(Object(Illuminate\\Http\\Request))
#7 C:\\xampp\\htdocs\\kazimotoawards\\vendor\\laravel\\framework\\src\\Illuminate\\Pipeline\\Pipeline.php(167): Illuminate\\Routing\\Middleware\\SubstituteBindings->handle(Object(Illuminate\\Http\\Request), Object(Closure))
#8 C:\\xampp\\htdocs\\kazimotoawards\\vendor\\laravel\\framework\\src\\Illuminate\\Foundation\\Http\\Middleware\\VerifyCsrfToken.php(78): Illuminate\\Pipeline\\Pipeline->Illuminate\\Pipeline\\{closure}(Object(Illuminate\\Http\\Request))
#9 C:\\xampp\\htdocs\\kazimotoawards\\vendor\\laravel\\framework\\src\\Illuminate\\Pipeline\\Pipeline.php(167): Illuminate\\Foundation\\Http\\Middleware\\VerifyCsrfToken->handle(Object(Illuminate\\Http\\Request), Object(Closure))
#10 C:\\xampp\\htdocs\\kazimotoawards\\vendor\\laravel\\framework\\src\\Illuminate\\View\\Middleware\\ShareErrorsFromSession.php(49): Illuminate\\Pipeline\\Pipeline->Illuminate\\Pipeline\\{closure}(Object(Illuminate\\Http\\Request))
#11 C:\\xampp\\htdocs\\kazimotoawards\\vendor\\laravel\\framework\\src\\Illuminate\\Pipeline\\Pipeline.php(167): Illuminate\\View\\Middleware\\ShareErrorsFromSession->handle(Object(Illuminate\\Http\\Request), Object(Closure))
#12 C:\\xampp\\htdocs\\kazimotoawards\\vendor\\laravel\\framework\\src\\Illuminate\\Session\\Middleware\\StartSession.php(121): Illuminate\\Pipeline\\Pipeline->Illuminate\\Pipeline\\{closure}(Object(Illuminate\\Http\\Request))
#13 C:\\xampp\\htdocs\\kazimotoawards\\vendor\\laravel\\framework\\src\\Illuminate\\Session\\Middleware\\StartSession.php(64): Illuminate\\Session\\Middleware\\StartSession->handleStatefulRequest(Object(Illuminate\\Http\\Request), Object(Illuminate\\Session\\Store), Object(Closure))
#14 C:\\xampp\\htdocs\\kazimotoawards\\vendor\\laravel\\framework\\src\\Illuminate\\Pipeline\\Pipeline.php(167): Illuminate\\Session\\Middleware\\StartSession->handle(Object(Illuminate\\Http\\Request), Object(Closure))
#15 C:\\xampp\\htdocs\\kazimotoawards\\vendor\\laravel\\framework\\src\\Illuminate\\Cookie\\Middleware\\AddQueuedCookiesToResponse.php(37): Illuminate\\Pipeline\\Pipeline->Illuminate\\Pipeline\\{closure}(Object(Illuminate\\Http\\Request))
#16 C:\\xampp\\htdocs\\kazimotoawards\\vendor\\laravel\\framework\\src\\Illuminate\\Pipeline\\Pipeline.php(167): Illuminate\\Cookie\\Middleware\\AddQueuedCookiesToResponse->handle(Object(Illuminate\\Http\\Request), Object(Closure))
#17 C:\\xampp\\htdocs\\kazimotoawards\\vendor\\laravel\\framework\\src\\Illuminate\\Cookie\\Middleware\\EncryptCookies.php(67): Illuminate\\Pipeline\\Pipeline->Illuminate\\Pipeline\\{closure}(Object(Illuminate\\Http\\Request))
#18 C:\\xampp\\htdocs\\kazimotoawards\\vendor\\laravel\\framework\\src\\Illuminate\\Pipeline\\Pipeline.php(167): Illuminate\\Cookie\\Middleware\\EncryptCookies->handle(Object(Illuminate\\Http\\Request), Object(Closure))
#19 C:\\xampp\\htdocs\\kazimotoawards\\vendor\\laravel\\framework\\src\\Illuminate\\Pipeline\\Pipeline.php(103): Illuminate\\Pipeline\\Pipeline->Illuminate\\Pipeline\\{closure}(Object(Illuminate\\Http\\Request))
#20 C:\\xampp\\htdocs\\kazimotoawards\\vendor\\laravel\\framework\\src\\Illuminate\\Routing\\Router.php(719): Illuminate\\Pipeline\\Pipeline->then(Object(Closure))
#21 C:\\xampp\\htdocs\\kazimotoawards\\vendor\\laravel\\framework\\src\\Illuminate\\Routing\\Router.php(698): Illuminate\\Routing\\Router->runRouteWithinStack(Object(Illuminate\\Routing\\Route), Object(Illuminate\\Http\\Request))
#22 C:\\xampp\\htdocs\\kazimotoawards\\vendor\\laravel\\framework\\src\\Illuminate\\Routing\\Router.php(662): Illuminate\\Routing\\Router->runRoute(Object(Illuminate\\Http\\Request), Object(Illuminate\\Routing\\Route))
#23 C:\\xampp\\htdocs\\kazimotoawards\\vendor\\laravel\\framework\\src\\Illuminate\\Routing\\Router.php(651): Illuminate\\Routing\\Router->dispatchToRoute(Object(Illuminate\\Http\\Request))
#24 C:\\xampp\\htdocs\\kazimotoawards\\vendor\\laravel\\framework\\src\\Illuminate\\Foundation\\Http\\Kernel.php(167): Illuminate\\Routing\\Router->dispatch(Object(Illuminate\\Http\\Request))
#25 C:\\xampp\\htdocs\\kazimotoawards\\vendor\\laravel\\framework\\src\\Illuminate\\Pipeline\\Pipeline.php(128): Illuminate\\Foundation\\Http\\Kernel->Illuminate\\Foundation\\Http\\{closure}(Object(Illuminate\\Http\\Request))
#26 C:\\xampp\\htdocs\\kazimotoawards\\vendor\\laravel\\framework\\src\\Illuminate\\Foundation\\Http\\Middleware\\TransformsRequest.php(21): Illuminate\\Pipeline\\Pipeline->Illuminate\\Pipeline\\{closure}(Object(Illuminate\\Http\\Request))
#27 C:\\xampp\\htdocs\\kazimotoawards\\vendor\\laravel\\framework\\src\\Illuminate\\Foundation\\Http\\Middleware\\ConvertEmptyStringsToNull.php(31): Illuminate\\Foundation\\Http\\Middleware\\TransformsRequest->handle(Object(Illuminate\\Http\\Request), Object(Closure))
#28 C:\\xampp\\htdocs\\kazimotoawards\\vendor\\laravel\\framework\\src\\Illuminate\\Pipeline\\Pipeline.php(167): Illuminate\\Foundation\\Http\\Middleware\\ConvertEmptyStringsToNull->handle(Object(Illuminate\\Http\\Request), Object(Closure))
#29 C:\\xampp\\htdocs\\kazimotoawards\\vendor\\laravel\\framework\\src\\Illuminate\\Foundation\\Http\\Middleware\\TransformsRequest.php(21): Illuminate\\Pipeline\\Pipeline->Illuminate\\Pipeline\\{closure}(Object(Illuminate\\Http\\Request))
#30 C:\\xampp\\htdocs\\kazimotoawards\\vendor\\laravel\\framework\\src\\Illuminate\\Foundation\\Http\\Middleware\\TrimStrings.php(40): Illuminate\\Foundation\\Http\\Middleware\\TransformsRequest->handle(Object(Illuminate\\Http\\Request), Object(Closure))
#31 C:\\xampp\\htdocs\\kazimotoawards\\vendor\\laravel\\framework\\src\\Illuminate\\Pipeline\\Pipeline.php(167): Illuminate\\Foundation\\Http\\Middleware\\TrimStrings->handle(Object(Illuminate\\Http\\Request), Object(Closure))
#32 C:\\xampp\\htdocs\\kazimotoawards\\vendor\\laravel\\framework\\src\\Illuminate\\Foundation\\Http\\Middleware\\ValidatePostSize.php(27): Illuminate\\Pipeline\\Pipeline->Illuminate\\Pipeline\\{closure}(Object(Illuminate\\Http\\Request))
#33 C:\\xampp\\htdocs\\kazimotoawards\\vendor\\laravel\\framework\\src\\Illuminate\\Pipeline\\Pipeline.php(167): Illuminate\\Foundation\\Http\\Middleware\\ValidatePostSize->handle(Object(Illuminate\\Http\\Request), Object(Closure))
#34 C:\\xampp\\htdocs\\kazimotoawards\\vendor\\laravel\\framework\\src\\Illuminate\\Foundation\\Http\\Middleware\\PreventRequestsDuringMaintenance.php(86): Illuminate\\Pipeline\\Pipeline->Illuminate\\Pipeline\\{closure}(Object(Illuminate\\Http\\Request))
#35 C:\\xampp\\htdocs\\kazimotoawards\\vendor\\laravel\\framework\\src\\Illuminate\\Pipeline\\Pipeline.php(167): Illuminate\\Foundation\\Http\\Middleware\\PreventRequestsDuringMaintenance->handle(Object(Illuminate\\Http\\Request), Object(Closure))
#36 C:\\xampp\\htdocs\\kazimotoawards\\vendor\\fruitcake\\laravel-cors\\src\\HandleCors.php(38): Illuminate\\Pipeline\\Pipeline->Illuminate\\Pipeline\\{closure}(Object(Illuminate\\Http\\Request))
#37 C:\\xampp\\htdocs\\kazimotoawards\\vendor\\laravel\\framework\\src\\Illuminate\\Pipeline\\Pipeline.php(167): Fruitcake\\Cors\\HandleCors->handle(Object(Illuminate\\Http\\Request), Object(Closure))
#38 C:\\xampp\\htdocs\\kazimotoawards\\vendor\\fideloper\\proxy\\src\\TrustProxies.php(57): Illuminate\\Pipeline\\Pipeline->Illuminate\\Pipeline\\{closure}(Object(Illuminate\\Http\\Request))
#39 C:\\xampp\\htdocs\\kazimotoawards\\vendor\\laravel\\framework\\src\\Illuminate\\Pipeline\\Pipeline.php(167): Fideloper\\Proxy\\TrustProxies->handle(Object(Illuminate\\Http\\Request), Object(Closure))
#40 C:\\xampp\\htdocs\\kazimotoawards\\vendor\\laravel\\framework\\src\\Illuminate\\Pipeline\\Pipeline.php(103): Illuminate\\Pipeline\\Pipeline->Illuminate\\Pipeline\\{closure}(Object(Illuminate\\Http\\Request))
#41 C:\\xampp\\htdocs\\kazimotoawards\\vendor\\laravel\\framework\\src\\Illuminate\\Foundation\\Http\\Kernel.php(142): Illuminate\\Pipeline\\Pipeline->then(Object(Closure))
#42 C:\\xampp\\htdocs\\kazimotoawards\\vendor\\laravel\\framework\\src\\Illuminate\\Foundation\\Http\\Kernel.php(111): Illuminate\\Foundation\\Http\\Kernel->sendRequestThroughRouter(Object(Illuminate\\Http\\Request))
#43 C:\\xampp\\htdocs\\kazimotoawards\\public\\index.php(51): Illuminate\\Foundation\\Http\\Kernel->handle(Object(Illuminate\\Http\\Request))
#44 C:\\xampp\\htdocs\\kazimotoawards\\server.php(21): require_once('C:\\\\xampp\\\\htdocs...')
#45 {main}
"} 
[2025-08-10 10:02:45] local.ERROR: Call to a member function count() on array {"userId":1,"exception":"[object] (Error(code: 0): Call to a member function count() on array at C:\\xampp\\htdocs\\kazimotoawards\\app\\Http\\Controllers\\ContestantController.php:242)
[stacktrace]
#0 C:\\xampp\\htdocs\\kazimotoawards\\vendor\\laravel\\framework\\src\\Illuminate\\Routing\\Controller.php(54): App\\Http\\Controllers\\ContestantController->store(Object(Illuminate\\Http\\Request))
#1 C:\\xampp\\htdocs\\kazimotoawards\\vendor\\laravel\\framework\\src\\Illuminate\\Routing\\ControllerDispatcher.php(45): Illuminate\\Routing\\Controller->callAction('store', Array)
#2 C:\\xampp\\htdocs\\kazimotoawards\\vendor\\laravel\\framework\\src\\Illuminate\\Routing\\Route.php(261): Illuminate\\Routing\\ControllerDispatcher->dispatch(Object(Illuminate\\Routing\\Route), Object(App\\Http\\Controllers\\ContestantController), 'store')
#3 C:\\xampp\\htdocs\\kazimotoawards\\vendor\\laravel\\framework\\src\\Illuminate\\Routing\\Route.php(205): Illuminate\\Routing\\Route->runController()
#4 C:\\xampp\\htdocs\\kazimotoawards\\vendor\\laravel\\framework\\src\\Illuminate\\Routing\\Router.php(721): Illuminate\\Routing\\Route->run()
#5 C:\\xampp\\htdocs\\kazimotoawards\\vendor\\laravel\\framework\\src\\Illuminate\\Pipeline\\Pipeline.php(128): Illuminate\\Routing\\Router->Illuminate\\Routing\\{closure}(Object(Illuminate\\Http\\Request))
#6 C:\\xampp\\htdocs\\kazimotoawards\\vendor\\laravel\\framework\\src\\Illuminate\\Routing\\Middleware\\SubstituteBindings.php(50): Illuminate\\Pipeline\\Pipeline->Illuminate\\Pipeline\\{closure}(Object(Illuminate\\Http\\Request))
#7 C:\\xampp\\htdocs\\kazimotoawards\\vendor\\laravel\\framework\\src\\Illuminate\\Pipeline\\Pipeline.php(167): Illuminate\\Routing\\Middleware\\SubstituteBindings->handle(Object(Illuminate\\Http\\Request), Object(Closure))
#8 C:\\xampp\\htdocs\\kazimotoawards\\vendor\\laravel\\framework\\src\\Illuminate\\Foundation\\Http\\Middleware\\VerifyCsrfToken.php(78): Illuminate\\Pipeline\\Pipeline->Illuminate\\Pipeline\\{closure}(Object(Illuminate\\Http\\Request))
#9 C:\\xampp\\htdocs\\kazimotoawards\\vendor\\laravel\\framework\\src\\Illuminate\\Pipeline\\Pipeline.php(167): Illuminate\\Foundation\\Http\\Middleware\\VerifyCsrfToken->handle(Object(Illuminate\\Http\\Request), Object(Closure))
#10 C:\\xampp\\htdocs\\kazimotoawards\\vendor\\laravel\\framework\\src\\Illuminate\\View\\Middleware\\ShareErrorsFromSession.php(49): Illuminate\\Pipeline\\Pipeline->Illuminate\\Pipeline\\{closure}(Object(Illuminate\\Http\\Request))
#11 C:\\xampp\\htdocs\\kazimotoawards\\vendor\\laravel\\framework\\src\\Illuminate\\Pipeline\\Pipeline.php(167): Illuminate\\View\\Middleware\\ShareErrorsFromSession->handle(Object(Illuminate\\Http\\Request), Object(Closure))
#12 C:\\xampp\\htdocs\\kazimotoawards\\vendor\\laravel\\framework\\src\\Illuminate\\Session\\Middleware\\StartSession.php(121): Illuminate\\Pipeline\\Pipeline->Illuminate\\Pipeline\\{closure}(Object(Illuminate\\Http\\Request))
#13 C:\\xampp\\htdocs\\kazimotoawards\\vendor\\laravel\\framework\\src\\Illuminate\\Session\\Middleware\\StartSession.php(64): Illuminate\\Session\\Middleware\\StartSession->handleStatefulRequest(Object(Illuminate\\Http\\Request), Object(Illuminate\\Session\\Store), Object(Closure))
#14 C:\\xampp\\htdocs\\kazimotoawards\\vendor\\laravel\\framework\\src\\Illuminate\\Pipeline\\Pipeline.php(167): Illuminate\\Session\\Middleware\\StartSession->handle(Object(Illuminate\\Http\\Request), Object(Closure))
#15 C:\\xampp\\htdocs\\kazimotoawards\\vendor\\laravel\\framework\\src\\Illuminate\\Cookie\\Middleware\\AddQueuedCookiesToResponse.php(37): Illuminate\\Pipeline\\Pipeline->Illuminate\\Pipeline\\{closure}(Object(Illuminate\\Http\\Request))
#16 C:\\xampp\\htdocs\\kazimotoawards\\vendor\\laravel\\framework\\src\\Illuminate\\Pipeline\\Pipeline.php(167): Illuminate\\Cookie\\Middleware\\AddQueuedCookiesToResponse->handle(Object(Illuminate\\Http\\Request), Object(Closure))
#17 C:\\xampp\\htdocs\\kazimotoawards\\vendor\\laravel\\framework\\src\\Illuminate\\Cookie\\Middleware\\EncryptCookies.php(67): Illuminate\\Pipeline\\Pipeline->Illuminate\\Pipeline\\{closure}(Object(Illuminate\\Http\\Request))
#18 C:\\xampp\\htdocs\\kazimotoawards\\vendor\\laravel\\framework\\src\\Illuminate\\Pipeline\\Pipeline.php(167): Illuminate\\Cookie\\Middleware\\EncryptCookies->handle(Object(Illuminate\\Http\\Request), Object(Closure))
#19 C:\\xampp\\htdocs\\kazimotoawards\\vendor\\laravel\\framework\\src\\Illuminate\\Pipeline\\Pipeline.php(103): Illuminate\\Pipeline\\Pipeline->Illuminate\\Pipeline\\{closure}(Object(Illuminate\\Http\\Request))
#20 C:\\xampp\\htdocs\\kazimotoawards\\vendor\\laravel\\framework\\src\\Illuminate\\Routing\\Router.php(719): Illuminate\\Pipeline\\Pipeline->then(Object(Closure))
#21 C:\\xampp\\htdocs\\kazimotoawards\\vendor\\laravel\\framework\\src\\Illuminate\\Routing\\Router.php(698): Illuminate\\Routing\\Router->runRouteWithinStack(Object(Illuminate\\Routing\\Route), Object(Illuminate\\Http\\Request))
#22 C:\\xampp\\htdocs\\kazimotoawards\\vendor\\laravel\\framework\\src\\Illuminate\\Routing\\Router.php(662): Illuminate\\Routing\\Router->runRoute(Object(Illuminate\\Http\\Request), Object(Illuminate\\Routing\\Route))
#23 C:\\xampp\\htdocs\\kazimotoawards\\vendor\\laravel\\framework\\src\\Illuminate\\Routing\\Router.php(651): Illuminate\\Routing\\Router->dispatchToRoute(Object(Illuminate\\Http\\Request))
#24 C:\\xampp\\htdocs\\kazimotoawards\\vendor\\laravel\\framework\\src\\Illuminate\\Foundation\\Http\\Kernel.php(167): Illuminate\\Routing\\Router->dispatch(Object(Illuminate\\Http\\Request))
#25 C:\\xampp\\htdocs\\kazimotoawards\\vendor\\laravel\\framework\\src\\Illuminate\\Pipeline\\Pipeline.php(128): Illuminate\\Foundation\\Http\\Kernel->Illuminate\\Foundation\\Http\\{closure}(Object(Illuminate\\Http\\Request))
#26 C:\\xampp\\htdocs\\kazimotoawards\\vendor\\laravel\\framework\\src\\Illuminate\\Foundation\\Http\\Middleware\\TransformsRequest.php(21): Illuminate\\Pipeline\\Pipeline->Illuminate\\Pipeline\\{closure}(Object(Illuminate\\Http\\Request))
#27 C:\\xampp\\htdocs\\kazimotoawards\\vendor\\laravel\\framework\\src\\Illuminate\\Foundation\\Http\\Middleware\\ConvertEmptyStringsToNull.php(31): Illuminate\\Foundation\\Http\\Middleware\\TransformsRequest->handle(Object(Illuminate\\Http\\Request), Object(Closure))
#28 C:\\xampp\\htdocs\\kazimotoawards\\vendor\\laravel\\framework\\src\\Illuminate\\Pipeline\\Pipeline.php(167): Illuminate\\Foundation\\Http\\Middleware\\ConvertEmptyStringsToNull->handle(Object(Illuminate\\Http\\Request), Object(Closure))
#29 C:\\xampp\\htdocs\\kazimotoawards\\vendor\\laravel\\framework\\src\\Illuminate\\Foundation\\Http\\Middleware\\TransformsRequest.php(21): Illuminate\\Pipeline\\Pipeline->Illuminate\\Pipeline\\{closure}(Object(Illuminate\\Http\\Request))
#30 C:\\xampp\\htdocs\\kazimotoawards\\vendor\\laravel\\framework\\src\\Illuminate\\Foundation\\Http\\Middleware\\TrimStrings.php(40): Illuminate\\Foundation\\Http\\Middleware\\TransformsRequest->handle(Object(Illuminate\\Http\\Request), Object(Closure))
#31 C:\\xampp\\htdocs\\kazimotoawards\\vendor\\laravel\\framework\\src\\Illuminate\\Pipeline\\Pipeline.php(167): Illuminate\\Foundation\\Http\\Middleware\\TrimStrings->handle(Object(Illuminate\\Http\\Request), Object(Closure))
#32 C:\\xampp\\htdocs\\kazimotoawards\\vendor\\laravel\\framework\\src\\Illuminate\\Foundation\\Http\\Middleware\\ValidatePostSize.php(27): Illuminate\\Pipeline\\Pipeline->Illuminate\\Pipeline\\{closure}(Object(Illuminate\\Http\\Request))
#33 C:\\xampp\\htdocs\\kazimotoawards\\vendor\\laravel\\framework\\src\\Illuminate\\Pipeline\\Pipeline.php(167): Illuminate\\Foundation\\Http\\Middleware\\ValidatePostSize->handle(Object(Illuminate\\Http\\Request), Object(Closure))
#34 C:\\xampp\\htdocs\\kazimotoawards\\vendor\\laravel\\framework\\src\\Illuminate\\Foundation\\Http\\Middleware\\PreventRequestsDuringMaintenance.php(86): Illuminate\\Pipeline\\Pipeline->Illuminate\\Pipeline\\{closure}(Object(Illuminate\\Http\\Request))
#35 C:\\xampp\\htdocs\\kazimotoawards\\vendor\\laravel\\framework\\src\\Illuminate\\Pipeline\\Pipeline.php(167): Illuminate\\Foundation\\Http\\Middleware\\PreventRequestsDuringMaintenance->handle(Object(Illuminate\\Http\\Request), Object(Closure))
#36 C:\\xampp\\htdocs\\kazimotoawards\\vendor\\fruitcake\\laravel-cors\\src\\HandleCors.php(38): Illuminate\\Pipeline\\Pipeline->Illuminate\\Pipeline\\{closure}(Object(Illuminate\\Http\\Request))
#37 C:\\xampp\\htdocs\\kazimotoawards\\vendor\\laravel\\framework\\src\\Illuminate\\Pipeline\\Pipeline.php(167): Fruitcake\\Cors\\HandleCors->handle(Object(Illuminate\\Http\\Request), Object(Closure))
#38 C:\\xampp\\htdocs\\kazimotoawards\\vendor\\fideloper\\proxy\\src\\TrustProxies.php(57): Illuminate\\Pipeline\\Pipeline->Illuminate\\Pipeline\\{closure}(Object(Illuminate\\Http\\Request))
#39 C:\\xampp\\htdocs\\kazimotoawards\\vendor\\laravel\\framework\\src\\Illuminate\\Pipeline\\Pipeline.php(167): Fideloper\\Proxy\\TrustProxies->handle(Object(Illuminate\\Http\\Request), Object(Closure))
#40 C:\\xampp\\htdocs\\kazimotoawards\\vendor\\laravel\\framework\\src\\Illuminate\\Pipeline\\Pipeline.php(103): Illuminate\\Pipeline\\Pipeline->Illuminate\\Pipeline\\{closure}(Object(Illuminate\\Http\\Request))
#41 C:\\xampp\\htdocs\\kazimotoawards\\vendor\\laravel\\framework\\src\\Illuminate\\Foundation\\Http\\Kernel.php(142): Illuminate\\Pipeline\\Pipeline->then(Object(Closure))
#42 C:\\xampp\\htdocs\\kazimotoawards\\vendor\\laravel\\framework\\src\\Illuminate\\Foundation\\Http\\Kernel.php(111): Illuminate\\Foundation\\Http\\Kernel->sendRequestThroughRouter(Object(Illuminate\\Http\\Request))
#43 C:\\xampp\\htdocs\\kazimotoawards\\public\\index.php(51): Illuminate\\Foundation\\Http\\Kernel->handle(Object(Illuminate\\Http\\Request))
#44 C:\\xampp\\htdocs\\kazimotoawards\\server.php(21): require_once('C:\\\\xampp\\\\htdocs...')
#45 {main}
"} 
[2025-08-10 10:02:51] local.ERROR: Call to a member function count() on array {"userId":1,"exception":"[object] (Error(code: 0): Call to a member function count() on array at C:\\xampp\\htdocs\\kazimotoawards\\app\\Http\\Controllers\\ContestantController.php:242)
[stacktrace]
#0 C:\\xampp\\htdocs\\kazimotoawards\\vendor\\laravel\\framework\\src\\Illuminate\\Routing\\Controller.php(54): App\\Http\\Controllers\\ContestantController->store(Object(Illuminate\\Http\\Request))
#1 C:\\xampp\\htdocs\\kazimotoawards\\vendor\\laravel\\framework\\src\\Illuminate\\Routing\\ControllerDispatcher.php(45): Illuminate\\Routing\\Controller->callAction('store', Array)
#2 C:\\xampp\\htdocs\\kazimotoawards\\vendor\\laravel\\framework\\src\\Illuminate\\Routing\\Route.php(261): Illuminate\\Routing\\ControllerDispatcher->dispatch(Object(Illuminate\\Routing\\Route), Object(App\\Http\\Controllers\\ContestantController), 'store')
#3 C:\\xampp\\htdocs\\kazimotoawards\\vendor\\laravel\\framework\\src\\Illuminate\\Routing\\Route.php(205): Illuminate\\Routing\\Route->runController()
#4 C:\\xampp\\htdocs\\kazimotoawards\\vendor\\laravel\\framework\\src\\Illuminate\\Routing\\Router.php(721): Illuminate\\Routing\\Route->run()
#5 C:\\xampp\\htdocs\\kazimotoawards\\vendor\\laravel\\framework\\src\\Illuminate\\Pipeline\\Pipeline.php(128): Illuminate\\Routing\\Router->Illuminate\\Routing\\{closure}(Object(Illuminate\\Http\\Request))
#6 C:\\xampp\\htdocs\\kazimotoawards\\vendor\\laravel\\framework\\src\\Illuminate\\Routing\\Middleware\\SubstituteBindings.php(50): Illuminate\\Pipeline\\Pipeline->Illuminate\\Pipeline\\{closure}(Object(Illuminate\\Http\\Request))
#7 C:\\xampp\\htdocs\\kazimotoawards\\vendor\\laravel\\framework\\src\\Illuminate\\Pipeline\\Pipeline.php(167): Illuminate\\Routing\\Middleware\\SubstituteBindings->handle(Object(Illuminate\\Http\\Request), Object(Closure))
#8 C:\\xampp\\htdocs\\kazimotoawards\\vendor\\laravel\\framework\\src\\Illuminate\\Foundation\\Http\\Middleware\\VerifyCsrfToken.php(78): Illuminate\\Pipeline\\Pipeline->Illuminate\\Pipeline\\{closure}(Object(Illuminate\\Http\\Request))
#9 C:\\xampp\\htdocs\\kazimotoawards\\vendor\\laravel\\framework\\src\\Illuminate\\Pipeline\\Pipeline.php(167): Illuminate\\Foundation\\Http\\Middleware\\VerifyCsrfToken->handle(Object(Illuminate\\Http\\Request), Object(Closure))
#10 C:\\xampp\\htdocs\\kazimotoawards\\vendor\\laravel\\framework\\src\\Illuminate\\View\\Middleware\\ShareErrorsFromSession.php(49): Illuminate\\Pipeline\\Pipeline->Illuminate\\Pipeline\\{closure}(Object(Illuminate\\Http\\Request))
#11 C:\\xampp\\htdocs\\kazimotoawards\\vendor\\laravel\\framework\\src\\Illuminate\\Pipeline\\Pipeline.php(167): Illuminate\\View\\Middleware\\ShareErrorsFromSession->handle(Object(Illuminate\\Http\\Request), Object(Closure))
#12 C:\\xampp\\htdocs\\kazimotoawards\\vendor\\laravel\\framework\\src\\Illuminate\\Session\\Middleware\\StartSession.php(121): Illuminate\\Pipeline\\Pipeline->Illuminate\\Pipeline\\{closure}(Object(Illuminate\\Http\\Request))
#13 C:\\xampp\\htdocs\\kazimotoawards\\vendor\\laravel\\framework\\src\\Illuminate\\Session\\Middleware\\StartSession.php(64): Illuminate\\Session\\Middleware\\StartSession->handleStatefulRequest(Object(Illuminate\\Http\\Request), Object(Illuminate\\Session\\Store), Object(Closure))
#14 C:\\xampp\\htdocs\\kazimotoawards\\vendor\\laravel\\framework\\src\\Illuminate\\Pipeline\\Pipeline.php(167): Illuminate\\Session\\Middleware\\StartSession->handle(Object(Illuminate\\Http\\Request), Object(Closure))
#15 C:\\xampp\\htdocs\\kazimotoawards\\vendor\\laravel\\framework\\src\\Illuminate\\Cookie\\Middleware\\AddQueuedCookiesToResponse.php(37): Illuminate\\Pipeline\\Pipeline->Illuminate\\Pipeline\\{closure}(Object(Illuminate\\Http\\Request))
#16 C:\\xampp\\htdocs\\kazimotoawards\\vendor\\laravel\\framework\\src\\Illuminate\\Pipeline\\Pipeline.php(167): Illuminate\\Cookie\\Middleware\\AddQueuedCookiesToResponse->handle(Object(Illuminate\\Http\\Request), Object(Closure))
#17 C:\\xampp\\htdocs\\kazimotoawards\\vendor\\laravel\\framework\\src\\Illuminate\\Cookie\\Middleware\\EncryptCookies.php(67): Illuminate\\Pipeline\\Pipeline->Illuminate\\Pipeline\\{closure}(Object(Illuminate\\Http\\Request))
#18 C:\\xampp\\htdocs\\kazimotoawards\\vendor\\laravel\\framework\\src\\Illuminate\\Pipeline\\Pipeline.php(167): Illuminate\\Cookie\\Middleware\\EncryptCookies->handle(Object(Illuminate\\Http\\Request), Object(Closure))
#19 C:\\xampp\\htdocs\\kazimotoawards\\vendor\\laravel\\framework\\src\\Illuminate\\Pipeline\\Pipeline.php(103): Illuminate\\Pipeline\\Pipeline->Illuminate\\Pipeline\\{closure}(Object(Illuminate\\Http\\Request))
#20 C:\\xampp\\htdocs\\kazimotoawards\\vendor\\laravel\\framework\\src\\Illuminate\\Routing\\Router.php(719): Illuminate\\Pipeline\\Pipeline->then(Object(Closure))
#21 C:\\xampp\\htdocs\\kazimotoawards\\vendor\\laravel\\framework\\src\\Illuminate\\Routing\\Router.php(698): Illuminate\\Routing\\Router->runRouteWithinStack(Object(Illuminate\\Routing\\Route), Object(Illuminate\\Http\\Request))
#22 C:\\xampp\\htdocs\\kazimotoawards\\vendor\\laravel\\framework\\src\\Illuminate\\Routing\\Router.php(662): Illuminate\\Routing\\Router->runRoute(Object(Illuminate\\Http\\Request), Object(Illuminate\\Routing\\Route))
#23 C:\\xampp\\htdocs\\kazimotoawards\\vendor\\laravel\\framework\\src\\Illuminate\\Routing\\Router.php(651): Illuminate\\Routing\\Router->dispatchToRoute(Object(Illuminate\\Http\\Request))
#24 C:\\xampp\\htdocs\\kazimotoawards\\vendor\\laravel\\framework\\src\\Illuminate\\Foundation\\Http\\Kernel.php(167): Illuminate\\Routing\\Router->dispatch(Object(Illuminate\\Http\\Request))
#25 C:\\xampp\\htdocs\\kazimotoawards\\vendor\\laravel\\framework\\src\\Illuminate\\Pipeline\\Pipeline.php(128): Illuminate\\Foundation\\Http\\Kernel->Illuminate\\Foundation\\Http\\{closure}(Object(Illuminate\\Http\\Request))
#26 C:\\xampp\\htdocs\\kazimotoawards\\vendor\\laravel\\framework\\src\\Illuminate\\Foundation\\Http\\Middleware\\TransformsRequest.php(21): Illuminate\\Pipeline\\Pipeline->Illuminate\\Pipeline\\{closure}(Object(Illuminate\\Http\\Request))
#27 C:\\xampp\\htdocs\\kazimotoawards\\vendor\\laravel\\framework\\src\\Illuminate\\Foundation\\Http\\Middleware\\ConvertEmptyStringsToNull.php(31): Illuminate\\Foundation\\Http\\Middleware\\TransformsRequest->handle(Object(Illuminate\\Http\\Request), Object(Closure))
#28 C:\\xampp\\htdocs\\kazimotoawards\\vendor\\laravel\\framework\\src\\Illuminate\\Pipeline\\Pipeline.php(167): Illuminate\\Foundation\\Http\\Middleware\\ConvertEmptyStringsToNull->handle(Object(Illuminate\\Http\\Request), Object(Closure))
#29 C:\\xampp\\htdocs\\kazimotoawards\\vendor\\laravel\\framework\\src\\Illuminate\\Foundation\\Http\\Middleware\\TransformsRequest.php(21): Illuminate\\Pipeline\\Pipeline->Illuminate\\Pipeline\\{closure}(Object(Illuminate\\Http\\Request))
#30 C:\\xampp\\htdocs\\kazimotoawards\\vendor\\laravel\\framework\\src\\Illuminate\\Foundation\\Http\\Middleware\\TrimStrings.php(40): Illuminate\\Foundation\\Http\\Middleware\\TransformsRequest->handle(Object(Illuminate\\Http\\Request), Object(Closure))
#31 C:\\xampp\\htdocs\\kazimotoawards\\vendor\\laravel\\framework\\src\\Illuminate\\Pipeline\\Pipeline.php(167): Illuminate\\Foundation\\Http\\Middleware\\TrimStrings->handle(Object(Illuminate\\Http\\Request), Object(Closure))
#32 C:\\xampp\\htdocs\\kazimotoawards\\vendor\\laravel\\framework\\src\\Illuminate\\Foundation\\Http\\Middleware\\ValidatePostSize.php(27): Illuminate\\Pipeline\\Pipeline->Illuminate\\Pipeline\\{closure}(Object(Illuminate\\Http\\Request))
#33 C:\\xampp\\htdocs\\kazimotoawards\\vendor\\laravel\\framework\\src\\Illuminate\\Pipeline\\Pipeline.php(167): Illuminate\\Foundation\\Http\\Middleware\\ValidatePostSize->handle(Object(Illuminate\\Http\\Request), Object(Closure))
#34 C:\\xampp\\htdocs\\kazimotoawards\\vendor\\laravel\\framework\\src\\Illuminate\\Foundation\\Http\\Middleware\\PreventRequestsDuringMaintenance.php(86): Illuminate\\Pipeline\\Pipeline->Illuminate\\Pipeline\\{closure}(Object(Illuminate\\Http\\Request))
#35 C:\\xampp\\htdocs\\kazimotoawards\\vendor\\laravel\\framework\\src\\Illuminate\\Pipeline\\Pipeline.php(167): Illuminate\\Foundation\\Http\\Middleware\\PreventRequestsDuringMaintenance->handle(Object(Illuminate\\Http\\Request), Object(Closure))
#36 C:\\xampp\\htdocs\\kazimotoawards\\vendor\\fruitcake\\laravel-cors\\src\\HandleCors.php(38): Illuminate\\Pipeline\\Pipeline->Illuminate\\Pipeline\\{closure}(Object(Illuminate\\Http\\Request))
#37 C:\\xampp\\htdocs\\kazimotoawards\\vendor\\laravel\\framework\\src\\Illuminate\\Pipeline\\Pipeline.php(167): Fruitcake\\Cors\\HandleCors->handle(Object(Illuminate\\Http\\Request), Object(Closure))
#38 C:\\xampp\\htdocs\\kazimotoawards\\vendor\\fideloper\\proxy\\src\\TrustProxies.php(57): Illuminate\\Pipeline\\Pipeline->Illuminate\\Pipeline\\{closure}(Object(Illuminate\\Http\\Request))
#39 C:\\xampp\\htdocs\\kazimotoawards\\vendor\\laravel\\framework\\src\\Illuminate\\Pipeline\\Pipeline.php(167): Fideloper\\Proxy\\TrustProxies->handle(Object(Illuminate\\Http\\Request), Object(Closure))
#40 C:\\xampp\\htdocs\\kazimotoawards\\vendor\\laravel\\framework\\src\\Illuminate\\Pipeline\\Pipeline.php(103): Illuminate\\Pipeline\\Pipeline->Illuminate\\Pipeline\\{closure}(Object(Illuminate\\Http\\Request))
#41 C:\\xampp\\htdocs\\kazimotoawards\\vendor\\laravel\\framework\\src\\Illuminate\\Foundation\\Http\\Kernel.php(142): Illuminate\\Pipeline\\Pipeline->then(Object(Closure))
#42 C:\\xampp\\htdocs\\kazimotoawards\\vendor\\laravel\\framework\\src\\Illuminate\\Foundation\\Http\\Kernel.php(111): Illuminate\\Foundation\\Http\\Kernel->sendRequestThroughRouter(Object(Illuminate\\Http\\Request))
#43 C:\\xampp\\htdocs\\kazimotoawards\\public\\index.php(51): Illuminate\\Foundation\\Http\\Kernel->handle(Object(Illuminate\\Http\\Request))
#44 C:\\xampp\\htdocs\\kazimotoawards\\server.php(21): require_once('C:\\\\xampp\\\\htdocs...')
#45 {main}
"} 
[2025-08-10 10:02:56] local.ERROR: Call to a member function count() on array {"userId":1,"exception":"[object] (Error(code: 0): Call to a member function count() on array at C:\\xampp\\htdocs\\kazimotoawards\\app\\Http\\Controllers\\ContestantController.php:242)
[stacktrace]
#0 C:\\xampp\\htdocs\\kazimotoawards\\vendor\\laravel\\framework\\src\\Illuminate\\Routing\\Controller.php(54): App\\Http\\Controllers\\ContestantController->store(Object(Illuminate\\Http\\Request))
#1 C:\\xampp\\htdocs\\kazimotoawards\\vendor\\laravel\\framework\\src\\Illuminate\\Routing\\ControllerDispatcher.php(45): Illuminate\\Routing\\Controller->callAction('store', Array)
#2 C:\\xampp\\htdocs\\kazimotoawards\\vendor\\laravel\\framework\\src\\Illuminate\\Routing\\Route.php(261): Illuminate\\Routing\\ControllerDispatcher->dispatch(Object(Illuminate\\Routing\\Route), Object(App\\Http\\Controllers\\ContestantController), 'store')
#3 C:\\xampp\\htdocs\\kazimotoawards\\vendor\\laravel\\framework\\src\\Illuminate\\Routing\\Route.php(205): Illuminate\\Routing\\Route->runController()
#4 C:\\xampp\\htdocs\\kazimotoawards\\vendor\\laravel\\framework\\src\\Illuminate\\Routing\\Router.php(721): Illuminate\\Routing\\Route->run()
#5 C:\\xampp\\htdocs\\kazimotoawards\\vendor\\laravel\\framework\\src\\Illuminate\\Pipeline\\Pipeline.php(128): Illuminate\\Routing\\Router->Illuminate\\Routing\\{closure}(Object(Illuminate\\Http\\Request))
#6 C:\\xampp\\htdocs\\kazimotoawards\\vendor\\laravel\\framework\\src\\Illuminate\\Routing\\Middleware\\SubstituteBindings.php(50): Illuminate\\Pipeline\\Pipeline->Illuminate\\Pipeline\\{closure}(Object(Illuminate\\Http\\Request))
#7 C:\\xampp\\htdocs\\kazimotoawards\\vendor\\laravel\\framework\\src\\Illuminate\\Pipeline\\Pipeline.php(167): Illuminate\\Routing\\Middleware\\SubstituteBindings->handle(Object(Illuminate\\Http\\Request), Object(Closure))
#8 C:\\xampp\\htdocs\\kazimotoawards\\vendor\\laravel\\framework\\src\\Illuminate\\Foundation\\Http\\Middleware\\VerifyCsrfToken.php(78): Illuminate\\Pipeline\\Pipeline->Illuminate\\Pipeline\\{closure}(Object(Illuminate\\Http\\Request))
#9 C:\\xampp\\htdocs\\kazimotoawards\\vendor\\laravel\\framework\\src\\Illuminate\\Pipeline\\Pipeline.php(167): Illuminate\\Foundation\\Http\\Middleware\\VerifyCsrfToken->handle(Object(Illuminate\\Http\\Request), Object(Closure))
#10 C:\\xampp\\htdocs\\kazimotoawards\\vendor\\laravel\\framework\\src\\Illuminate\\View\\Middleware\\ShareErrorsFromSession.php(49): Illuminate\\Pipeline\\Pipeline->Illuminate\\Pipeline\\{closure}(Object(Illuminate\\Http\\Request))
#11 C:\\xampp\\htdocs\\kazimotoawards\\vendor\\laravel\\framework\\src\\Illuminate\\Pipeline\\Pipeline.php(167): Illuminate\\View\\Middleware\\ShareErrorsFromSession->handle(Object(Illuminate\\Http\\Request), Object(Closure))
#12 C:\\xampp\\htdocs\\kazimotoawards\\vendor\\laravel\\framework\\src\\Illuminate\\Session\\Middleware\\StartSession.php(121): Illuminate\\Pipeline\\Pipeline->Illuminate\\Pipeline\\{closure}(Object(Illuminate\\Http\\Request))
#13 C:\\xampp\\htdocs\\kazimotoawards\\vendor\\laravel\\framework\\src\\Illuminate\\Session\\Middleware\\StartSession.php(64): Illuminate\\Session\\Middleware\\StartSession->handleStatefulRequest(Object(Illuminate\\Http\\Request), Object(Illuminate\\Session\\Store), Object(Closure))
#14 C:\\xampp\\htdocs\\kazimotoawards\\vendor\\laravel\\framework\\src\\Illuminate\\Pipeline\\Pipeline.php(167): Illuminate\\Session\\Middleware\\StartSession->handle(Object(Illuminate\\Http\\Request), Object(Closure))
#15 C:\\xampp\\htdocs\\kazimotoawards\\vendor\\laravel\\framework\\src\\Illuminate\\Cookie\\Middleware\\AddQueuedCookiesToResponse.php(37): Illuminate\\Pipeline\\Pipeline->Illuminate\\Pipeline\\{closure}(Object(Illuminate\\Http\\Request))
#16 C:\\xampp\\htdocs\\kazimotoawards\\vendor\\laravel\\framework\\src\\Illuminate\\Pipeline\\Pipeline.php(167): Illuminate\\Cookie\\Middleware\\AddQueuedCookiesToResponse->handle(Object(Illuminate\\Http\\Request), Object(Closure))
#17 C:\\xampp\\htdocs\\kazimotoawards\\vendor\\laravel\\framework\\src\\Illuminate\\Cookie\\Middleware\\EncryptCookies.php(67): Illuminate\\Pipeline\\Pipeline->Illuminate\\Pipeline\\{closure}(Object(Illuminate\\Http\\Request))
#18 C:\\xampp\\htdocs\\kazimotoawards\\vendor\\laravel\\framework\\src\\Illuminate\\Pipeline\\Pipeline.php(167): Illuminate\\Cookie\\Middleware\\EncryptCookies->handle(Object(Illuminate\\Http\\Request), Object(Closure))
#19 C:\\xampp\\htdocs\\kazimotoawards\\vendor\\laravel\\framework\\src\\Illuminate\\Pipeline\\Pipeline.php(103): Illuminate\\Pipeline\\Pipeline->Illuminate\\Pipeline\\{closure}(Object(Illuminate\\Http\\Request))
#20 C:\\xampp\\htdocs\\kazimotoawards\\vendor\\laravel\\framework\\src\\Illuminate\\Routing\\Router.php(719): Illuminate\\Pipeline\\Pipeline->then(Object(Closure))
#21 C:\\xampp\\htdocs\\kazimotoawards\\vendor\\laravel\\framework\\src\\Illuminate\\Routing\\Router.php(698): Illuminate\\Routing\\Router->runRouteWithinStack(Object(Illuminate\\Routing\\Route), Object(Illuminate\\Http\\Request))
#22 C:\\xampp\\htdocs\\kazimotoawards\\vendor\\laravel\\framework\\src\\Illuminate\\Routing\\Router.php(662): Illuminate\\Routing\\Router->runRoute(Object(Illuminate\\Http\\Request), Object(Illuminate\\Routing\\Route))
#23 C:\\xampp\\htdocs\\kazimotoawards\\vendor\\laravel\\framework\\src\\Illuminate\\Routing\\Router.php(651): Illuminate\\Routing\\Router->dispatchToRoute(Object(Illuminate\\Http\\Request))
#24 C:\\xampp\\htdocs\\kazimotoawards\\vendor\\laravel\\framework\\src\\Illuminate\\Foundation\\Http\\Kernel.php(167): Illuminate\\Routing\\Router->dispatch(Object(Illuminate\\Http\\Request))
#25 C:\\xampp\\htdocs\\kazimotoawards\\vendor\\laravel\\framework\\src\\Illuminate\\Pipeline\\Pipeline.php(128): Illuminate\\Foundation\\Http\\Kernel->Illuminate\\Foundation\\Http\\{closure}(Object(Illuminate\\Http\\Request))
#26 C:\\xampp\\htdocs\\kazimotoawards\\vendor\\laravel\\framework\\src\\Illuminate\\Foundation\\Http\\Middleware\\TransformsRequest.php(21): Illuminate\\Pipeline\\Pipeline->Illuminate\\Pipeline\\{closure}(Object(Illuminate\\Http\\Request))
#27 C:\\xampp\\htdocs\\kazimotoawards\\vendor\\laravel\\framework\\src\\Illuminate\\Foundation\\Http\\Middleware\\ConvertEmptyStringsToNull.php(31): Illuminate\\Foundation\\Http\\Middleware\\TransformsRequest->handle(Object(Illuminate\\Http\\Request), Object(Closure))
#28 C:\\xampp\\htdocs\\kazimotoawards\\vendor\\laravel\\framework\\src\\Illuminate\\Pipeline\\Pipeline.php(167): Illuminate\\Foundation\\Http\\Middleware\\ConvertEmptyStringsToNull->handle(Object(Illuminate\\Http\\Request), Object(Closure))
#29 C:\\xampp\\htdocs\\kazimotoawards\\vendor\\laravel\\framework\\src\\Illuminate\\Foundation\\Http\\Middleware\\TransformsRequest.php(21): Illuminate\\Pipeline\\Pipeline->Illuminate\\Pipeline\\{closure}(Object(Illuminate\\Http\\Request))
#30 C:\\xampp\\htdocs\\kazimotoawards\\vendor\\laravel\\framework\\src\\Illuminate\\Foundation\\Http\\Middleware\\TrimStrings.php(40): Illuminate\\Foundation\\Http\\Middleware\\TransformsRequest->handle(Object(Illuminate\\Http\\Request), Object(Closure))
#31 C:\\xampp\\htdocs\\kazimotoawards\\vendor\\laravel\\framework\\src\\Illuminate\\Pipeline\\Pipeline.php(167): Illuminate\\Foundation\\Http\\Middleware\\TrimStrings->handle(Object(Illuminate\\Http\\Request), Object(Closure))
#32 C:\\xampp\\htdocs\\kazimotoawards\\vendor\\laravel\\framework\\src\\Illuminate\\Foundation\\Http\\Middleware\\ValidatePostSize.php(27): Illuminate\\Pipeline\\Pipeline->Illuminate\\Pipeline\\{closure}(Object(Illuminate\\Http\\Request))
#33 C:\\xampp\\htdocs\\kazimotoawards\\vendor\\laravel\\framework\\src\\Illuminate\\Pipeline\\Pipeline.php(167): Illuminate\\Foundation\\Http\\Middleware\\ValidatePostSize->handle(Object(Illuminate\\Http\\Request), Object(Closure))
#34 C:\\xampp\\htdocs\\kazimotoawards\\vendor\\laravel\\framework\\src\\Illuminate\\Foundation\\Http\\Middleware\\PreventRequestsDuringMaintenance.php(86): Illuminate\\Pipeline\\Pipeline->Illuminate\\Pipeline\\{closure}(Object(Illuminate\\Http\\Request))
#35 C:\\xampp\\htdocs\\kazimotoawards\\vendor\\laravel\\framework\\src\\Illuminate\\Pipeline\\Pipeline.php(167): Illuminate\\Foundation\\Http\\Middleware\\PreventRequestsDuringMaintenance->handle(Object(Illuminate\\Http\\Request), Object(Closure))
#36 C:\\xampp\\htdocs\\kazimotoawards\\vendor\\fruitcake\\laravel-cors\\src\\HandleCors.php(38): Illuminate\\Pipeline\\Pipeline->Illuminate\\Pipeline\\{closure}(Object(Illuminate\\Http\\Request))
#37 C:\\xampp\\htdocs\\kazimotoawards\\vendor\\laravel\\framework\\src\\Illuminate\\Pipeline\\Pipeline.php(167): Fruitcake\\Cors\\HandleCors->handle(Object(Illuminate\\Http\\Request), Object(Closure))
#38 C:\\xampp\\htdocs\\kazimotoawards\\vendor\\fideloper\\proxy\\src\\TrustProxies.php(57): Illuminate\\Pipeline\\Pipeline->Illuminate\\Pipeline\\{closure}(Object(Illuminate\\Http\\Request))
#39 C:\\xampp\\htdocs\\kazimotoawards\\vendor\\laravel\\framework\\src\\Illuminate\\Pipeline\\Pipeline.php(167): Fideloper\\Proxy\\TrustProxies->handle(Object(Illuminate\\Http\\Request), Object(Closure))
#40 C:\\xampp\\htdocs\\kazimotoawards\\vendor\\laravel\\framework\\src\\Illuminate\\Pipeline\\Pipeline.php(103): Illuminate\\Pipeline\\Pipeline->Illuminate\\Pipeline\\{closure}(Object(Illuminate\\Http\\Request))
#41 C:\\xampp\\htdocs\\kazimotoawards\\vendor\\laravel\\framework\\src\\Illuminate\\Foundation\\Http\\Kernel.php(142): Illuminate\\Pipeline\\Pipeline->then(Object(Closure))
#42 C:\\xampp\\htdocs\\kazimotoawards\\vendor\\laravel\\framework\\src\\Illuminate\\Foundation\\Http\\Kernel.php(111): Illuminate\\Foundation\\Http\\Kernel->sendRequestThroughRouter(Object(Illuminate\\Http\\Request))
#43 C:\\xampp\\htdocs\\kazimotoawards\\public\\index.php(51): Illuminate\\Foundation\\Http\\Kernel->handle(Object(Illuminate\\Http\\Request))
#44 C:\\xampp\\htdocs\\kazimotoawards\\server.php(21): require_once('C:\\\\xampp\\\\htdocs...')
#45 {main}
"} 
[2025-08-10 10:03:03] local.ERROR: Call to a member function count() on array {"userId":1,"exception":"[object] (Error(code: 0): Call to a member function count() on array at C:\\xampp\\htdocs\\kazimotoawards\\app\\Http\\Controllers\\ContestantController.php:242)
[stacktrace]
#0 C:\\xampp\\htdocs\\kazimotoawards\\vendor\\laravel\\framework\\src\\Illuminate\\Routing\\Controller.php(54): App\\Http\\Controllers\\ContestantController->store(Object(Illuminate\\Http\\Request))
#1 C:\\xampp\\htdocs\\kazimotoawards\\vendor\\laravel\\framework\\src\\Illuminate\\Routing\\ControllerDispatcher.php(45): Illuminate\\Routing\\Controller->callAction('store', Array)
#2 C:\\xampp\\htdocs\\kazimotoawards\\vendor\\laravel\\framework\\src\\Illuminate\\Routing\\Route.php(261): Illuminate\\Routing\\ControllerDispatcher->dispatch(Object(Illuminate\\Routing\\Route), Object(App\\Http\\Controllers\\ContestantController), 'store')
#3 C:\\xampp\\htdocs\\kazimotoawards\\vendor\\laravel\\framework\\src\\Illuminate\\Routing\\Route.php(205): Illuminate\\Routing\\Route->runController()
#4 C:\\xampp\\htdocs\\kazimotoawards\\vendor\\laravel\\framework\\src\\Illuminate\\Routing\\Router.php(721): Illuminate\\Routing\\Route->run()
#5 C:\\xampp\\htdocs\\kazimotoawards\\vendor\\laravel\\framework\\src\\Illuminate\\Pipeline\\Pipeline.php(128): Illuminate\\Routing\\Router->Illuminate\\Routing\\{closure}(Object(Illuminate\\Http\\Request))
#6 C:\\xampp\\htdocs\\kazimotoawards\\vendor\\laravel\\framework\\src\\Illuminate\\Routing\\Middleware\\SubstituteBindings.php(50): Illuminate\\Pipeline\\Pipeline->Illuminate\\Pipeline\\{closure}(Object(Illuminate\\Http\\Request))
#7 C:\\xampp\\htdocs\\kazimotoawards\\vendor\\laravel\\framework\\src\\Illuminate\\Pipeline\\Pipeline.php(167): Illuminate\\Routing\\Middleware\\SubstituteBindings->handle(Object(Illuminate\\Http\\Request), Object(Closure))
#8 C:\\xampp\\htdocs\\kazimotoawards\\vendor\\laravel\\framework\\src\\Illuminate\\Foundation\\Http\\Middleware\\VerifyCsrfToken.php(78): Illuminate\\Pipeline\\Pipeline->Illuminate\\Pipeline\\{closure}(Object(Illuminate\\Http\\Request))
#9 C:\\xampp\\htdocs\\kazimotoawards\\vendor\\laravel\\framework\\src\\Illuminate\\Pipeline\\Pipeline.php(167): Illuminate\\Foundation\\Http\\Middleware\\VerifyCsrfToken->handle(Object(Illuminate\\Http\\Request), Object(Closure))
#10 C:\\xampp\\htdocs\\kazimotoawards\\vendor\\laravel\\framework\\src\\Illuminate\\View\\Middleware\\ShareErrorsFromSession.php(49): Illuminate\\Pipeline\\Pipeline->Illuminate\\Pipeline\\{closure}(Object(Illuminate\\Http\\Request))
#11 C:\\xampp\\htdocs\\kazimotoawards\\vendor\\laravel\\framework\\src\\Illuminate\\Pipeline\\Pipeline.php(167): Illuminate\\View\\Middleware\\ShareErrorsFromSession->handle(Object(Illuminate\\Http\\Request), Object(Closure))
#12 C:\\xampp\\htdocs\\kazimotoawards\\vendor\\laravel\\framework\\src\\Illuminate\\Session\\Middleware\\StartSession.php(121): Illuminate\\Pipeline\\Pipeline->Illuminate\\Pipeline\\{closure}(Object(Illuminate\\Http\\Request))
#13 C:\\xampp\\htdocs\\kazimotoawards\\vendor\\laravel\\framework\\src\\Illuminate\\Session\\Middleware\\StartSession.php(64): Illuminate\\Session\\Middleware\\StartSession->handleStatefulRequest(Object(Illuminate\\Http\\Request), Object(Illuminate\\Session\\Store), Object(Closure))
#14 C:\\xampp\\htdocs\\kazimotoawards\\vendor\\laravel\\framework\\src\\Illuminate\\Pipeline\\Pipeline.php(167): Illuminate\\Session\\Middleware\\StartSession->handle(Object(Illuminate\\Http\\Request), Object(Closure))
#15 C:\\xampp\\htdocs\\kazimotoawards\\vendor\\laravel\\framework\\src\\Illuminate\\Cookie\\Middleware\\AddQueuedCookiesToResponse.php(37): Illuminate\\Pipeline\\Pipeline->Illuminate\\Pipeline\\{closure}(Object(Illuminate\\Http\\Request))
#16 C:\\xampp\\htdocs\\kazimotoawards\\vendor\\laravel\\framework\\src\\Illuminate\\Pipeline\\Pipeline.php(167): Illuminate\\Cookie\\Middleware\\AddQueuedCookiesToResponse->handle(Object(Illuminate\\Http\\Request), Object(Closure))
#17 C:\\xampp\\htdocs\\kazimotoawards\\vendor\\laravel\\framework\\src\\Illuminate\\Cookie\\Middleware\\EncryptCookies.php(67): Illuminate\\Pipeline\\Pipeline->Illuminate\\Pipeline\\{closure}(Object(Illuminate\\Http\\Request))
#18 C:\\xampp\\htdocs\\kazimotoawards\\vendor\\laravel\\framework\\src\\Illuminate\\Pipeline\\Pipeline.php(167): Illuminate\\Cookie\\Middleware\\EncryptCookies->handle(Object(Illuminate\\Http\\Request), Object(Closure))
#19 C:\\xampp\\htdocs\\kazimotoawards\\vendor\\laravel\\framework\\src\\Illuminate\\Pipeline\\Pipeline.php(103): Illuminate\\Pipeline\\Pipeline->Illuminate\\Pipeline\\{closure}(Object(Illuminate\\Http\\Request))
#20 C:\\xampp\\htdocs\\kazimotoawards\\vendor\\laravel\\framework\\src\\Illuminate\\Routing\\Router.php(719): Illuminate\\Pipeline\\Pipeline->then(Object(Closure))
#21 C:\\xampp\\htdocs\\kazimotoawards\\vendor\\laravel\\framework\\src\\Illuminate\\Routing\\Router.php(698): Illuminate\\Routing\\Router->runRouteWithinStack(Object(Illuminate\\Routing\\Route), Object(Illuminate\\Http\\Request))
#22 C:\\xampp\\htdocs\\kazimotoawards\\vendor\\laravel\\framework\\src\\Illuminate\\Routing\\Router.php(662): Illuminate\\Routing\\Router->runRoute(Object(Illuminate\\Http\\Request), Object(Illuminate\\Routing\\Route))
#23 C:\\xampp\\htdocs\\kazimotoawards\\vendor\\laravel\\framework\\src\\Illuminate\\Routing\\Router.php(651): Illuminate\\Routing\\Router->dispatchToRoute(Object(Illuminate\\Http\\Request))
#24 C:\\xampp\\htdocs\\kazimotoawards\\vendor\\laravel\\framework\\src\\Illuminate\\Foundation\\Http\\Kernel.php(167): Illuminate\\Routing\\Router->dispatch(Object(Illuminate\\Http\\Request))
#25 C:\\xampp\\htdocs\\kazimotoawards\\vendor\\laravel\\framework\\src\\Illuminate\\Pipeline\\Pipeline.php(128): Illuminate\\Foundation\\Http\\Kernel->Illuminate\\Foundation\\Http\\{closure}(Object(Illuminate\\Http\\Request))
#26 C:\\xampp\\htdocs\\kazimotoawards\\vendor\\laravel\\framework\\src\\Illuminate\\Foundation\\Http\\Middleware\\TransformsRequest.php(21): Illuminate\\Pipeline\\Pipeline->Illuminate\\Pipeline\\{closure}(Object(Illuminate\\Http\\Request))
#27 C:\\xampp\\htdocs\\kazimotoawards\\vendor\\laravel\\framework\\src\\Illuminate\\Foundation\\Http\\Middleware\\ConvertEmptyStringsToNull.php(31): Illuminate\\Foundation\\Http\\Middleware\\TransformsRequest->handle(Object(Illuminate\\Http\\Request), Object(Closure))
#28 C:\\xampp\\htdocs\\kazimotoawards\\vendor\\laravel\\framework\\src\\Illuminate\\Pipeline\\Pipeline.php(167): Illuminate\\Foundation\\Http\\Middleware\\ConvertEmptyStringsToNull->handle(Object(Illuminate\\Http\\Request), Object(Closure))
#29 C:\\xampp\\htdocs\\kazimotoawards\\vendor\\laravel\\framework\\src\\Illuminate\\Foundation\\Http\\Middleware\\TransformsRequest.php(21): Illuminate\\Pipeline\\Pipeline->Illuminate\\Pipeline\\{closure}(Object(Illuminate\\Http\\Request))
#30 C:\\xampp\\htdocs\\kazimotoawards\\vendor\\laravel\\framework\\src\\Illuminate\\Foundation\\Http\\Middleware\\TrimStrings.php(40): Illuminate\\Foundation\\Http\\Middleware\\TransformsRequest->handle(Object(Illuminate\\Http\\Request), Object(Closure))
#31 C:\\xampp\\htdocs\\kazimotoawards\\vendor\\laravel\\framework\\src\\Illuminate\\Pipeline\\Pipeline.php(167): Illuminate\\Foundation\\Http\\Middleware\\TrimStrings->handle(Object(Illuminate\\Http\\Request), Object(Closure))
#32 C:\\xampp\\htdocs\\kazimotoawards\\vendor\\laravel\\framework\\src\\Illuminate\\Foundation\\Http\\Middleware\\ValidatePostSize.php(27): Illuminate\\Pipeline\\Pipeline->Illuminate\\Pipeline\\{closure}(Object(Illuminate\\Http\\Request))
#33 C:\\xampp\\htdocs\\kazimotoawards\\vendor\\laravel\\framework\\src\\Illuminate\\Pipeline\\Pipeline.php(167): Illuminate\\Foundation\\Http\\Middleware\\ValidatePostSize->handle(Object(Illuminate\\Http\\Request), Object(Closure))
#34 C:\\xampp\\htdocs\\kazimotoawards\\vendor\\laravel\\framework\\src\\Illuminate\\Foundation\\Http\\Middleware\\PreventRequestsDuringMaintenance.php(86): Illuminate\\Pipeline\\Pipeline->Illuminate\\Pipeline\\{closure}(Object(Illuminate\\Http\\Request))
#35 C:\\xampp\\htdocs\\kazimotoawards\\vendor\\laravel\\framework\\src\\Illuminate\\Pipeline\\Pipeline.php(167): Illuminate\\Foundation\\Http\\Middleware\\PreventRequestsDuringMaintenance->handle(Object(Illuminate\\Http\\Request), Object(Closure))
#36 C:\\xampp\\htdocs\\kazimotoawards\\vendor\\fruitcake\\laravel-cors\\src\\HandleCors.php(38): Illuminate\\Pipeline\\Pipeline->Illuminate\\Pipeline\\{closure}(Object(Illuminate\\Http\\Request))
#37 C:\\xampp\\htdocs\\kazimotoawards\\vendor\\laravel\\framework\\src\\Illuminate\\Pipeline\\Pipeline.php(167): Fruitcake\\Cors\\HandleCors->handle(Object(Illuminate\\Http\\Request), Object(Closure))
#38 C:\\xampp\\htdocs\\kazimotoawards\\vendor\\fideloper\\proxy\\src\\TrustProxies.php(57): Illuminate\\Pipeline\\Pipeline->Illuminate\\Pipeline\\{closure}(Object(Illuminate\\Http\\Request))
#39 C:\\xampp\\htdocs\\kazimotoawards\\vendor\\laravel\\framework\\src\\Illuminate\\Pipeline\\Pipeline.php(167): Fideloper\\Proxy\\TrustProxies->handle(Object(Illuminate\\Http\\Request), Object(Closure))
#40 C:\\xampp\\htdocs\\kazimotoawards\\vendor\\laravel\\framework\\src\\Illuminate\\Pipeline\\Pipeline.php(103): Illuminate\\Pipeline\\Pipeline->Illuminate\\Pipeline\\{closure}(Object(Illuminate\\Http\\Request))
#41 C:\\xampp\\htdocs\\kazimotoawards\\vendor\\laravel\\framework\\src\\Illuminate\\Foundation\\Http\\Kernel.php(142): Illuminate\\Pipeline\\Pipeline->then(Object(Closure))
#42 C:\\xampp\\htdocs\\kazimotoawards\\vendor\\laravel\\framework\\src\\Illuminate\\Foundation\\Http\\Kernel.php(111): Illuminate\\Foundation\\Http\\Kernel->sendRequestThroughRouter(Object(Illuminate\\Http\\Request))
#43 C:\\xampp\\htdocs\\kazimotoawards\\public\\index.php(51): Illuminate\\Foundation\\Http\\Kernel->handle(Object(Illuminate\\Http\\Request))
#44 C:\\xampp\\htdocs\\kazimotoawards\\server.php(21): require_once('C:\\\\xampp\\\\htdocs...')
#45 {main}
"} 
[2025-08-10 10:03:17] local.ERROR: Call to a member function count() on array {"userId":1,"exception":"[object] (Error(code: 0): Call to a member function count() on array at C:\\xampp\\htdocs\\kazimotoawards\\app\\Http\\Controllers\\ContestantController.php:242)
[stacktrace]
#0 C:\\xampp\\htdocs\\kazimotoawards\\vendor\\laravel\\framework\\src\\Illuminate\\Routing\\Controller.php(54): App\\Http\\Controllers\\ContestantController->store(Object(Illuminate\\Http\\Request))
#1 C:\\xampp\\htdocs\\kazimotoawards\\vendor\\laravel\\framework\\src\\Illuminate\\Routing\\ControllerDispatcher.php(45): Illuminate\\Routing\\Controller->callAction('store', Array)
#2 C:\\xampp\\htdocs\\kazimotoawards\\vendor\\laravel\\framework\\src\\Illuminate\\Routing\\Route.php(261): Illuminate\\Routing\\ControllerDispatcher->dispatch(Object(Illuminate\\Routing\\Route), Object(App\\Http\\Controllers\\ContestantController), 'store')
#3 C:\\xampp\\htdocs\\kazimotoawards\\vendor\\laravel\\framework\\src\\Illuminate\\Routing\\Route.php(205): Illuminate\\Routing\\Route->runController()
#4 C:\\xampp\\htdocs\\kazimotoawards\\vendor\\laravel\\framework\\src\\Illuminate\\Routing\\Router.php(721): Illuminate\\Routing\\Route->run()
#5 C:\\xampp\\htdocs\\kazimotoawards\\vendor\\laravel\\framework\\src\\Illuminate\\Pipeline\\Pipeline.php(128): Illuminate\\Routing\\Router->Illuminate\\Routing\\{closure}(Object(Illuminate\\Http\\Request))
#6 C:\\xampp\\htdocs\\kazimotoawards\\vendor\\laravel\\framework\\src\\Illuminate\\Routing\\Middleware\\SubstituteBindings.php(50): Illuminate\\Pipeline\\Pipeline->Illuminate\\Pipeline\\{closure}(Object(Illuminate\\Http\\Request))
#7 C:\\xampp\\htdocs\\kazimotoawards\\vendor\\laravel\\framework\\src\\Illuminate\\Pipeline\\Pipeline.php(167): Illuminate\\Routing\\Middleware\\SubstituteBindings->handle(Object(Illuminate\\Http\\Request), Object(Closure))
#8 C:\\xampp\\htdocs\\kazimotoawards\\vendor\\laravel\\framework\\src\\Illuminate\\Foundation\\Http\\Middleware\\VerifyCsrfToken.php(78): Illuminate\\Pipeline\\Pipeline->Illuminate\\Pipeline\\{closure}(Object(Illuminate\\Http\\Request))
#9 C:\\xampp\\htdocs\\kazimotoawards\\vendor\\laravel\\framework\\src\\Illuminate\\Pipeline\\Pipeline.php(167): Illuminate\\Foundation\\Http\\Middleware\\VerifyCsrfToken->handle(Object(Illuminate\\Http\\Request), Object(Closure))
#10 C:\\xampp\\htdocs\\kazimotoawards\\vendor\\laravel\\framework\\src\\Illuminate\\View\\Middleware\\ShareErrorsFromSession.php(49): Illuminate\\Pipeline\\Pipeline->Illuminate\\Pipeline\\{closure}(Object(Illuminate\\Http\\Request))
#11 C:\\xampp\\htdocs\\kazimotoawards\\vendor\\laravel\\framework\\src\\Illuminate\\Pipeline\\Pipeline.php(167): Illuminate\\View\\Middleware\\ShareErrorsFromSession->handle(Object(Illuminate\\Http\\Request), Object(Closure))
#12 C:\\xampp\\htdocs\\kazimotoawards\\vendor\\laravel\\framework\\src\\Illuminate\\Session\\Middleware\\StartSession.php(121): Illuminate\\Pipeline\\Pipeline->Illuminate\\Pipeline\\{closure}(Object(Illuminate\\Http\\Request))
#13 C:\\xampp\\htdocs\\kazimotoawards\\vendor\\laravel\\framework\\src\\Illuminate\\Session\\Middleware\\StartSession.php(64): Illuminate\\Session\\Middleware\\StartSession->handleStatefulRequest(Object(Illuminate\\Http\\Request), Object(Illuminate\\Session\\Store), Object(Closure))
#14 C:\\xampp\\htdocs\\kazimotoawards\\vendor\\laravel\\framework\\src\\Illuminate\\Pipeline\\Pipeline.php(167): Illuminate\\Session\\Middleware\\StartSession->handle(Object(Illuminate\\Http\\Request), Object(Closure))
#15 C:\\xampp\\htdocs\\kazimotoawards\\vendor\\laravel\\framework\\src\\Illuminate\\Cookie\\Middleware\\AddQueuedCookiesToResponse.php(37): Illuminate\\Pipeline\\Pipeline->Illuminate\\Pipeline\\{closure}(Object(Illuminate\\Http\\Request))
#16 C:\\xampp\\htdocs\\kazimotoawards\\vendor\\laravel\\framework\\src\\Illuminate\\Pipeline\\Pipeline.php(167): Illuminate\\Cookie\\Middleware\\AddQueuedCookiesToResponse->handle(Object(Illuminate\\Http\\Request), Object(Closure))
#17 C:\\xampp\\htdocs\\kazimotoawards\\vendor\\laravel\\framework\\src\\Illuminate\\Cookie\\Middleware\\EncryptCookies.php(67): Illuminate\\Pipeline\\Pipeline->Illuminate\\Pipeline\\{closure}(Object(Illuminate\\Http\\Request))
#18 C:\\xampp\\htdocs\\kazimotoawards\\vendor\\laravel\\framework\\src\\Illuminate\\Pipeline\\Pipeline.php(167): Illuminate\\Cookie\\Middleware\\EncryptCookies->handle(Object(Illuminate\\Http\\Request), Object(Closure))
#19 C:\\xampp\\htdocs\\kazimotoawards\\vendor\\laravel\\framework\\src\\Illuminate\\Pipeline\\Pipeline.php(103): Illuminate\\Pipeline\\Pipeline->Illuminate\\Pipeline\\{closure}(Object(Illuminate\\Http\\Request))
#20 C:\\xampp\\htdocs\\kazimotoawards\\vendor\\laravel\\framework\\src\\Illuminate\\Routing\\Router.php(719): Illuminate\\Pipeline\\Pipeline->then(Object(Closure))
#21 C:\\xampp\\htdocs\\kazimotoawards\\vendor\\laravel\\framework\\src\\Illuminate\\Routing\\Router.php(698): Illuminate\\Routing\\Router->runRouteWithinStack(Object(Illuminate\\Routing\\Route), Object(Illuminate\\Http\\Request))
#22 C:\\xampp\\htdocs\\kazimotoawards\\vendor\\laravel\\framework\\src\\Illuminate\\Routing\\Router.php(662): Illuminate\\Routing\\Router->runRoute(Object(Illuminate\\Http\\Request), Object(Illuminate\\Routing\\Route))
#23 C:\\xampp\\htdocs\\kazimotoawards\\vendor\\laravel\\framework\\src\\Illuminate\\Routing\\Router.php(651): Illuminate\\Routing\\Router->dispatchToRoute(Object(Illuminate\\Http\\Request))
#24 C:\\xampp\\htdocs\\kazimotoawards\\vendor\\laravel\\framework\\src\\Illuminate\\Foundation\\Http\\Kernel.php(167): Illuminate\\Routing\\Router->dispatch(Object(Illuminate\\Http\\Request))
#25 C:\\xampp\\htdocs\\kazimotoawards\\vendor\\laravel\\framework\\src\\Illuminate\\Pipeline\\Pipeline.php(128): Illuminate\\Foundation\\Http\\Kernel->Illuminate\\Foundation\\Http\\{closure}(Object(Illuminate\\Http\\Request))
#26 C:\\xampp\\htdocs\\kazimotoawards\\vendor\\laravel\\framework\\src\\Illuminate\\Foundation\\Http\\Middleware\\TransformsRequest.php(21): Illuminate\\Pipeline\\Pipeline->Illuminate\\Pipeline\\{closure}(Object(Illuminate\\Http\\Request))
#27 C:\\xampp\\htdocs\\kazimotoawards\\vendor\\laravel\\framework\\src\\Illuminate\\Foundation\\Http\\Middleware\\ConvertEmptyStringsToNull.php(31): Illuminate\\Foundation\\Http\\Middleware\\TransformsRequest->handle(Object(Illuminate\\Http\\Request), Object(Closure))
#28 C:\\xampp\\htdocs\\kazimotoawards\\vendor\\laravel\\framework\\src\\Illuminate\\Pipeline\\Pipeline.php(167): Illuminate\\Foundation\\Http\\Middleware\\ConvertEmptyStringsToNull->handle(Object(Illuminate\\Http\\Request), Object(Closure))
#29 C:\\xampp\\htdocs\\kazimotoawards\\vendor\\laravel\\framework\\src\\Illuminate\\Foundation\\Http\\Middleware\\TransformsRequest.php(21): Illuminate\\Pipeline\\Pipeline->Illuminate\\Pipeline\\{closure}(Object(Illuminate\\Http\\Request))
#30 C:\\xampp\\htdocs\\kazimotoawards\\vendor\\laravel\\framework\\src\\Illuminate\\Foundation\\Http\\Middleware\\TrimStrings.php(40): Illuminate\\Foundation\\Http\\Middleware\\TransformsRequest->handle(Object(Illuminate\\Http\\Request), Object(Closure))
#31 C:\\xampp\\htdocs\\kazimotoawards\\vendor\\laravel\\framework\\src\\Illuminate\\Pipeline\\Pipeline.php(167): Illuminate\\Foundation\\Http\\Middleware\\TrimStrings->handle(Object(Illuminate\\Http\\Request), Object(Closure))
#32 C:\\xampp\\htdocs\\kazimotoawards\\vendor\\laravel\\framework\\src\\Illuminate\\Foundation\\Http\\Middleware\\ValidatePostSize.php(27): Illuminate\\Pipeline\\Pipeline->Illuminate\\Pipeline\\{closure}(Object(Illuminate\\Http\\Request))
#33 C:\\xampp\\htdocs\\kazimotoawards\\vendor\\laravel\\framework\\src\\Illuminate\\Pipeline\\Pipeline.php(167): Illuminate\\Foundation\\Http\\Middleware\\ValidatePostSize->handle(Object(Illuminate\\Http\\Request), Object(Closure))
#34 C:\\xampp\\htdocs\\kazimotoawards\\vendor\\laravel\\framework\\src\\Illuminate\\Foundation\\Http\\Middleware\\PreventRequestsDuringMaintenance.php(86): Illuminate\\Pipeline\\Pipeline->Illuminate\\Pipeline\\{closure}(Object(Illuminate\\Http\\Request))
#35 C:\\xampp\\htdocs\\kazimotoawards\\vendor\\laravel\\framework\\src\\Illuminate\\Pipeline\\Pipeline.php(167): Illuminate\\Foundation\\Http\\Middleware\\PreventRequestsDuringMaintenance->handle(Object(Illuminate\\Http\\Request), Object(Closure))
#36 C:\\xampp\\htdocs\\kazimotoawards\\vendor\\fruitcake\\laravel-cors\\src\\HandleCors.php(38): Illuminate\\Pipeline\\Pipeline->Illuminate\\Pipeline\\{closure}(Object(Illuminate\\Http\\Request))
#37 C:\\xampp\\htdocs\\kazimotoawards\\vendor\\laravel\\framework\\src\\Illuminate\\Pipeline\\Pipeline.php(167): Fruitcake\\Cors\\HandleCors->handle(Object(Illuminate\\Http\\Request), Object(Closure))
#38 C:\\xampp\\htdocs\\kazimotoawards\\vendor\\fideloper\\proxy\\src\\TrustProxies.php(57): Illuminate\\Pipeline\\Pipeline->Illuminate\\Pipeline\\{closure}(Object(Illuminate\\Http\\Request))
#39 C:\\xampp\\htdocs\\kazimotoawards\\vendor\\laravel\\framework\\src\\Illuminate\\Pipeline\\Pipeline.php(167): Fideloper\\Proxy\\TrustProxies->handle(Object(Illuminate\\Http\\Request), Object(Closure))
#40 C:\\xampp\\htdocs\\kazimotoawards\\vendor\\laravel\\framework\\src\\Illuminate\\Pipeline\\Pipeline.php(103): Illuminate\\Pipeline\\Pipeline->Illuminate\\Pipeline\\{closure}(Object(Illuminate\\Http\\Request))
#41 C:\\xampp\\htdocs\\kazimotoawards\\vendor\\laravel\\framework\\src\\Illuminate\\Foundation\\Http\\Kernel.php(142): Illuminate\\Pipeline\\Pipeline->then(Object(Closure))
#42 C:\\xampp\\htdocs\\kazimotoawards\\vendor\\laravel\\framework\\src\\Illuminate\\Foundation\\Http\\Kernel.php(111): Illuminate\\Foundation\\Http\\Kernel->sendRequestThroughRouter(Object(Illuminate\\Http\\Request))
#43 C:\\xampp\\htdocs\\kazimotoawards\\public\\index.php(51): Illuminate\\Foundation\\Http\\Kernel->handle(Object(Illuminate\\Http\\Request))
#44 C:\\xampp\\htdocs\\kazimotoawards\\server.php(21): require_once('C:\\\\xampp\\\\htdocs...')
#45 {main}
"} 
[2025-08-10 10:03:27] local.ERROR: Call to a member function count() on array {"userId":1,"exception":"[object] (Error(code: 0): Call to a member function count() on array at C:\\xampp\\htdocs\\kazimotoawards\\app\\Http\\Controllers\\ContestantController.php:242)
[stacktrace]
#0 C:\\xampp\\htdocs\\kazimotoawards\\vendor\\laravel\\framework\\src\\Illuminate\\Routing\\Controller.php(54): App\\Http\\Controllers\\ContestantController->store(Object(Illuminate\\Http\\Request))
#1 C:\\xampp\\htdocs\\kazimotoawards\\vendor\\laravel\\framework\\src\\Illuminate\\Routing\\ControllerDispatcher.php(45): Illuminate\\Routing\\Controller->callAction('store', Array)
#2 C:\\xampp\\htdocs\\kazimotoawards\\vendor\\laravel\\framework\\src\\Illuminate\\Routing\\Route.php(261): Illuminate\\Routing\\ControllerDispatcher->dispatch(Object(Illuminate\\Routing\\Route), Object(App\\Http\\Controllers\\ContestantController), 'store')
#3 C:\\xampp\\htdocs\\kazimotoawards\\vendor\\laravel\\framework\\src\\Illuminate\\Routing\\Route.php(205): Illuminate\\Routing\\Route->runController()
#4 C:\\xampp\\htdocs\\kazimotoawards\\vendor\\laravel\\framework\\src\\Illuminate\\Routing\\Router.php(721): Illuminate\\Routing\\Route->run()
#5 C:\\xampp\\htdocs\\kazimotoawards\\vendor\\laravel\\framework\\src\\Illuminate\\Pipeline\\Pipeline.php(128): Illuminate\\Routing\\Router->Illuminate\\Routing\\{closure}(Object(Illuminate\\Http\\Request))
#6 C:\\xampp\\htdocs\\kazimotoawards\\vendor\\laravel\\framework\\src\\Illuminate\\Routing\\Middleware\\SubstituteBindings.php(50): Illuminate\\Pipeline\\Pipeline->Illuminate\\Pipeline\\{closure}(Object(Illuminate\\Http\\Request))
#7 C:\\xampp\\htdocs\\kazimotoawards\\vendor\\laravel\\framework\\src\\Illuminate\\Pipeline\\Pipeline.php(167): Illuminate\\Routing\\Middleware\\SubstituteBindings->handle(Object(Illuminate\\Http\\Request), Object(Closure))
#8 C:\\xampp\\htdocs\\kazimotoawards\\vendor\\laravel\\framework\\src\\Illuminate\\Foundation\\Http\\Middleware\\VerifyCsrfToken.php(78): Illuminate\\Pipeline\\Pipeline->Illuminate\\Pipeline\\{closure}(Object(Illuminate\\Http\\Request))
#9 C:\\xampp\\htdocs\\kazimotoawards\\vendor\\laravel\\framework\\src\\Illuminate\\Pipeline\\Pipeline.php(167): Illuminate\\Foundation\\Http\\Middleware\\VerifyCsrfToken->handle(Object(Illuminate\\Http\\Request), Object(Closure))
#10 C:\\xampp\\htdocs\\kazimotoawards\\vendor\\laravel\\framework\\src\\Illuminate\\View\\Middleware\\ShareErrorsFromSession.php(49): Illuminate\\Pipeline\\Pipeline->Illuminate\\Pipeline\\{closure}(Object(Illuminate\\Http\\Request))
#11 C:\\xampp\\htdocs\\kazimotoawards\\vendor\\laravel\\framework\\src\\Illuminate\\Pipeline\\Pipeline.php(167): Illuminate\\View\\Middleware\\ShareErrorsFromSession->handle(Object(Illuminate\\Http\\Request), Object(Closure))
#12 C:\\xampp\\htdocs\\kazimotoawards\\vendor\\laravel\\framework\\src\\Illuminate\\Session\\Middleware\\StartSession.php(121): Illuminate\\Pipeline\\Pipeline->Illuminate\\Pipeline\\{closure}(Object(Illuminate\\Http\\Request))
#13 C:\\xampp\\htdocs\\kazimotoawards\\vendor\\laravel\\framework\\src\\Illuminate\\Session\\Middleware\\StartSession.php(64): Illuminate\\Session\\Middleware\\StartSession->handleStatefulRequest(Object(Illuminate\\Http\\Request), Object(Illuminate\\Session\\Store), Object(Closure))
#14 C:\\xampp\\htdocs\\kazimotoawards\\vendor\\laravel\\framework\\src\\Illuminate\\Pipeline\\Pipeline.php(167): Illuminate\\Session\\Middleware\\StartSession->handle(Object(Illuminate\\Http\\Request), Object(Closure))
#15 C:\\xampp\\htdocs\\kazimotoawards\\vendor\\laravel\\framework\\src\\Illuminate\\Cookie\\Middleware\\AddQueuedCookiesToResponse.php(37): Illuminate\\Pipeline\\Pipeline->Illuminate\\Pipeline\\{closure}(Object(Illuminate\\Http\\Request))
#16 C:\\xampp\\htdocs\\kazimotoawards\\vendor\\laravel\\framework\\src\\Illuminate\\Pipeline\\Pipeline.php(167): Illuminate\\Cookie\\Middleware\\AddQueuedCookiesToResponse->handle(Object(Illuminate\\Http\\Request), Object(Closure))
#17 C:\\xampp\\htdocs\\kazimotoawards\\vendor\\laravel\\framework\\src\\Illuminate\\Cookie\\Middleware\\EncryptCookies.php(67): Illuminate\\Pipeline\\Pipeline->Illuminate\\Pipeline\\{closure}(Object(Illuminate\\Http\\Request))
#18 C:\\xampp\\htdocs\\kazimotoawards\\vendor\\laravel\\framework\\src\\Illuminate\\Pipeline\\Pipeline.php(167): Illuminate\\Cookie\\Middleware\\EncryptCookies->handle(Object(Illuminate\\Http\\Request), Object(Closure))
#19 C:\\xampp\\htdocs\\kazimotoawards\\vendor\\laravel\\framework\\src\\Illuminate\\Pipeline\\Pipeline.php(103): Illuminate\\Pipeline\\Pipeline->Illuminate\\Pipeline\\{closure}(Object(Illuminate\\Http\\Request))
#20 C:\\xampp\\htdocs\\kazimotoawards\\vendor\\laravel\\framework\\src\\Illuminate\\Routing\\Router.php(719): Illuminate\\Pipeline\\Pipeline->then(Object(Closure))
#21 C:\\xampp\\htdocs\\kazimotoawards\\vendor\\laravel\\framework\\src\\Illuminate\\Routing\\Router.php(698): Illuminate\\Routing\\Router->runRouteWithinStack(Object(Illuminate\\Routing\\Route), Object(Illuminate\\Http\\Request))
#22 C:\\xampp\\htdocs\\kazimotoawards\\vendor\\laravel\\framework\\src\\Illuminate\\Routing\\Router.php(662): Illuminate\\Routing\\Router->runRoute(Object(Illuminate\\Http\\Request), Object(Illuminate\\Routing\\Route))
#23 C:\\xampp\\htdocs\\kazimotoawards\\vendor\\laravel\\framework\\src\\Illuminate\\Routing\\Router.php(651): Illuminate\\Routing\\Router->dispatchToRoute(Object(Illuminate\\Http\\Request))
#24 C:\\xampp\\htdocs\\kazimotoawards\\vendor\\laravel\\framework\\src\\Illuminate\\Foundation\\Http\\Kernel.php(167): Illuminate\\Routing\\Router->dispatch(Object(Illuminate\\Http\\Request))
#25 C:\\xampp\\htdocs\\kazimotoawards\\vendor\\laravel\\framework\\src\\Illuminate\\Pipeline\\Pipeline.php(128): Illuminate\\Foundation\\Http\\Kernel->Illuminate\\Foundation\\Http\\{closure}(Object(Illuminate\\Http\\Request))
#26 C:\\xampp\\htdocs\\kazimotoawards\\vendor\\laravel\\framework\\src\\Illuminate\\Foundation\\Http\\Middleware\\TransformsRequest.php(21): Illuminate\\Pipeline\\Pipeline->Illuminate\\Pipeline\\{closure}(Object(Illuminate\\Http\\Request))
#27 C:\\xampp\\htdocs\\kazimotoawards\\vendor\\laravel\\framework\\src\\Illuminate\\Foundation\\Http\\Middleware\\ConvertEmptyStringsToNull.php(31): Illuminate\\Foundation\\Http\\Middleware\\TransformsRequest->handle(Object(Illuminate\\Http\\Request), Object(Closure))
#28 C:\\xampp\\htdocs\\kazimotoawards\\vendor\\laravel\\framework\\src\\Illuminate\\Pipeline\\Pipeline.php(167): Illuminate\\Foundation\\Http\\Middleware\\ConvertEmptyStringsToNull->handle(Object(Illuminate\\Http\\Request), Object(Closure))
#29 C:\\xampp\\htdocs\\kazimotoawards\\vendor\\laravel\\framework\\src\\Illuminate\\Foundation\\Http\\Middleware\\TransformsRequest.php(21): Illuminate\\Pipeline\\Pipeline->Illuminate\\Pipeline\\{closure}(Object(Illuminate\\Http\\Request))
#30 C:\\xampp\\htdocs\\kazimotoawards\\vendor\\laravel\\framework\\src\\Illuminate\\Foundation\\Http\\Middleware\\TrimStrings.php(40): Illuminate\\Foundation\\Http\\Middleware\\TransformsRequest->handle(Object(Illuminate\\Http\\Request), Object(Closure))
#31 C:\\xampp\\htdocs\\kazimotoawards\\vendor\\laravel\\framework\\src\\Illuminate\\Pipeline\\Pipeline.php(167): Illuminate\\Foundation\\Http\\Middleware\\TrimStrings->handle(Object(Illuminate\\Http\\Request), Object(Closure))
#32 C:\\xampp\\htdocs\\kazimotoawards\\vendor\\laravel\\framework\\src\\Illuminate\\Foundation\\Http\\Middleware\\ValidatePostSize.php(27): Illuminate\\Pipeline\\Pipeline->Illuminate\\Pipeline\\{closure}(Object(Illuminate\\Http\\Request))
#33 C:\\xampp\\htdocs\\kazimotoawards\\vendor\\laravel\\framework\\src\\Illuminate\\Pipeline\\Pipeline.php(167): Illuminate\\Foundation\\Http\\Middleware\\ValidatePostSize->handle(Object(Illuminate\\Http\\Request), Object(Closure))
#34 C:\\xampp\\htdocs\\kazimotoawards\\vendor\\laravel\\framework\\src\\Illuminate\\Foundation\\Http\\Middleware\\PreventRequestsDuringMaintenance.php(86): Illuminate\\Pipeline\\Pipeline->Illuminate\\Pipeline\\{closure}(Object(Illuminate\\Http\\Request))
#35 C:\\xampp\\htdocs\\kazimotoawards\\vendor\\laravel\\framework\\src\\Illuminate\\Pipeline\\Pipeline.php(167): Illuminate\\Foundation\\Http\\Middleware\\PreventRequestsDuringMaintenance->handle(Object(Illuminate\\Http\\Request), Object(Closure))
#36 C:\\xampp\\htdocs\\kazimotoawards\\vendor\\fruitcake\\laravel-cors\\src\\HandleCors.php(38): Illuminate\\Pipeline\\Pipeline->Illuminate\\Pipeline\\{closure}(Object(Illuminate\\Http\\Request))
#37 C:\\xampp\\htdocs\\kazimotoawards\\vendor\\laravel\\framework\\src\\Illuminate\\Pipeline\\Pipeline.php(167): Fruitcake\\Cors\\HandleCors->handle(Object(Illuminate\\Http\\Request), Object(Closure))
#38 C:\\xampp\\htdocs\\kazimotoawards\\vendor\\fideloper\\proxy\\src\\TrustProxies.php(57): Illuminate\\Pipeline\\Pipeline->Illuminate\\Pipeline\\{closure}(Object(Illuminate\\Http\\Request))
#39 C:\\xampp\\htdocs\\kazimotoawards\\vendor\\laravel\\framework\\src\\Illuminate\\Pipeline\\Pipeline.php(167): Fideloper\\Proxy\\TrustProxies->handle(Object(Illuminate\\Http\\Request), Object(Closure))
#40 C:\\xampp\\htdocs\\kazimotoawards\\vendor\\laravel\\framework\\src\\Illuminate\\Pipeline\\Pipeline.php(103): Illuminate\\Pipeline\\Pipeline->Illuminate\\Pipeline\\{closure}(Object(Illuminate\\Http\\Request))
#41 C:\\xampp\\htdocs\\kazimotoawards\\vendor\\laravel\\framework\\src\\Illuminate\\Foundation\\Http\\Kernel.php(142): Illuminate\\Pipeline\\Pipeline->then(Object(Closure))
#42 C:\\xampp\\htdocs\\kazimotoawards\\vendor\\laravel\\framework\\src\\Illuminate\\Foundation\\Http\\Kernel.php(111): Illuminate\\Foundation\\Http\\Kernel->sendRequestThroughRouter(Object(Illuminate\\Http\\Request))
#43 C:\\xampp\\htdocs\\kazimotoawards\\public\\index.php(51): Illuminate\\Foundation\\Http\\Kernel->handle(Object(Illuminate\\Http\\Request))
#44 C:\\xampp\\htdocs\\kazimotoawards\\server.php(21): require_once('C:\\\\xampp\\\\htdocs...')
#45 {main}
"} 
[2025-08-10 10:03:51] local.ERROR: Call to a member function count() on array {"userId":1,"exception":"[object] (Error(code: 0): Call to a member function count() on array at C:\\xampp\\htdocs\\kazimotoawards\\app\\Http\\Controllers\\ContestantController.php:242)
[stacktrace]
#0 C:\\xampp\\htdocs\\kazimotoawards\\vendor\\laravel\\framework\\src\\Illuminate\\Routing\\Controller.php(54): App\\Http\\Controllers\\ContestantController->store(Object(Illuminate\\Http\\Request))
#1 C:\\xampp\\htdocs\\kazimotoawards\\vendor\\laravel\\framework\\src\\Illuminate\\Routing\\ControllerDispatcher.php(45): Illuminate\\Routing\\Controller->callAction('store', Array)
#2 C:\\xampp\\htdocs\\kazimotoawards\\vendor\\laravel\\framework\\src\\Illuminate\\Routing\\Route.php(261): Illuminate\\Routing\\ControllerDispatcher->dispatch(Object(Illuminate\\Routing\\Route), Object(App\\Http\\Controllers\\ContestantController), 'store')
#3 C:\\xampp\\htdocs\\kazimotoawards\\vendor\\laravel\\framework\\src\\Illuminate\\Routing\\Route.php(205): Illuminate\\Routing\\Route->runController()
#4 C:\\xampp\\htdocs\\kazimotoawards\\vendor\\laravel\\framework\\src\\Illuminate\\Routing\\Router.php(721): Illuminate\\Routing\\Route->run()
#5 C:\\xampp\\htdocs\\kazimotoawards\\vendor\\laravel\\framework\\src\\Illuminate\\Pipeline\\Pipeline.php(128): Illuminate\\Routing\\Router->Illuminate\\Routing\\{closure}(Object(Illuminate\\Http\\Request))
#6 C:\\xampp\\htdocs\\kazimotoawards\\vendor\\laravel\\framework\\src\\Illuminate\\Routing\\Middleware\\SubstituteBindings.php(50): Illuminate\\Pipeline\\Pipeline->Illuminate\\Pipeline\\{closure}(Object(Illuminate\\Http\\Request))
#7 C:\\xampp\\htdocs\\kazimotoawards\\vendor\\laravel\\framework\\src\\Illuminate\\Pipeline\\Pipeline.php(167): Illuminate\\Routing\\Middleware\\SubstituteBindings->handle(Object(Illuminate\\Http\\Request), Object(Closure))
#8 C:\\xampp\\htdocs\\kazimotoawards\\vendor\\laravel\\framework\\src\\Illuminate\\Foundation\\Http\\Middleware\\VerifyCsrfToken.php(78): Illuminate\\Pipeline\\Pipeline->Illuminate\\Pipeline\\{closure}(Object(Illuminate\\Http\\Request))
#9 C:\\xampp\\htdocs\\kazimotoawards\\vendor\\laravel\\framework\\src\\Illuminate\\Pipeline\\Pipeline.php(167): Illuminate\\Foundation\\Http\\Middleware\\VerifyCsrfToken->handle(Object(Illuminate\\Http\\Request), Object(Closure))
#10 C:\\xampp\\htdocs\\kazimotoawards\\vendor\\laravel\\framework\\src\\Illuminate\\View\\Middleware\\ShareErrorsFromSession.php(49): Illuminate\\Pipeline\\Pipeline->Illuminate\\Pipeline\\{closure}(Object(Illuminate\\Http\\Request))
#11 C:\\xampp\\htdocs\\kazimotoawards\\vendor\\laravel\\framework\\src\\Illuminate\\Pipeline\\Pipeline.php(167): Illuminate\\View\\Middleware\\ShareErrorsFromSession->handle(Object(Illuminate\\Http\\Request), Object(Closure))
#12 C:\\xampp\\htdocs\\kazimotoawards\\vendor\\laravel\\framework\\src\\Illuminate\\Session\\Middleware\\StartSession.php(121): Illuminate\\Pipeline\\Pipeline->Illuminate\\Pipeline\\{closure}(Object(Illuminate\\Http\\Request))
#13 C:\\xampp\\htdocs\\kazimotoawards\\vendor\\laravel\\framework\\src\\Illuminate\\Session\\Middleware\\StartSession.php(64): Illuminate\\Session\\Middleware\\StartSession->handleStatefulRequest(Object(Illuminate\\Http\\Request), Object(Illuminate\\Session\\Store), Object(Closure))
#14 C:\\xampp\\htdocs\\kazimotoawards\\vendor\\laravel\\framework\\src\\Illuminate\\Pipeline\\Pipeline.php(167): Illuminate\\Session\\Middleware\\StartSession->handle(Object(Illuminate\\Http\\Request), Object(Closure))
#15 C:\\xampp\\htdocs\\kazimotoawards\\vendor\\laravel\\framework\\src\\Illuminate\\Cookie\\Middleware\\AddQueuedCookiesToResponse.php(37): Illuminate\\Pipeline\\Pipeline->Illuminate\\Pipeline\\{closure}(Object(Illuminate\\Http\\Request))
#16 C:\\xampp\\htdocs\\kazimotoawards\\vendor\\laravel\\framework\\src\\Illuminate\\Pipeline\\Pipeline.php(167): Illuminate\\Cookie\\Middleware\\AddQueuedCookiesToResponse->handle(Object(Illuminate\\Http\\Request), Object(Closure))
#17 C:\\xampp\\htdocs\\kazimotoawards\\vendor\\laravel\\framework\\src\\Illuminate\\Cookie\\Middleware\\EncryptCookies.php(67): Illuminate\\Pipeline\\Pipeline->Illuminate\\Pipeline\\{closure}(Object(Illuminate\\Http\\Request))
#18 C:\\xampp\\htdocs\\kazimotoawards\\vendor\\laravel\\framework\\src\\Illuminate\\Pipeline\\Pipeline.php(167): Illuminate\\Cookie\\Middleware\\EncryptCookies->handle(Object(Illuminate\\Http\\Request), Object(Closure))
#19 C:\\xampp\\htdocs\\kazimotoawards\\vendor\\laravel\\framework\\src\\Illuminate\\Pipeline\\Pipeline.php(103): Illuminate\\Pipeline\\Pipeline->Illuminate\\Pipeline\\{closure}(Object(Illuminate\\Http\\Request))
#20 C:\\xampp\\htdocs\\kazimotoawards\\vendor\\laravel\\framework\\src\\Illuminate\\Routing\\Router.php(719): Illuminate\\Pipeline\\Pipeline->then(Object(Closure))
#21 C:\\xampp\\htdocs\\kazimotoawards\\vendor\\laravel\\framework\\src\\Illuminate\\Routing\\Router.php(698): Illuminate\\Routing\\Router->runRouteWithinStack(Object(Illuminate\\Routing\\Route), Object(Illuminate\\Http\\Request))
#22 C:\\xampp\\htdocs\\kazimotoawards\\vendor\\laravel\\framework\\src\\Illuminate\\Routing\\Router.php(662): Illuminate\\Routing\\Router->runRoute(Object(Illuminate\\Http\\Request), Object(Illuminate\\Routing\\Route))
#23 C:\\xampp\\htdocs\\kazimotoawards\\vendor\\laravel\\framework\\src\\Illuminate\\Routing\\Router.php(651): Illuminate\\Routing\\Router->dispatchToRoute(Object(Illuminate\\Http\\Request))
#24 C:\\xampp\\htdocs\\kazimotoawards\\vendor\\laravel\\framework\\src\\Illuminate\\Foundation\\Http\\Kernel.php(167): Illuminate\\Routing\\Router->dispatch(Object(Illuminate\\Http\\Request))
#25 C:\\xampp\\htdocs\\kazimotoawards\\vendor\\laravel\\framework\\src\\Illuminate\\Pipeline\\Pipeline.php(128): Illuminate\\Foundation\\Http\\Kernel->Illuminate\\Foundation\\Http\\{closure}(Object(Illuminate\\Http\\Request))
#26 C:\\xampp\\htdocs\\kazimotoawards\\vendor\\laravel\\framework\\src\\Illuminate\\Foundation\\Http\\Middleware\\TransformsRequest.php(21): Illuminate\\Pipeline\\Pipeline->Illuminate\\Pipeline\\{closure}(Object(Illuminate\\Http\\Request))
#27 C:\\xampp\\htdocs\\kazimotoawards\\vendor\\laravel\\framework\\src\\Illuminate\\Foundation\\Http\\Middleware\\ConvertEmptyStringsToNull.php(31): Illuminate\\Foundation\\Http\\Middleware\\TransformsRequest->handle(Object(Illuminate\\Http\\Request), Object(Closure))
#28 C:\\xampp\\htdocs\\kazimotoawards\\vendor\\laravel\\framework\\src\\Illuminate\\Pipeline\\Pipeline.php(167): Illuminate\\Foundation\\Http\\Middleware\\ConvertEmptyStringsToNull->handle(Object(Illuminate\\Http\\Request), Object(Closure))
#29 C:\\xampp\\htdocs\\kazimotoawards\\vendor\\laravel\\framework\\src\\Illuminate\\Foundation\\Http\\Middleware\\TransformsRequest.php(21): Illuminate\\Pipeline\\Pipeline->Illuminate\\Pipeline\\{closure}(Object(Illuminate\\Http\\Request))
#30 C:\\xampp\\htdocs\\kazimotoawards\\vendor\\laravel\\framework\\src\\Illuminate\\Foundation\\Http\\Middleware\\TrimStrings.php(40): Illuminate\\Foundation\\Http\\Middleware\\TransformsRequest->handle(Object(Illuminate\\Http\\Request), Object(Closure))
#31 C:\\xampp\\htdocs\\kazimotoawards\\vendor\\laravel\\framework\\src\\Illuminate\\Pipeline\\Pipeline.php(167): Illuminate\\Foundation\\Http\\Middleware\\TrimStrings->handle(Object(Illuminate\\Http\\Request), Object(Closure))
#32 C:\\xampp\\htdocs\\kazimotoawards\\vendor\\laravel\\framework\\src\\Illuminate\\Foundation\\Http\\Middleware\\ValidatePostSize.php(27): Illuminate\\Pipeline\\Pipeline->Illuminate\\Pipeline\\{closure}(Object(Illuminate\\Http\\Request))
#33 C:\\xampp\\htdocs\\kazimotoawards\\vendor\\laravel\\framework\\src\\Illuminate\\Pipeline\\Pipeline.php(167): Illuminate\\Foundation\\Http\\Middleware\\ValidatePostSize->handle(Object(Illuminate\\Http\\Request), Object(Closure))
#34 C:\\xampp\\htdocs\\kazimotoawards\\vendor\\laravel\\framework\\src\\Illuminate\\Foundation\\Http\\Middleware\\PreventRequestsDuringMaintenance.php(86): Illuminate\\Pipeline\\Pipeline->Illuminate\\Pipeline\\{closure}(Object(Illuminate\\Http\\Request))
#35 C:\\xampp\\htdocs\\kazimotoawards\\vendor\\laravel\\framework\\src\\Illuminate\\Pipeline\\Pipeline.php(167): Illuminate\\Foundation\\Http\\Middleware\\PreventRequestsDuringMaintenance->handle(Object(Illuminate\\Http\\Request), Object(Closure))
#36 C:\\xampp\\htdocs\\kazimotoawards\\vendor\\fruitcake\\laravel-cors\\src\\HandleCors.php(38): Illuminate\\Pipeline\\Pipeline->Illuminate\\Pipeline\\{closure}(Object(Illuminate\\Http\\Request))
#37 C:\\xampp\\htdocs\\kazimotoawards\\vendor\\laravel\\framework\\src\\Illuminate\\Pipeline\\Pipeline.php(167): Fruitcake\\Cors\\HandleCors->handle(Object(Illuminate\\Http\\Request), Object(Closure))
#38 C:\\xampp\\htdocs\\kazimotoawards\\vendor\\fideloper\\proxy\\src\\TrustProxies.php(57): Illuminate\\Pipeline\\Pipeline->Illuminate\\Pipeline\\{closure}(Object(Illuminate\\Http\\Request))
#39 C:\\xampp\\htdocs\\kazimotoawards\\vendor\\laravel\\framework\\src\\Illuminate\\Pipeline\\Pipeline.php(167): Fideloper\\Proxy\\TrustProxies->handle(Object(Illuminate\\Http\\Request), Object(Closure))
#40 C:\\xampp\\htdocs\\kazimotoawards\\vendor\\laravel\\framework\\src\\Illuminate\\Pipeline\\Pipeline.php(103): Illuminate\\Pipeline\\Pipeline->Illuminate\\Pipeline\\{closure}(Object(Illuminate\\Http\\Request))
#41 C:\\xampp\\htdocs\\kazimotoawards\\vendor\\laravel\\framework\\src\\Illuminate\\Foundation\\Http\\Kernel.php(142): Illuminate\\Pipeline\\Pipeline->then(Object(Closure))
#42 C:\\xampp\\htdocs\\kazimotoawards\\vendor\\laravel\\framework\\src\\Illuminate\\Foundation\\Http\\Kernel.php(111): Illuminate\\Foundation\\Http\\Kernel->sendRequestThroughRouter(Object(Illuminate\\Http\\Request))
#43 C:\\xampp\\htdocs\\kazimotoawards\\public\\index.php(51): Illuminate\\Foundation\\Http\\Kernel->handle(Object(Illuminate\\Http\\Request))
#44 C:\\xampp\\htdocs\\kazimotoawards\\server.php(21): require_once('C:\\\\xampp\\\\htdocs...')
#45 {main}
"} 
[2025-08-10 10:06:40] local.ERROR: Call to a member function count() on array {"userId":1,"exception":"[object] (Error(code: 0): Call to a member function count() on array at C:\\xampp\\htdocs\\kazimotoawards\\app\\Http\\Controllers\\ContestantController.php:244)
[stacktrace]
#0 C:\\xampp\\htdocs\\kazimotoawards\\vendor\\laravel\\framework\\src\\Illuminate\\Routing\\Controller.php(54): App\\Http\\Controllers\\ContestantController->store(Object(Illuminate\\Http\\Request))
#1 C:\\xampp\\htdocs\\kazimotoawards\\vendor\\laravel\\framework\\src\\Illuminate\\Routing\\ControllerDispatcher.php(45): Illuminate\\Routing\\Controller->callAction('store', Array)
#2 C:\\xampp\\htdocs\\kazimotoawards\\vendor\\laravel\\framework\\src\\Illuminate\\Routing\\Route.php(261): Illuminate\\Routing\\ControllerDispatcher->dispatch(Object(Illuminate\\Routing\\Route), Object(App\\Http\\Controllers\\ContestantController), 'store')
#3 C:\\xampp\\htdocs\\kazimotoawards\\vendor\\laravel\\framework\\src\\Illuminate\\Routing\\Route.php(205): Illuminate\\Routing\\Route->runController()
#4 C:\\xampp\\htdocs\\kazimotoawards\\vendor\\laravel\\framework\\src\\Illuminate\\Routing\\Router.php(721): Illuminate\\Routing\\Route->run()
#5 C:\\xampp\\htdocs\\kazimotoawards\\vendor\\laravel\\framework\\src\\Illuminate\\Pipeline\\Pipeline.php(128): Illuminate\\Routing\\Router->Illuminate\\Routing\\{closure}(Object(Illuminate\\Http\\Request))
#6 C:\\xampp\\htdocs\\kazimotoawards\\vendor\\laravel\\framework\\src\\Illuminate\\Routing\\Middleware\\SubstituteBindings.php(50): Illuminate\\Pipeline\\Pipeline->Illuminate\\Pipeline\\{closure}(Object(Illuminate\\Http\\Request))
#7 C:\\xampp\\htdocs\\kazimotoawards\\vendor\\laravel\\framework\\src\\Illuminate\\Pipeline\\Pipeline.php(167): Illuminate\\Routing\\Middleware\\SubstituteBindings->handle(Object(Illuminate\\Http\\Request), Object(Closure))
#8 C:\\xampp\\htdocs\\kazimotoawards\\vendor\\laravel\\framework\\src\\Illuminate\\Foundation\\Http\\Middleware\\VerifyCsrfToken.php(78): Illuminate\\Pipeline\\Pipeline->Illuminate\\Pipeline\\{closure}(Object(Illuminate\\Http\\Request))
#9 C:\\xampp\\htdocs\\kazimotoawards\\vendor\\laravel\\framework\\src\\Illuminate\\Pipeline\\Pipeline.php(167): Illuminate\\Foundation\\Http\\Middleware\\VerifyCsrfToken->handle(Object(Illuminate\\Http\\Request), Object(Closure))
#10 C:\\xampp\\htdocs\\kazimotoawards\\vendor\\laravel\\framework\\src\\Illuminate\\View\\Middleware\\ShareErrorsFromSession.php(49): Illuminate\\Pipeline\\Pipeline->Illuminate\\Pipeline\\{closure}(Object(Illuminate\\Http\\Request))
#11 C:\\xampp\\htdocs\\kazimotoawards\\vendor\\laravel\\framework\\src\\Illuminate\\Pipeline\\Pipeline.php(167): Illuminate\\View\\Middleware\\ShareErrorsFromSession->handle(Object(Illuminate\\Http\\Request), Object(Closure))
#12 C:\\xampp\\htdocs\\kazimotoawards\\vendor\\laravel\\framework\\src\\Illuminate\\Session\\Middleware\\StartSession.php(121): Illuminate\\Pipeline\\Pipeline->Illuminate\\Pipeline\\{closure}(Object(Illuminate\\Http\\Request))
#13 C:\\xampp\\htdocs\\kazimotoawards\\vendor\\laravel\\framework\\src\\Illuminate\\Session\\Middleware\\StartSession.php(64): Illuminate\\Session\\Middleware\\StartSession->handleStatefulRequest(Object(Illuminate\\Http\\Request), Object(Illuminate\\Session\\Store), Object(Closure))
#14 C:\\xampp\\htdocs\\kazimotoawards\\vendor\\laravel\\framework\\src\\Illuminate\\Pipeline\\Pipeline.php(167): Illuminate\\Session\\Middleware\\StartSession->handle(Object(Illuminate\\Http\\Request), Object(Closure))
#15 C:\\xampp\\htdocs\\kazimotoawards\\vendor\\laravel\\framework\\src\\Illuminate\\Cookie\\Middleware\\AddQueuedCookiesToResponse.php(37): Illuminate\\Pipeline\\Pipeline->Illuminate\\Pipeline\\{closure}(Object(Illuminate\\Http\\Request))
#16 C:\\xampp\\htdocs\\kazimotoawards\\vendor\\laravel\\framework\\src\\Illuminate\\Pipeline\\Pipeline.php(167): Illuminate\\Cookie\\Middleware\\AddQueuedCookiesToResponse->handle(Object(Illuminate\\Http\\Request), Object(Closure))
#17 C:\\xampp\\htdocs\\kazimotoawards\\vendor\\laravel\\framework\\src\\Illuminate\\Cookie\\Middleware\\EncryptCookies.php(67): Illuminate\\Pipeline\\Pipeline->Illuminate\\Pipeline\\{closure}(Object(Illuminate\\Http\\Request))
#18 C:\\xampp\\htdocs\\kazimotoawards\\vendor\\laravel\\framework\\src\\Illuminate\\Pipeline\\Pipeline.php(167): Illuminate\\Cookie\\Middleware\\EncryptCookies->handle(Object(Illuminate\\Http\\Request), Object(Closure))
#19 C:\\xampp\\htdocs\\kazimotoawards\\vendor\\laravel\\framework\\src\\Illuminate\\Pipeline\\Pipeline.php(103): Illuminate\\Pipeline\\Pipeline->Illuminate\\Pipeline\\{closure}(Object(Illuminate\\Http\\Request))
#20 C:\\xampp\\htdocs\\kazimotoawards\\vendor\\laravel\\framework\\src\\Illuminate\\Routing\\Router.php(719): Illuminate\\Pipeline\\Pipeline->then(Object(Closure))
#21 C:\\xampp\\htdocs\\kazimotoawards\\vendor\\laravel\\framework\\src\\Illuminate\\Routing\\Router.php(698): Illuminate\\Routing\\Router->runRouteWithinStack(Object(Illuminate\\Routing\\Route), Object(Illuminate\\Http\\Request))
#22 C:\\xampp\\htdocs\\kazimotoawards\\vendor\\laravel\\framework\\src\\Illuminate\\Routing\\Router.php(662): Illuminate\\Routing\\Router->runRoute(Object(Illuminate\\Http\\Request), Object(Illuminate\\Routing\\Route))
#23 C:\\xampp\\htdocs\\kazimotoawards\\vendor\\laravel\\framework\\src\\Illuminate\\Routing\\Router.php(651): Illuminate\\Routing\\Router->dispatchToRoute(Object(Illuminate\\Http\\Request))
#24 C:\\xampp\\htdocs\\kazimotoawards\\vendor\\laravel\\framework\\src\\Illuminate\\Foundation\\Http\\Kernel.php(167): Illuminate\\Routing\\Router->dispatch(Object(Illuminate\\Http\\Request))
#25 C:\\xampp\\htdocs\\kazimotoawards\\vendor\\laravel\\framework\\src\\Illuminate\\Pipeline\\Pipeline.php(128): Illuminate\\Foundation\\Http\\Kernel->Illuminate\\Foundation\\Http\\{closure}(Object(Illuminate\\Http\\Request))
#26 C:\\xampp\\htdocs\\kazimotoawards\\vendor\\laravel\\framework\\src\\Illuminate\\Foundation\\Http\\Middleware\\TransformsRequest.php(21): Illuminate\\Pipeline\\Pipeline->Illuminate\\Pipeline\\{closure}(Object(Illuminate\\Http\\Request))
#27 C:\\xampp\\htdocs\\kazimotoawards\\vendor\\laravel\\framework\\src\\Illuminate\\Foundation\\Http\\Middleware\\ConvertEmptyStringsToNull.php(31): Illuminate\\Foundation\\Http\\Middleware\\TransformsRequest->handle(Object(Illuminate\\Http\\Request), Object(Closure))
#28 C:\\xampp\\htdocs\\kazimotoawards\\vendor\\laravel\\framework\\src\\Illuminate\\Pipeline\\Pipeline.php(167): Illuminate\\Foundation\\Http\\Middleware\\ConvertEmptyStringsToNull->handle(Object(Illuminate\\Http\\Request), Object(Closure))
#29 C:\\xampp\\htdocs\\kazimotoawards\\vendor\\laravel\\framework\\src\\Illuminate\\Foundation\\Http\\Middleware\\TransformsRequest.php(21): Illuminate\\Pipeline\\Pipeline->Illuminate\\Pipeline\\{closure}(Object(Illuminate\\Http\\Request))
#30 C:\\xampp\\htdocs\\kazimotoawards\\vendor\\laravel\\framework\\src\\Illuminate\\Foundation\\Http\\Middleware\\TrimStrings.php(40): Illuminate\\Foundation\\Http\\Middleware\\TransformsRequest->handle(Object(Illuminate\\Http\\Request), Object(Closure))
#31 C:\\xampp\\htdocs\\kazimotoawards\\vendor\\laravel\\framework\\src\\Illuminate\\Pipeline\\Pipeline.php(167): Illuminate\\Foundation\\Http\\Middleware\\TrimStrings->handle(Object(Illuminate\\Http\\Request), Object(Closure))
#32 C:\\xampp\\htdocs\\kazimotoawards\\vendor\\laravel\\framework\\src\\Illuminate\\Foundation\\Http\\Middleware\\ValidatePostSize.php(27): Illuminate\\Pipeline\\Pipeline->Illuminate\\Pipeline\\{closure}(Object(Illuminate\\Http\\Request))
#33 C:\\xampp\\htdocs\\kazimotoawards\\vendor\\laravel\\framework\\src\\Illuminate\\Pipeline\\Pipeline.php(167): Illuminate\\Foundation\\Http\\Middleware\\ValidatePostSize->handle(Object(Illuminate\\Http\\Request), Object(Closure))
#34 C:\\xampp\\htdocs\\kazimotoawards\\vendor\\laravel\\framework\\src\\Illuminate\\Foundation\\Http\\Middleware\\PreventRequestsDuringMaintenance.php(86): Illuminate\\Pipeline\\Pipeline->Illuminate\\Pipeline\\{closure}(Object(Illuminate\\Http\\Request))
#35 C:\\xampp\\htdocs\\kazimotoawards\\vendor\\laravel\\framework\\src\\Illuminate\\Pipeline\\Pipeline.php(167): Illuminate\\Foundation\\Http\\Middleware\\PreventRequestsDuringMaintenance->handle(Object(Illuminate\\Http\\Request), Object(Closure))
#36 C:\\xampp\\htdocs\\kazimotoawards\\vendor\\fruitcake\\laravel-cors\\src\\HandleCors.php(38): Illuminate\\Pipeline\\Pipeline->Illuminate\\Pipeline\\{closure}(Object(Illuminate\\Http\\Request))
#37 C:\\xampp\\htdocs\\kazimotoawards\\vendor\\laravel\\framework\\src\\Illuminate\\Pipeline\\Pipeline.php(167): Fruitcake\\Cors\\HandleCors->handle(Object(Illuminate\\Http\\Request), Object(Closure))
#38 C:\\xampp\\htdocs\\kazimotoawards\\vendor\\fideloper\\proxy\\src\\TrustProxies.php(57): Illuminate\\Pipeline\\Pipeline->Illuminate\\Pipeline\\{closure}(Object(Illuminate\\Http\\Request))
#39 C:\\xampp\\htdocs\\kazimotoawards\\vendor\\laravel\\framework\\src\\Illuminate\\Pipeline\\Pipeline.php(167): Fideloper\\Proxy\\TrustProxies->handle(Object(Illuminate\\Http\\Request), Object(Closure))
#40 C:\\xampp\\htdocs\\kazimotoawards\\vendor\\laravel\\framework\\src\\Illuminate\\Pipeline\\Pipeline.php(103): Illuminate\\Pipeline\\Pipeline->Illuminate\\Pipeline\\{closure}(Object(Illuminate\\Http\\Request))
#41 C:\\xampp\\htdocs\\kazimotoawards\\vendor\\laravel\\framework\\src\\Illuminate\\Foundation\\Http\\Kernel.php(142): Illuminate\\Pipeline\\Pipeline->then(Object(Closure))
#42 C:\\xampp\\htdocs\\kazimotoawards\\vendor\\laravel\\framework\\src\\Illuminate\\Foundation\\Http\\Kernel.php(111): Illuminate\\Foundation\\Http\\Kernel->sendRequestThroughRouter(Object(Illuminate\\Http\\Request))
#43 C:\\xampp\\htdocs\\kazimotoawards\\public\\index.php(51): Illuminate\\Foundation\\Http\\Kernel->handle(Object(Illuminate\\Http\\Request))
#44 C:\\xampp\\htdocs\\kazimotoawards\\server.php(21): require_once('C:\\\\xampp\\\\htdocs...')
#45 {main}
"} 
[2025-08-10 10:16:21] local.ERROR: Call to a member function count() on array {"userId":1,"exception":"[object] (Error(code: 0): Call to a member function count() on array at C:\\xampp\\htdocs\\kazimotoawards\\app\\Http\\Controllers\\ContestantController.php:245)
[stacktrace]
#0 C:\\xampp\\htdocs\\kazimotoawards\\vendor\\laravel\\framework\\src\\Illuminate\\Routing\\Controller.php(54): App\\Http\\Controllers\\ContestantController->store(Object(Illuminate\\Http\\Request))
#1 C:\\xampp\\htdocs\\kazimotoawards\\vendor\\laravel\\framework\\src\\Illuminate\\Routing\\ControllerDispatcher.php(45): Illuminate\\Routing\\Controller->callAction('store', Array)
#2 C:\\xampp\\htdocs\\kazimotoawards\\vendor\\laravel\\framework\\src\\Illuminate\\Routing\\Route.php(261): Illuminate\\Routing\\ControllerDispatcher->dispatch(Object(Illuminate\\Routing\\Route), Object(App\\Http\\Controllers\\ContestantController), 'store')
#3 C:\\xampp\\htdocs\\kazimotoawards\\vendor\\laravel\\framework\\src\\Illuminate\\Routing\\Route.php(205): Illuminate\\Routing\\Route->runController()
#4 C:\\xampp\\htdocs\\kazimotoawards\\vendor\\laravel\\framework\\src\\Illuminate\\Routing\\Router.php(721): Illuminate\\Routing\\Route->run()
#5 C:\\xampp\\htdocs\\kazimotoawards\\vendor\\laravel\\framework\\src\\Illuminate\\Pipeline\\Pipeline.php(128): Illuminate\\Routing\\Router->Illuminate\\Routing\\{closure}(Object(Illuminate\\Http\\Request))
#6 C:\\xampp\\htdocs\\kazimotoawards\\vendor\\laravel\\framework\\src\\Illuminate\\Routing\\Middleware\\SubstituteBindings.php(50): Illuminate\\Pipeline\\Pipeline->Illuminate\\Pipeline\\{closure}(Object(Illuminate\\Http\\Request))
#7 C:\\xampp\\htdocs\\kazimotoawards\\vendor\\laravel\\framework\\src\\Illuminate\\Pipeline\\Pipeline.php(167): Illuminate\\Routing\\Middleware\\SubstituteBindings->handle(Object(Illuminate\\Http\\Request), Object(Closure))
#8 C:\\xampp\\htdocs\\kazimotoawards\\vendor\\laravel\\framework\\src\\Illuminate\\Foundation\\Http\\Middleware\\VerifyCsrfToken.php(78): Illuminate\\Pipeline\\Pipeline->Illuminate\\Pipeline\\{closure}(Object(Illuminate\\Http\\Request))
#9 C:\\xampp\\htdocs\\kazimotoawards\\vendor\\laravel\\framework\\src\\Illuminate\\Pipeline\\Pipeline.php(167): Illuminate\\Foundation\\Http\\Middleware\\VerifyCsrfToken->handle(Object(Illuminate\\Http\\Request), Object(Closure))
#10 C:\\xampp\\htdocs\\kazimotoawards\\vendor\\laravel\\framework\\src\\Illuminate\\View\\Middleware\\ShareErrorsFromSession.php(49): Illuminate\\Pipeline\\Pipeline->Illuminate\\Pipeline\\{closure}(Object(Illuminate\\Http\\Request))
#11 C:\\xampp\\htdocs\\kazimotoawards\\vendor\\laravel\\framework\\src\\Illuminate\\Pipeline\\Pipeline.php(167): Illuminate\\View\\Middleware\\ShareErrorsFromSession->handle(Object(Illuminate\\Http\\Request), Object(Closure))
#12 C:\\xampp\\htdocs\\kazimotoawards\\vendor\\laravel\\framework\\src\\Illuminate\\Session\\Middleware\\StartSession.php(121): Illuminate\\Pipeline\\Pipeline->Illuminate\\Pipeline\\{closure}(Object(Illuminate\\Http\\Request))
#13 C:\\xampp\\htdocs\\kazimotoawards\\vendor\\laravel\\framework\\src\\Illuminate\\Session\\Middleware\\StartSession.php(64): Illuminate\\Session\\Middleware\\StartSession->handleStatefulRequest(Object(Illuminate\\Http\\Request), Object(Illuminate\\Session\\Store), Object(Closure))
#14 C:\\xampp\\htdocs\\kazimotoawards\\vendor\\laravel\\framework\\src\\Illuminate\\Pipeline\\Pipeline.php(167): Illuminate\\Session\\Middleware\\StartSession->handle(Object(Illuminate\\Http\\Request), Object(Closure))
#15 C:\\xampp\\htdocs\\kazimotoawards\\vendor\\laravel\\framework\\src\\Illuminate\\Cookie\\Middleware\\AddQueuedCookiesToResponse.php(37): Illuminate\\Pipeline\\Pipeline->Illuminate\\Pipeline\\{closure}(Object(Illuminate\\Http\\Request))
#16 C:\\xampp\\htdocs\\kazimotoawards\\vendor\\laravel\\framework\\src\\Illuminate\\Pipeline\\Pipeline.php(167): Illuminate\\Cookie\\Middleware\\AddQueuedCookiesToResponse->handle(Object(Illuminate\\Http\\Request), Object(Closure))
#17 C:\\xampp\\htdocs\\kazimotoawards\\vendor\\laravel\\framework\\src\\Illuminate\\Cookie\\Middleware\\EncryptCookies.php(67): Illuminate\\Pipeline\\Pipeline->Illuminate\\Pipeline\\{closure}(Object(Illuminate\\Http\\Request))
#18 C:\\xampp\\htdocs\\kazimotoawards\\vendor\\laravel\\framework\\src\\Illuminate\\Pipeline\\Pipeline.php(167): Illuminate\\Cookie\\Middleware\\EncryptCookies->handle(Object(Illuminate\\Http\\Request), Object(Closure))
#19 C:\\xampp\\htdocs\\kazimotoawards\\vendor\\laravel\\framework\\src\\Illuminate\\Pipeline\\Pipeline.php(103): Illuminate\\Pipeline\\Pipeline->Illuminate\\Pipeline\\{closure}(Object(Illuminate\\Http\\Request))
#20 C:\\xampp\\htdocs\\kazimotoawards\\vendor\\laravel\\framework\\src\\Illuminate\\Routing\\Router.php(719): Illuminate\\Pipeline\\Pipeline->then(Object(Closure))
#21 C:\\xampp\\htdocs\\kazimotoawards\\vendor\\laravel\\framework\\src\\Illuminate\\Routing\\Router.php(698): Illuminate\\Routing\\Router->runRouteWithinStack(Object(Illuminate\\Routing\\Route), Object(Illuminate\\Http\\Request))
#22 C:\\xampp\\htdocs\\kazimotoawards\\vendor\\laravel\\framework\\src\\Illuminate\\Routing\\Router.php(662): Illuminate\\Routing\\Router->runRoute(Object(Illuminate\\Http\\Request), Object(Illuminate\\Routing\\Route))
#23 C:\\xampp\\htdocs\\kazimotoawards\\vendor\\laravel\\framework\\src\\Illuminate\\Routing\\Router.php(651): Illuminate\\Routing\\Router->dispatchToRoute(Object(Illuminate\\Http\\Request))
#24 C:\\xampp\\htdocs\\kazimotoawards\\vendor\\laravel\\framework\\src\\Illuminate\\Foundation\\Http\\Kernel.php(167): Illuminate\\Routing\\Router->dispatch(Object(Illuminate\\Http\\Request))
#25 C:\\xampp\\htdocs\\kazimotoawards\\vendor\\laravel\\framework\\src\\Illuminate\\Pipeline\\Pipeline.php(128): Illuminate\\Foundation\\Http\\Kernel->Illuminate\\Foundation\\Http\\{closure}(Object(Illuminate\\Http\\Request))
#26 C:\\xampp\\htdocs\\kazimotoawards\\vendor\\laravel\\framework\\src\\Illuminate\\Foundation\\Http\\Middleware\\TransformsRequest.php(21): Illuminate\\Pipeline\\Pipeline->Illuminate\\Pipeline\\{closure}(Object(Illuminate\\Http\\Request))
#27 C:\\xampp\\htdocs\\kazimotoawards\\vendor\\laravel\\framework\\src\\Illuminate\\Foundation\\Http\\Middleware\\ConvertEmptyStringsToNull.php(31): Illuminate\\Foundation\\Http\\Middleware\\TransformsRequest->handle(Object(Illuminate\\Http\\Request), Object(Closure))
#28 C:\\xampp\\htdocs\\kazimotoawards\\vendor\\laravel\\framework\\src\\Illuminate\\Pipeline\\Pipeline.php(167): Illuminate\\Foundation\\Http\\Middleware\\ConvertEmptyStringsToNull->handle(Object(Illuminate\\Http\\Request), Object(Closure))
#29 C:\\xampp\\htdocs\\kazimotoawards\\vendor\\laravel\\framework\\src\\Illuminate\\Foundation\\Http\\Middleware\\TransformsRequest.php(21): Illuminate\\Pipeline\\Pipeline->Illuminate\\Pipeline\\{closure}(Object(Illuminate\\Http\\Request))
#30 C:\\xampp\\htdocs\\kazimotoawards\\vendor\\laravel\\framework\\src\\Illuminate\\Foundation\\Http\\Middleware\\TrimStrings.php(40): Illuminate\\Foundation\\Http\\Middleware\\TransformsRequest->handle(Object(Illuminate\\Http\\Request), Object(Closure))
#31 C:\\xampp\\htdocs\\kazimotoawards\\vendor\\laravel\\framework\\src\\Illuminate\\Pipeline\\Pipeline.php(167): Illuminate\\Foundation\\Http\\Middleware\\TrimStrings->handle(Object(Illuminate\\Http\\Request), Object(Closure))
#32 C:\\xampp\\htdocs\\kazimotoawards\\vendor\\laravel\\framework\\src\\Illuminate\\Foundation\\Http\\Middleware\\ValidatePostSize.php(27): Illuminate\\Pipeline\\Pipeline->Illuminate\\Pipeline\\{closure}(Object(Illuminate\\Http\\Request))
#33 C:\\xampp\\htdocs\\kazimotoawards\\vendor\\laravel\\framework\\src\\Illuminate\\Pipeline\\Pipeline.php(167): Illuminate\\Foundation\\Http\\Middleware\\ValidatePostSize->handle(Object(Illuminate\\Http\\Request), Object(Closure))
#34 C:\\xampp\\htdocs\\kazimotoawards\\vendor\\laravel\\framework\\src\\Illuminate\\Foundation\\Http\\Middleware\\PreventRequestsDuringMaintenance.php(86): Illuminate\\Pipeline\\Pipeline->Illuminate\\Pipeline\\{closure}(Object(Illuminate\\Http\\Request))
#35 C:\\xampp\\htdocs\\kazimotoawards\\vendor\\laravel\\framework\\src\\Illuminate\\Pipeline\\Pipeline.php(167): Illuminate\\Foundation\\Http\\Middleware\\PreventRequestsDuringMaintenance->handle(Object(Illuminate\\Http\\Request), Object(Closure))
#36 C:\\xampp\\htdocs\\kazimotoawards\\vendor\\fruitcake\\laravel-cors\\src\\HandleCors.php(38): Illuminate\\Pipeline\\Pipeline->Illuminate\\Pipeline\\{closure}(Object(Illuminate\\Http\\Request))
#37 C:\\xampp\\htdocs\\kazimotoawards\\vendor\\laravel\\framework\\src\\Illuminate\\Pipeline\\Pipeline.php(167): Fruitcake\\Cors\\HandleCors->handle(Object(Illuminate\\Http\\Request), Object(Closure))
#38 C:\\xampp\\htdocs\\kazimotoawards\\vendor\\fideloper\\proxy\\src\\TrustProxies.php(57): Illuminate\\Pipeline\\Pipeline->Illuminate\\Pipeline\\{closure}(Object(Illuminate\\Http\\Request))
#39 C:\\xampp\\htdocs\\kazimotoawards\\vendor\\laravel\\framework\\src\\Illuminate\\Pipeline\\Pipeline.php(167): Fideloper\\Proxy\\TrustProxies->handle(Object(Illuminate\\Http\\Request), Object(Closure))
#40 C:\\xampp\\htdocs\\kazimotoawards\\vendor\\laravel\\framework\\src\\Illuminate\\Pipeline\\Pipeline.php(103): Illuminate\\Pipeline\\Pipeline->Illuminate\\Pipeline\\{closure}(Object(Illuminate\\Http\\Request))
#41 C:\\xampp\\htdocs\\kazimotoawards\\vendor\\laravel\\framework\\src\\Illuminate\\Foundation\\Http\\Kernel.php(142): Illuminate\\Pipeline\\Pipeline->then(Object(Closure))
#42 C:\\xampp\\htdocs\\kazimotoawards\\vendor\\laravel\\framework\\src\\Illuminate\\Foundation\\Http\\Kernel.php(111): Illuminate\\Foundation\\Http\\Kernel->sendRequestThroughRouter(Object(Illuminate\\Http\\Request))
#43 C:\\xampp\\htdocs\\kazimotoawards\\public\\index.php(51): Illuminate\\Foundation\\Http\\Kernel->handle(Object(Illuminate\\Http\\Request))
#44 C:\\xampp\\htdocs\\kazimotoawards\\server.php(21): require_once('C:\\\\xampp\\\\htdocs...')
#45 {main}
"} 
[2025-08-10 10:18:27] local.ERROR: syntax error, unexpected token "}" {"exception":"[object] (ParseError(code: 0): syntax error, unexpected token \"}\" at C:\\xampp\\htdocs\\kazimotoawards\\app\\Http\\Controllers\\ContestantController.php:248)
[stacktrace]
#0 C:\\xampp\\htdocs\\kazimotoawards\\vendor\\composer\\ClassLoader.php(427): Composer\\Autoload\\{closure}('C:\\\\xampp\\\\htdocs...')
#1 [internal function]: Composer\\Autoload\\ClassLoader->loadClass('App\\\\Http\\\\Contro...')
#2 C:\\xampp\\htdocs\\kazimotoawards\\vendor\\laravel\\framework\\src\\Illuminate\\Container\\Container.php(877): ReflectionClass->__construct('App\\\\Http\\\\Contro...')
#3 C:\\xampp\\htdocs\\kazimotoawards\\vendor\\laravel\\framework\\src\\Illuminate\\Container\\Container.php(758): Illuminate\\Container\\Container->build('App\\\\Http\\\\Contro...')
#4 C:\\xampp\\htdocs\\kazimotoawards\\vendor\\laravel\\framework\\src\\Illuminate\\Foundation\\Application.php(853): Illuminate\\Container\\Container->resolve('App\\\\Http\\\\Contro...', Array, true)
#5 C:\\xampp\\htdocs\\kazimotoawards\\vendor\\laravel\\framework\\src\\Illuminate\\Container\\Container.php(694): Illuminate\\Foundation\\Application->resolve('App\\\\Http\\\\Contro...', Array)
#6 C:\\xampp\\htdocs\\kazimotoawards\\vendor\\laravel\\framework\\src\\Illuminate\\Foundation\\Application.php(838): Illuminate\\Container\\Container->make('App\\\\Http\\\\Contro...', Array)
#7 C:\\xampp\\htdocs\\kazimotoawards\\vendor\\laravel\\framework\\src\\Illuminate\\Routing\\Route.php(276): Illuminate\\Foundation\\Application->make('App\\\\Http\\\\Contro...')
#8 C:\\xampp\\htdocs\\kazimotoawards\\vendor\\laravel\\framework\\src\\Illuminate\\Routing\\Route.php(1080): Illuminate\\Routing\\Route->getController()
#9 C:\\xampp\\htdocs\\kazimotoawards\\vendor\\laravel\\framework\\src\\Illuminate\\Routing\\Route.php(1023): Illuminate\\Routing\\Route->controllerMiddleware()
#10 C:\\xampp\\htdocs\\kazimotoawards\\vendor\\laravel\\framework\\src\\Illuminate\\Routing\\Router.php(734): Illuminate\\Routing\\Route->gatherMiddleware()
#11 C:\\xampp\\htdocs\\kazimotoawards\\vendor\\laravel\\framework\\src\\Illuminate\\Routing\\Router.php(714): Illuminate\\Routing\\Router->gatherRouteMiddleware(Object(Illuminate\\Routing\\Route))
#12 C:\\xampp\\htdocs\\kazimotoawards\\vendor\\laravel\\framework\\src\\Illuminate\\Routing\\Router.php(698): Illuminate\\Routing\\Router->runRouteWithinStack(Object(Illuminate\\Routing\\Route), Object(Illuminate\\Http\\Request))
#13 C:\\xampp\\htdocs\\kazimotoawards\\vendor\\laravel\\framework\\src\\Illuminate\\Routing\\Router.php(662): Illuminate\\Routing\\Router->runRoute(Object(Illuminate\\Http\\Request), Object(Illuminate\\Routing\\Route))
#14 C:\\xampp\\htdocs\\kazimotoawards\\vendor\\laravel\\framework\\src\\Illuminate\\Routing\\Router.php(651): Illuminate\\Routing\\Router->dispatchToRoute(Object(Illuminate\\Http\\Request))
#15 C:\\xampp\\htdocs\\kazimotoawards\\vendor\\laravel\\framework\\src\\Illuminate\\Foundation\\Http\\Kernel.php(167): Illuminate\\Routing\\Router->dispatch(Object(Illuminate\\Http\\Request))
#16 C:\\xampp\\htdocs\\kazimotoawards\\vendor\\laravel\\framework\\src\\Illuminate\\Pipeline\\Pipeline.php(128): Illuminate\\Foundation\\Http\\Kernel->Illuminate\\Foundation\\Http\\{closure}(Object(Illuminate\\Http\\Request))
#17 C:\\xampp\\htdocs\\kazimotoawards\\vendor\\laravel\\framework\\src\\Illuminate\\Foundation\\Http\\Middleware\\TransformsRequest.php(21): Illuminate\\Pipeline\\Pipeline->Illuminate\\Pipeline\\{closure}(Object(Illuminate\\Http\\Request))
#18 C:\\xampp\\htdocs\\kazimotoawards\\vendor\\laravel\\framework\\src\\Illuminate\\Foundation\\Http\\Middleware\\ConvertEmptyStringsToNull.php(31): Illuminate\\Foundation\\Http\\Middleware\\TransformsRequest->handle(Object(Illuminate\\Http\\Request), Object(Closure))
#19 C:\\xampp\\htdocs\\kazimotoawards\\vendor\\laravel\\framework\\src\\Illuminate\\Pipeline\\Pipeline.php(167): Illuminate\\Foundation\\Http\\Middleware\\ConvertEmptyStringsToNull->handle(Object(Illuminate\\Http\\Request), Object(Closure))
#20 C:\\xampp\\htdocs\\kazimotoawards\\vendor\\laravel\\framework\\src\\Illuminate\\Foundation\\Http\\Middleware\\TransformsRequest.php(21): Illuminate\\Pipeline\\Pipeline->Illuminate\\Pipeline\\{closure}(Object(Illuminate\\Http\\Request))
#21 C:\\xampp\\htdocs\\kazimotoawards\\vendor\\laravel\\framework\\src\\Illuminate\\Foundation\\Http\\Middleware\\TrimStrings.php(40): Illuminate\\Foundation\\Http\\Middleware\\TransformsRequest->handle(Object(Illuminate\\Http\\Request), Object(Closure))
#22 C:\\xampp\\htdocs\\kazimotoawards\\vendor\\laravel\\framework\\src\\Illuminate\\Pipeline\\Pipeline.php(167): Illuminate\\Foundation\\Http\\Middleware\\TrimStrings->handle(Object(Illuminate\\Http\\Request), Object(Closure))
#23 C:\\xampp\\htdocs\\kazimotoawards\\vendor\\laravel\\framework\\src\\Illuminate\\Foundation\\Http\\Middleware\\ValidatePostSize.php(27): Illuminate\\Pipeline\\Pipeline->Illuminate\\Pipeline\\{closure}(Object(Illuminate\\Http\\Request))
#24 C:\\xampp\\htdocs\\kazimotoawards\\vendor\\laravel\\framework\\src\\Illuminate\\Pipeline\\Pipeline.php(167): Illuminate\\Foundation\\Http\\Middleware\\ValidatePostSize->handle(Object(Illuminate\\Http\\Request), Object(Closure))
#25 C:\\xampp\\htdocs\\kazimotoawards\\vendor\\laravel\\framework\\src\\Illuminate\\Foundation\\Http\\Middleware\\PreventRequestsDuringMaintenance.php(86): Illuminate\\Pipeline\\Pipeline->Illuminate\\Pipeline\\{closure}(Object(Illuminate\\Http\\Request))
#26 C:\\xampp\\htdocs\\kazimotoawards\\vendor\\laravel\\framework\\src\\Illuminate\\Pipeline\\Pipeline.php(167): Illuminate\\Foundation\\Http\\Middleware\\PreventRequestsDuringMaintenance->handle(Object(Illuminate\\Http\\Request), Object(Closure))
#27 C:\\xampp\\htdocs\\kazimotoawards\\vendor\\fruitcake\\laravel-cors\\src\\HandleCors.php(38): Illuminate\\Pipeline\\Pipeline->Illuminate\\Pipeline\\{closure}(Object(Illuminate\\Http\\Request))
#28 C:\\xampp\\htdocs\\kazimotoawards\\vendor\\laravel\\framework\\src\\Illuminate\\Pipeline\\Pipeline.php(167): Fruitcake\\Cors\\HandleCors->handle(Object(Illuminate\\Http\\Request), Object(Closure))
#29 C:\\xampp\\htdocs\\kazimotoawards\\vendor\\fideloper\\proxy\\src\\TrustProxies.php(57): Illuminate\\Pipeline\\Pipeline->Illuminate\\Pipeline\\{closure}(Object(Illuminate\\Http\\Request))
#30 C:\\xampp\\htdocs\\kazimotoawards\\vendor\\laravel\\framework\\src\\Illuminate\\Pipeline\\Pipeline.php(167): Fideloper\\Proxy\\TrustProxies->handle(Object(Illuminate\\Http\\Request), Object(Closure))
#31 C:\\xampp\\htdocs\\kazimotoawards\\vendor\\laravel\\framework\\src\\Illuminate\\Pipeline\\Pipeline.php(103): Illuminate\\Pipeline\\Pipeline->Illuminate\\Pipeline\\{closure}(Object(Illuminate\\Http\\Request))
#32 C:\\xampp\\htdocs\\kazimotoawards\\vendor\\laravel\\framework\\src\\Illuminate\\Foundation\\Http\\Kernel.php(142): Illuminate\\Pipeline\\Pipeline->then(Object(Closure))
#33 C:\\xampp\\htdocs\\kazimotoawards\\vendor\\laravel\\framework\\src\\Illuminate\\Foundation\\Http\\Kernel.php(111): Illuminate\\Foundation\\Http\\Kernel->sendRequestThroughRouter(Object(Illuminate\\Http\\Request))
#34 C:\\xampp\\htdocs\\kazimotoawards\\public\\index.php(51): Illuminate\\Foundation\\Http\\Kernel->handle(Object(Illuminate\\Http\\Request))
#35 C:\\xampp\\htdocs\\kazimotoawards\\server.php(21): require_once('C:\\\\xampp\\\\htdocs...')
#36 {main}
"} 
[2025-08-10 10:18:47] local.ERROR: Object of class Illuminate\Support\Collection could not be converted to int {"userId":1,"exception":"[object] (ErrorException(code: 0): Object of class Illuminate\\Support\\Collection could not be converted to int at C:\\xampp\\htdocs\\kazimotoawards\\app\\Http\\Controllers\\ContestantController.php:245)
[stacktrace]
#0 C:\\xampp\\htdocs\\kazimotoawards\\app\\Http\\Controllers\\ContestantController.php(245): Illuminate\\Foundation\\Bootstrap\\HandleExceptions->handleError(8, 'Object of class...', 'C:\\\\xampp\\\\htdocs...', 245)
#1 C:\\xampp\\htdocs\\kazimotoawards\\vendor\\laravel\\framework\\src\\Illuminate\\Routing\\Controller.php(54): App\\Http\\Controllers\\ContestantController->store(Object(Illuminate\\Http\\Request))
#2 C:\\xampp\\htdocs\\kazimotoawards\\vendor\\laravel\\framework\\src\\Illuminate\\Routing\\ControllerDispatcher.php(45): Illuminate\\Routing\\Controller->callAction('store', Array)
#3 C:\\xampp\\htdocs\\kazimotoawards\\vendor\\laravel\\framework\\src\\Illuminate\\Routing\\Route.php(261): Illuminate\\Routing\\ControllerDispatcher->dispatch(Object(Illuminate\\Routing\\Route), Object(App\\Http\\Controllers\\ContestantController), 'store')
#4 C:\\xampp\\htdocs\\kazimotoawards\\vendor\\laravel\\framework\\src\\Illuminate\\Routing\\Route.php(205): Illuminate\\Routing\\Route->runController()
#5 C:\\xampp\\htdocs\\kazimotoawards\\vendor\\laravel\\framework\\src\\Illuminate\\Routing\\Router.php(721): Illuminate\\Routing\\Route->run()
#6 C:\\xampp\\htdocs\\kazimotoawards\\vendor\\laravel\\framework\\src\\Illuminate\\Pipeline\\Pipeline.php(128): Illuminate\\Routing\\Router->Illuminate\\Routing\\{closure}(Object(Illuminate\\Http\\Request))
#7 C:\\xampp\\htdocs\\kazimotoawards\\vendor\\laravel\\framework\\src\\Illuminate\\Routing\\Middleware\\SubstituteBindings.php(50): Illuminate\\Pipeline\\Pipeline->Illuminate\\Pipeline\\{closure}(Object(Illuminate\\Http\\Request))
#8 C:\\xampp\\htdocs\\kazimotoawards\\vendor\\laravel\\framework\\src\\Illuminate\\Pipeline\\Pipeline.php(167): Illuminate\\Routing\\Middleware\\SubstituteBindings->handle(Object(Illuminate\\Http\\Request), Object(Closure))
#9 C:\\xampp\\htdocs\\kazimotoawards\\vendor\\laravel\\framework\\src\\Illuminate\\Foundation\\Http\\Middleware\\VerifyCsrfToken.php(78): Illuminate\\Pipeline\\Pipeline->Illuminate\\Pipeline\\{closure}(Object(Illuminate\\Http\\Request))
#10 C:\\xampp\\htdocs\\kazimotoawards\\vendor\\laravel\\framework\\src\\Illuminate\\Pipeline\\Pipeline.php(167): Illuminate\\Foundation\\Http\\Middleware\\VerifyCsrfToken->handle(Object(Illuminate\\Http\\Request), Object(Closure))
#11 C:\\xampp\\htdocs\\kazimotoawards\\vendor\\laravel\\framework\\src\\Illuminate\\View\\Middleware\\ShareErrorsFromSession.php(49): Illuminate\\Pipeline\\Pipeline->Illuminate\\Pipeline\\{closure}(Object(Illuminate\\Http\\Request))
#12 C:\\xampp\\htdocs\\kazimotoawards\\vendor\\laravel\\framework\\src\\Illuminate\\Pipeline\\Pipeline.php(167): Illuminate\\View\\Middleware\\ShareErrorsFromSession->handle(Object(Illuminate\\Http\\Request), Object(Closure))
#13 C:\\xampp\\htdocs\\kazimotoawards\\vendor\\laravel\\framework\\src\\Illuminate\\Session\\Middleware\\StartSession.php(121): Illuminate\\Pipeline\\Pipeline->Illuminate\\Pipeline\\{closure}(Object(Illuminate\\Http\\Request))
#14 C:\\xampp\\htdocs\\kazimotoawards\\vendor\\laravel\\framework\\src\\Illuminate\\Session\\Middleware\\StartSession.php(64): Illuminate\\Session\\Middleware\\StartSession->handleStatefulRequest(Object(Illuminate\\Http\\Request), Object(Illuminate\\Session\\Store), Object(Closure))
#15 C:\\xampp\\htdocs\\kazimotoawards\\vendor\\laravel\\framework\\src\\Illuminate\\Pipeline\\Pipeline.php(167): Illuminate\\Session\\Middleware\\StartSession->handle(Object(Illuminate\\Http\\Request), Object(Closure))
#16 C:\\xampp\\htdocs\\kazimotoawards\\vendor\\laravel\\framework\\src\\Illuminate\\Cookie\\Middleware\\AddQueuedCookiesToResponse.php(37): Illuminate\\Pipeline\\Pipeline->Illuminate\\Pipeline\\{closure}(Object(Illuminate\\Http\\Request))
#17 C:\\xampp\\htdocs\\kazimotoawards\\vendor\\laravel\\framework\\src\\Illuminate\\Pipeline\\Pipeline.php(167): Illuminate\\Cookie\\Middleware\\AddQueuedCookiesToResponse->handle(Object(Illuminate\\Http\\Request), Object(Closure))
#18 C:\\xampp\\htdocs\\kazimotoawards\\vendor\\laravel\\framework\\src\\Illuminate\\Cookie\\Middleware\\EncryptCookies.php(67): Illuminate\\Pipeline\\Pipeline->Illuminate\\Pipeline\\{closure}(Object(Illuminate\\Http\\Request))
#19 C:\\xampp\\htdocs\\kazimotoawards\\vendor\\laravel\\framework\\src\\Illuminate\\Pipeline\\Pipeline.php(167): Illuminate\\Cookie\\Middleware\\EncryptCookies->handle(Object(Illuminate\\Http\\Request), Object(Closure))
#20 C:\\xampp\\htdocs\\kazimotoawards\\vendor\\laravel\\framework\\src\\Illuminate\\Pipeline\\Pipeline.php(103): Illuminate\\Pipeline\\Pipeline->Illuminate\\Pipeline\\{closure}(Object(Illuminate\\Http\\Request))
#21 C:\\xampp\\htdocs\\kazimotoawards\\vendor\\laravel\\framework\\src\\Illuminate\\Routing\\Router.php(719): Illuminate\\Pipeline\\Pipeline->then(Object(Closure))
#22 C:\\xampp\\htdocs\\kazimotoawards\\vendor\\laravel\\framework\\src\\Illuminate\\Routing\\Router.php(698): Illuminate\\Routing\\Router->runRouteWithinStack(Object(Illuminate\\Routing\\Route), Object(Illuminate\\Http\\Request))
#23 C:\\xampp\\htdocs\\kazimotoawards\\vendor\\laravel\\framework\\src\\Illuminate\\Routing\\Router.php(662): Illuminate\\Routing\\Router->runRoute(Object(Illuminate\\Http\\Request), Object(Illuminate\\Routing\\Route))
#24 C:\\xampp\\htdocs\\kazimotoawards\\vendor\\laravel\\framework\\src\\Illuminate\\Routing\\Router.php(651): Illuminate\\Routing\\Router->dispatchToRoute(Object(Illuminate\\Http\\Request))
#25 C:\\xampp\\htdocs\\kazimotoawards\\vendor\\laravel\\framework\\src\\Illuminate\\Foundation\\Http\\Kernel.php(167): Illuminate\\Routing\\Router->dispatch(Object(Illuminate\\Http\\Request))
#26 C:\\xampp\\htdocs\\kazimotoawards\\vendor\\laravel\\framework\\src\\Illuminate\\Pipeline\\Pipeline.php(128): Illuminate\\Foundation\\Http\\Kernel->Illuminate\\Foundation\\Http\\{closure}(Object(Illuminate\\Http\\Request))
#27 C:\\xampp\\htdocs\\kazimotoawards\\vendor\\laravel\\framework\\src\\Illuminate\\Foundation\\Http\\Middleware\\TransformsRequest.php(21): Illuminate\\Pipeline\\Pipeline->Illuminate\\Pipeline\\{closure}(Object(Illuminate\\Http\\Request))
#28 C:\\xampp\\htdocs\\kazimotoawards\\vendor\\laravel\\framework\\src\\Illuminate\\Foundation\\Http\\Middleware\\ConvertEmptyStringsToNull.php(31): Illuminate\\Foundation\\Http\\Middleware\\TransformsRequest->handle(Object(Illuminate\\Http\\Request), Object(Closure))
#29 C:\\xampp\\htdocs\\kazimotoawards\\vendor\\laravel\\framework\\src\\Illuminate\\Pipeline\\Pipeline.php(167): Illuminate\\Foundation\\Http\\Middleware\\ConvertEmptyStringsToNull->handle(Object(Illuminate\\Http\\Request), Object(Closure))
#30 C:\\xampp\\htdocs\\kazimotoawards\\vendor\\laravel\\framework\\src\\Illuminate\\Foundation\\Http\\Middleware\\TransformsRequest.php(21): Illuminate\\Pipeline\\Pipeline->Illuminate\\Pipeline\\{closure}(Object(Illuminate\\Http\\Request))
#31 C:\\xampp\\htdocs\\kazimotoawards\\vendor\\laravel\\framework\\src\\Illuminate\\Foundation\\Http\\Middleware\\TrimStrings.php(40): Illuminate\\Foundation\\Http\\Middleware\\TransformsRequest->handle(Object(Illuminate\\Http\\Request), Object(Closure))
#32 C:\\xampp\\htdocs\\kazimotoawards\\vendor\\laravel\\framework\\src\\Illuminate\\Pipeline\\Pipeline.php(167): Illuminate\\Foundation\\Http\\Middleware\\TrimStrings->handle(Object(Illuminate\\Http\\Request), Object(Closure))
#33 C:\\xampp\\htdocs\\kazimotoawards\\vendor\\laravel\\framework\\src\\Illuminate\\Foundation\\Http\\Middleware\\ValidatePostSize.php(27): Illuminate\\Pipeline\\Pipeline->Illuminate\\Pipeline\\{closure}(Object(Illuminate\\Http\\Request))
#34 C:\\xampp\\htdocs\\kazimotoawards\\vendor\\laravel\\framework\\src\\Illuminate\\Pipeline\\Pipeline.php(167): Illuminate\\Foundation\\Http\\Middleware\\ValidatePostSize->handle(Object(Illuminate\\Http\\Request), Object(Closure))
#35 C:\\xampp\\htdocs\\kazimotoawards\\vendor\\laravel\\framework\\src\\Illuminate\\Foundation\\Http\\Middleware\\PreventRequestsDuringMaintenance.php(86): Illuminate\\Pipeline\\Pipeline->Illuminate\\Pipeline\\{closure}(Object(Illuminate\\Http\\Request))
#36 C:\\xampp\\htdocs\\kazimotoawards\\vendor\\laravel\\framework\\src\\Illuminate\\Pipeline\\Pipeline.php(167): Illuminate\\Foundation\\Http\\Middleware\\PreventRequestsDuringMaintenance->handle(Object(Illuminate\\Http\\Request), Object(Closure))
#37 C:\\xampp\\htdocs\\kazimotoawards\\vendor\\fruitcake\\laravel-cors\\src\\HandleCors.php(38): Illuminate\\Pipeline\\Pipeline->Illuminate\\Pipeline\\{closure}(Object(Illuminate\\Http\\Request))
#38 C:\\xampp\\htdocs\\kazimotoawards\\vendor\\laravel\\framework\\src\\Illuminate\\Pipeline\\Pipeline.php(167): Fruitcake\\Cors\\HandleCors->handle(Object(Illuminate\\Http\\Request), Object(Closure))
#39 C:\\xampp\\htdocs\\kazimotoawards\\vendor\\fideloper\\proxy\\src\\TrustProxies.php(57): Illuminate\\Pipeline\\Pipeline->Illuminate\\Pipeline\\{closure}(Object(Illuminate\\Http\\Request))
#40 C:\\xampp\\htdocs\\kazimotoawards\\vendor\\laravel\\framework\\src\\Illuminate\\Pipeline\\Pipeline.php(167): Fideloper\\Proxy\\TrustProxies->handle(Object(Illuminate\\Http\\Request), Object(Closure))
#41 C:\\xampp\\htdocs\\kazimotoawards\\vendor\\laravel\\framework\\src\\Illuminate\\Pipeline\\Pipeline.php(103): Illuminate\\Pipeline\\Pipeline->Illuminate\\Pipeline\\{closure}(Object(Illuminate\\Http\\Request))
#42 C:\\xampp\\htdocs\\kazimotoawards\\vendor\\laravel\\framework\\src\\Illuminate\\Foundation\\Http\\Kernel.php(142): Illuminate\\Pipeline\\Pipeline->then(Object(Closure))
#43 C:\\xampp\\htdocs\\kazimotoawards\\vendor\\laravel\\framework\\src\\Illuminate\\Foundation\\Http\\Kernel.php(111): Illuminate\\Foundation\\Http\\Kernel->sendRequestThroughRouter(Object(Illuminate\\Http\\Request))
#44 C:\\xampp\\htdocs\\kazimotoawards\\public\\index.php(51): Illuminate\\Foundation\\Http\\Kernel->handle(Object(Illuminate\\Http\\Request))
#45 C:\\xampp\\htdocs\\kazimotoawards\\server.php(21): require_once('C:\\\\xampp\\\\htdocs...')
#46 {main}
"} 
[2025-08-10 11:07:09] local.ERROR: Class "App\Http\Controllers\contestant_award" not found {"userId":1,"exception":"[object] (Error(code: 0): Class \"App\\Http\\Controllers\\contestant_award\" not found at C:\\xampp\\htdocs\\kazimotoawards\\app\\Http\\Controllers\\ContestantController.php:256)
[stacktrace]
#0 C:\\xampp\\htdocs\\kazimotoawards\\vendor\\laravel\\framework\\src\\Illuminate\\Routing\\Controller.php(54): App\\Http\\Controllers\\ContestantController->store(Object(Illuminate\\Http\\Request))
#1 C:\\xampp\\htdocs\\kazimotoawards\\vendor\\laravel\\framework\\src\\Illuminate\\Routing\\ControllerDispatcher.php(45): Illuminate\\Routing\\Controller->callAction('store', Array)
#2 C:\\xampp\\htdocs\\kazimotoawards\\vendor\\laravel\\framework\\src\\Illuminate\\Routing\\Route.php(261): Illuminate\\Routing\\ControllerDispatcher->dispatch(Object(Illuminate\\Routing\\Route), Object(App\\Http\\Controllers\\ContestantController), 'store')
#3 C:\\xampp\\htdocs\\kazimotoawards\\vendor\\laravel\\framework\\src\\Illuminate\\Routing\\Route.php(205): Illuminate\\Routing\\Route->runController()
#4 C:\\xampp\\htdocs\\kazimotoawards\\vendor\\laravel\\framework\\src\\Illuminate\\Routing\\Router.php(721): Illuminate\\Routing\\Route->run()
#5 C:\\xampp\\htdocs\\kazimotoawards\\vendor\\laravel\\framework\\src\\Illuminate\\Pipeline\\Pipeline.php(128): Illuminate\\Routing\\Router->Illuminate\\Routing\\{closure}(Object(Illuminate\\Http\\Request))
#6 C:\\xampp\\htdocs\\kazimotoawards\\vendor\\laravel\\framework\\src\\Illuminate\\Routing\\Middleware\\SubstituteBindings.php(50): Illuminate\\Pipeline\\Pipeline->Illuminate\\Pipeline\\{closure}(Object(Illuminate\\Http\\Request))
#7 C:\\xampp\\htdocs\\kazimotoawards\\vendor\\laravel\\framework\\src\\Illuminate\\Pipeline\\Pipeline.php(167): Illuminate\\Routing\\Middleware\\SubstituteBindings->handle(Object(Illuminate\\Http\\Request), Object(Closure))
#8 C:\\xampp\\htdocs\\kazimotoawards\\vendor\\laravel\\framework\\src\\Illuminate\\Foundation\\Http\\Middleware\\VerifyCsrfToken.php(78): Illuminate\\Pipeline\\Pipeline->Illuminate\\Pipeline\\{closure}(Object(Illuminate\\Http\\Request))
#9 C:\\xampp\\htdocs\\kazimotoawards\\vendor\\laravel\\framework\\src\\Illuminate\\Pipeline\\Pipeline.php(167): Illuminate\\Foundation\\Http\\Middleware\\VerifyCsrfToken->handle(Object(Illuminate\\Http\\Request), Object(Closure))
#10 C:\\xampp\\htdocs\\kazimotoawards\\vendor\\laravel\\framework\\src\\Illuminate\\View\\Middleware\\ShareErrorsFromSession.php(49): Illuminate\\Pipeline\\Pipeline->Illuminate\\Pipeline\\{closure}(Object(Illuminate\\Http\\Request))
#11 C:\\xampp\\htdocs\\kazimotoawards\\vendor\\laravel\\framework\\src\\Illuminate\\Pipeline\\Pipeline.php(167): Illuminate\\View\\Middleware\\ShareErrorsFromSession->handle(Object(Illuminate\\Http\\Request), Object(Closure))
#12 C:\\xampp\\htdocs\\kazimotoawards\\vendor\\laravel\\framework\\src\\Illuminate\\Session\\Middleware\\StartSession.php(121): Illuminate\\Pipeline\\Pipeline->Illuminate\\Pipeline\\{closure}(Object(Illuminate\\Http\\Request))
#13 C:\\xampp\\htdocs\\kazimotoawards\\vendor\\laravel\\framework\\src\\Illuminate\\Session\\Middleware\\StartSession.php(64): Illuminate\\Session\\Middleware\\StartSession->handleStatefulRequest(Object(Illuminate\\Http\\Request), Object(Illuminate\\Session\\Store), Object(Closure))
#14 C:\\xampp\\htdocs\\kazimotoawards\\vendor\\laravel\\framework\\src\\Illuminate\\Pipeline\\Pipeline.php(167): Illuminate\\Session\\Middleware\\StartSession->handle(Object(Illuminate\\Http\\Request), Object(Closure))
#15 C:\\xampp\\htdocs\\kazimotoawards\\vendor\\laravel\\framework\\src\\Illuminate\\Cookie\\Middleware\\AddQueuedCookiesToResponse.php(37): Illuminate\\Pipeline\\Pipeline->Illuminate\\Pipeline\\{closure}(Object(Illuminate\\Http\\Request))
#16 C:\\xampp\\htdocs\\kazimotoawards\\vendor\\laravel\\framework\\src\\Illuminate\\Pipeline\\Pipeline.php(167): Illuminate\\Cookie\\Middleware\\AddQueuedCookiesToResponse->handle(Object(Illuminate\\Http\\Request), Object(Closure))
#17 C:\\xampp\\htdocs\\kazimotoawards\\vendor\\laravel\\framework\\src\\Illuminate\\Cookie\\Middleware\\EncryptCookies.php(67): Illuminate\\Pipeline\\Pipeline->Illuminate\\Pipeline\\{closure}(Object(Illuminate\\Http\\Request))
#18 C:\\xampp\\htdocs\\kazimotoawards\\vendor\\laravel\\framework\\src\\Illuminate\\Pipeline\\Pipeline.php(167): Illuminate\\Cookie\\Middleware\\EncryptCookies->handle(Object(Illuminate\\Http\\Request), Object(Closure))
#19 C:\\xampp\\htdocs\\kazimotoawards\\vendor\\laravel\\framework\\src\\Illuminate\\Pipeline\\Pipeline.php(103): Illuminate\\Pipeline\\Pipeline->Illuminate\\Pipeline\\{closure}(Object(Illuminate\\Http\\Request))
#20 C:\\xampp\\htdocs\\kazimotoawards\\vendor\\laravel\\framework\\src\\Illuminate\\Routing\\Router.php(719): Illuminate\\Pipeline\\Pipeline->then(Object(Closure))
#21 C:\\xampp\\htdocs\\kazimotoawards\\vendor\\laravel\\framework\\src\\Illuminate\\Routing\\Router.php(698): Illuminate\\Routing\\Router->runRouteWithinStack(Object(Illuminate\\Routing\\Route), Object(Illuminate\\Http\\Request))
#22 C:\\xampp\\htdocs\\kazimotoawards\\vendor\\laravel\\framework\\src\\Illuminate\\Routing\\Router.php(662): Illuminate\\Routing\\Router->runRoute(Object(Illuminate\\Http\\Request), Object(Illuminate\\Routing\\Route))
#23 C:\\xampp\\htdocs\\kazimotoawards\\vendor\\laravel\\framework\\src\\Illuminate\\Routing\\Router.php(651): Illuminate\\Routing\\Router->dispatchToRoute(Object(Illuminate\\Http\\Request))
#24 C:\\xampp\\htdocs\\kazimotoawards\\vendor\\laravel\\framework\\src\\Illuminate\\Foundation\\Http\\Kernel.php(167): Illuminate\\Routing\\Router->dispatch(Object(Illuminate\\Http\\Request))
#25 C:\\xampp\\htdocs\\kazimotoawards\\vendor\\laravel\\framework\\src\\Illuminate\\Pipeline\\Pipeline.php(128): Illuminate\\Foundation\\Http\\Kernel->Illuminate\\Foundation\\Http\\{closure}(Object(Illuminate\\Http\\Request))
#26 C:\\xampp\\htdocs\\kazimotoawards\\vendor\\laravel\\framework\\src\\Illuminate\\Foundation\\Http\\Middleware\\TransformsRequest.php(21): Illuminate\\Pipeline\\Pipeline->Illuminate\\Pipeline\\{closure}(Object(Illuminate\\Http\\Request))
#27 C:\\xampp\\htdocs\\kazimotoawards\\vendor\\laravel\\framework\\src\\Illuminate\\Foundation\\Http\\Middleware\\ConvertEmptyStringsToNull.php(31): Illuminate\\Foundation\\Http\\Middleware\\TransformsRequest->handle(Object(Illuminate\\Http\\Request), Object(Closure))
#28 C:\\xampp\\htdocs\\kazimotoawards\\vendor\\laravel\\framework\\src\\Illuminate\\Pipeline\\Pipeline.php(167): Illuminate\\Foundation\\Http\\Middleware\\ConvertEmptyStringsToNull->handle(Object(Illuminate\\Http\\Request), Object(Closure))
#29 C:\\xampp\\htdocs\\kazimotoawards\\vendor\\laravel\\framework\\src\\Illuminate\\Foundation\\Http\\Middleware\\TransformsRequest.php(21): Illuminate\\Pipeline\\Pipeline->Illuminate\\Pipeline\\{closure}(Object(Illuminate\\Http\\Request))
#30 C:\\xampp\\htdocs\\kazimotoawards\\vendor\\laravel\\framework\\src\\Illuminate\\Foundation\\Http\\Middleware\\TrimStrings.php(40): Illuminate\\Foundation\\Http\\Middleware\\TransformsRequest->handle(Object(Illuminate\\Http\\Request), Object(Closure))
#31 C:\\xampp\\htdocs\\kazimotoawards\\vendor\\laravel\\framework\\src\\Illuminate\\Pipeline\\Pipeline.php(167): Illuminate\\Foundation\\Http\\Middleware\\TrimStrings->handle(Object(Illuminate\\Http\\Request), Object(Closure))
#32 C:\\xampp\\htdocs\\kazimotoawards\\vendor\\laravel\\framework\\src\\Illuminate\\Foundation\\Http\\Middleware\\ValidatePostSize.php(27): Illuminate\\Pipeline\\Pipeline->Illuminate\\Pipeline\\{closure}(Object(Illuminate\\Http\\Request))
#33 C:\\xampp\\htdocs\\kazimotoawards\\vendor\\laravel\\framework\\src\\Illuminate\\Pipeline\\Pipeline.php(167): Illuminate\\Foundation\\Http\\Middleware\\ValidatePostSize->handle(Object(Illuminate\\Http\\Request), Object(Closure))
#34 C:\\xampp\\htdocs\\kazimotoawards\\vendor\\laravel\\framework\\src\\Illuminate\\Foundation\\Http\\Middleware\\PreventRequestsDuringMaintenance.php(86): Illuminate\\Pipeline\\Pipeline->Illuminate\\Pipeline\\{closure}(Object(Illuminate\\Http\\Request))
#35 C:\\xampp\\htdocs\\kazimotoawards\\vendor\\laravel\\framework\\src\\Illuminate\\Pipeline\\Pipeline.php(167): Illuminate\\Foundation\\Http\\Middleware\\PreventRequestsDuringMaintenance->handle(Object(Illuminate\\Http\\Request), Object(Closure))
#36 C:\\xampp\\htdocs\\kazimotoawards\\vendor\\fruitcake\\laravel-cors\\src\\HandleCors.php(38): Illuminate\\Pipeline\\Pipeline->Illuminate\\Pipeline\\{closure}(Object(Illuminate\\Http\\Request))
#37 C:\\xampp\\htdocs\\kazimotoawards\\vendor\\laravel\\framework\\src\\Illuminate\\Pipeline\\Pipeline.php(167): Fruitcake\\Cors\\HandleCors->handle(Object(Illuminate\\Http\\Request), Object(Closure))
#38 C:\\xampp\\htdocs\\kazimotoawards\\vendor\\fideloper\\proxy\\src\\TrustProxies.php(57): Illuminate\\Pipeline\\Pipeline->Illuminate\\Pipeline\\{closure}(Object(Illuminate\\Http\\Request))
#39 C:\\xampp\\htdocs\\kazimotoawards\\vendor\\laravel\\framework\\src\\Illuminate\\Pipeline\\Pipeline.php(167): Fideloper\\Proxy\\TrustProxies->handle(Object(Illuminate\\Http\\Request), Object(Closure))
#40 C:\\xampp\\htdocs\\kazimotoawards\\vendor\\laravel\\framework\\src\\Illuminate\\Pipeline\\Pipeline.php(103): Illuminate\\Pipeline\\Pipeline->Illuminate\\Pipeline\\{closure}(Object(Illuminate\\Http\\Request))
#41 C:\\xampp\\htdocs\\kazimotoawards\\vendor\\laravel\\framework\\src\\Illuminate\\Foundation\\Http\\Kernel.php(142): Illuminate\\Pipeline\\Pipeline->then(Object(Closure))
#42 C:\\xampp\\htdocs\\kazimotoawards\\vendor\\laravel\\framework\\src\\Illuminate\\Foundation\\Http\\Kernel.php(111): Illuminate\\Foundation\\Http\\Kernel->sendRequestThroughRouter(Object(Illuminate\\Http\\Request))
#43 C:\\xampp\\htdocs\\kazimotoawards\\public\\index.php(51): Illuminate\\Foundation\\Http\\Kernel->handle(Object(Illuminate\\Http\\Request))
#44 C:\\xampp\\htdocs\\kazimotoawards\\server.php(21): require_once('C:\\\\xampp\\\\htdocs...')
#45 {main}
"} 
[2025-08-10 11:08:01] local.ERROR: SQLSTATE[42S22]: Column not found: 1054 Unknown column 'year' in 'where clause' (SQL: select * from `contestant_awards` where (`contestant_id` = 44 and `award_id` = 2025 and `year` is null and `status` = Active) limit 1) {"userId":1,"exception":"[object] (Illuminate\\Database\\QueryException(code: 42S22): SQLSTATE[42S22]: Column not found: 1054 Unknown column 'year' in 'where clause' (SQL: select * from `contestant_awards` where (`contestant_id` = 44 and `award_id` = 2025 and `year` is null and `status` = Active) limit 1) at C:\\xampp\\htdocs\\kazimotoawards\\vendor\\laravel\\framework\\src\\Illuminate\\Database\\Connection.php:712)
[stacktrace]
#0 C:\\xampp\\htdocs\\kazimotoawards\\vendor\\laravel\\framework\\src\\Illuminate\\Database\\Connection.php(672): Illuminate\\Database\\Connection->runQueryCallback('select * from `...', Array, Object(Closure))
#1 C:\\xampp\\htdocs\\kazimotoawards\\vendor\\laravel\\framework\\src\\Illuminate\\Database\\Connection.php(359): Illuminate\\Database\\Connection->run('select * from `...', Array, Object(Closure))
#2 C:\\xampp\\htdocs\\kazimotoawards\\vendor\\laravel\\framework\\src\\Illuminate\\Database\\Query\\Builder.php(2413): Illuminate\\Database\\Connection->select('select * from `...', Array, true)
#3 C:\\xampp\\htdocs\\kazimotoawards\\vendor\\laravel\\framework\\src\\Illuminate\\Database\\Query\\Builder.php(2402): Illuminate\\Database\\Query\\Builder->runSelect()
#4 C:\\xampp\\htdocs\\kazimotoawards\\vendor\\laravel\\framework\\src\\Illuminate\\Database\\Query\\Builder.php(2936): Illuminate\\Database\\Query\\Builder->Illuminate\\Database\\Query\\{closure}()
#5 C:\\xampp\\htdocs\\kazimotoawards\\vendor\\laravel\\framework\\src\\Illuminate\\Database\\Query\\Builder.php(2401): Illuminate\\Database\\Query\\Builder->onceWithColumns(Array, Object(Closure))
#6 C:\\xampp\\htdocs\\kazimotoawards\\vendor\\laravel\\framework\\src\\Illuminate\\Database\\Eloquent\\Builder.php(625): Illuminate\\Database\\Query\\Builder->get(Array)
#7 C:\\xampp\\htdocs\\kazimotoawards\\vendor\\laravel\\framework\\src\\Illuminate\\Database\\Eloquent\\Builder.php(609): Illuminate\\Database\\Eloquent\\Builder->getModels(Array)
#8 C:\\xampp\\htdocs\\kazimotoawards\\vendor\\laravel\\framework\\src\\Illuminate\\Database\\Concerns\\BuildsQueries.php(294): Illuminate\\Database\\Eloquent\\Builder->get(Array)
#9 C:\\xampp\\htdocs\\kazimotoawards\\vendor\\laravel\\framework\\src\\Illuminate\\Database\\Eloquent\\Builder.php(474): Illuminate\\Database\\Eloquent\\Builder->first()
#10 C:\\xampp\\htdocs\\kazimotoawards\\vendor\\laravel\\framework\\src\\Illuminate\\Database\\Eloquent\\Builder.php(508): Illuminate\\Database\\Eloquent\\Builder->firstOrNew(Array)
#11 C:\\xampp\\htdocs\\kazimotoawards\\vendor\\laravel\\framework\\src\\Illuminate\\Support\\Traits\\ForwardsCalls.php(23): Illuminate\\Database\\Eloquent\\Builder->updateOrCreate(Array)
#12 C:\\xampp\\htdocs\\kazimotoawards\\vendor\\laravel\\framework\\src\\Illuminate\\Database\\Eloquent\\Model.php(2132): Illuminate\\Database\\Eloquent\\Model->forwardCallTo(Object(Illuminate\\Database\\Eloquent\\Builder), 'UpdateOrCreate', Array)
#13 C:\\xampp\\htdocs\\kazimotoawards\\vendor\\laravel\\framework\\src\\Illuminate\\Database\\Eloquent\\Model.php(2144): Illuminate\\Database\\Eloquent\\Model->__call('UpdateOrCreate', Array)
#14 C:\\xampp\\htdocs\\kazimotoawards\\app\\Http\\Controllers\\ContestantController.php(259): Illuminate\\Database\\Eloquent\\Model::__callStatic('UpdateOrCreate', Array)
#15 C:\\xampp\\htdocs\\kazimotoawards\\vendor\\laravel\\framework\\src\\Illuminate\\Routing\\Controller.php(54): App\\Http\\Controllers\\ContestantController->store(Object(Illuminate\\Http\\Request))
#16 C:\\xampp\\htdocs\\kazimotoawards\\vendor\\laravel\\framework\\src\\Illuminate\\Routing\\ControllerDispatcher.php(45): Illuminate\\Routing\\Controller->callAction('store', Array)
#17 C:\\xampp\\htdocs\\kazimotoawards\\vendor\\laravel\\framework\\src\\Illuminate\\Routing\\Route.php(261): Illuminate\\Routing\\ControllerDispatcher->dispatch(Object(Illuminate\\Routing\\Route), Object(App\\Http\\Controllers\\ContestantController), 'store')
#18 C:\\xampp\\htdocs\\kazimotoawards\\vendor\\laravel\\framework\\src\\Illuminate\\Routing\\Route.php(205): Illuminate\\Routing\\Route->runController()
#19 C:\\xampp\\htdocs\\kazimotoawards\\vendor\\laravel\\framework\\src\\Illuminate\\Routing\\Router.php(721): Illuminate\\Routing\\Route->run()
#20 C:\\xampp\\htdocs\\kazimotoawards\\vendor\\laravel\\framework\\src\\Illuminate\\Pipeline\\Pipeline.php(128): Illuminate\\Routing\\Router->Illuminate\\Routing\\{closure}(Object(Illuminate\\Http\\Request))
#21 C:\\xampp\\htdocs\\kazimotoawards\\vendor\\laravel\\framework\\src\\Illuminate\\Routing\\Middleware\\SubstituteBindings.php(50): Illuminate\\Pipeline\\Pipeline->Illuminate\\Pipeline\\{closure}(Object(Illuminate\\Http\\Request))
#22 C:\\xampp\\htdocs\\kazimotoawards\\vendor\\laravel\\framework\\src\\Illuminate\\Pipeline\\Pipeline.php(167): Illuminate\\Routing\\Middleware\\SubstituteBindings->handle(Object(Illuminate\\Http\\Request), Object(Closure))
#23 C:\\xampp\\htdocs\\kazimotoawards\\vendor\\laravel\\framework\\src\\Illuminate\\Foundation\\Http\\Middleware\\VerifyCsrfToken.php(78): Illuminate\\Pipeline\\Pipeline->Illuminate\\Pipeline\\{closure}(Object(Illuminate\\Http\\Request))
#24 C:\\xampp\\htdocs\\kazimotoawards\\vendor\\laravel\\framework\\src\\Illuminate\\Pipeline\\Pipeline.php(167): Illuminate\\Foundation\\Http\\Middleware\\VerifyCsrfToken->handle(Object(Illuminate\\Http\\Request), Object(Closure))
#25 C:\\xampp\\htdocs\\kazimotoawards\\vendor\\laravel\\framework\\src\\Illuminate\\View\\Middleware\\ShareErrorsFromSession.php(49): Illuminate\\Pipeline\\Pipeline->Illuminate\\Pipeline\\{closure}(Object(Illuminate\\Http\\Request))
#26 C:\\xampp\\htdocs\\kazimotoawards\\vendor\\laravel\\framework\\src\\Illuminate\\Pipeline\\Pipeline.php(167): Illuminate\\View\\Middleware\\ShareErrorsFromSession->handle(Object(Illuminate\\Http\\Request), Object(Closure))
#27 C:\\xampp\\htdocs\\kazimotoawards\\vendor\\laravel\\framework\\src\\Illuminate\\Session\\Middleware\\StartSession.php(121): Illuminate\\Pipeline\\Pipeline->Illuminate\\Pipeline\\{closure}(Object(Illuminate\\Http\\Request))
#28 C:\\xampp\\htdocs\\kazimotoawards\\vendor\\laravel\\framework\\src\\Illuminate\\Session\\Middleware\\StartSession.php(64): Illuminate\\Session\\Middleware\\StartSession->handleStatefulRequest(Object(Illuminate\\Http\\Request), Object(Illuminate\\Session\\Store), Object(Closure))
#29 C:\\xampp\\htdocs\\kazimotoawards\\vendor\\laravel\\framework\\src\\Illuminate\\Pipeline\\Pipeline.php(167): Illuminate\\Session\\Middleware\\StartSession->handle(Object(Illuminate\\Http\\Request), Object(Closure))
#30 C:\\xampp\\htdocs\\kazimotoawards\\vendor\\laravel\\framework\\src\\Illuminate\\Cookie\\Middleware\\AddQueuedCookiesToResponse.php(37): Illuminate\\Pipeline\\Pipeline->Illuminate\\Pipeline\\{closure}(Object(Illuminate\\Http\\Request))
#31 C:\\xampp\\htdocs\\kazimotoawards\\vendor\\laravel\\framework\\src\\Illuminate\\Pipeline\\Pipeline.php(167): Illuminate\\Cookie\\Middleware\\AddQueuedCookiesToResponse->handle(Object(Illuminate\\Http\\Request), Object(Closure))
#32 C:\\xampp\\htdocs\\kazimotoawards\\vendor\\laravel\\framework\\src\\Illuminate\\Cookie\\Middleware\\EncryptCookies.php(67): Illuminate\\Pipeline\\Pipeline->Illuminate\\Pipeline\\{closure}(Object(Illuminate\\Http\\Request))
#33 C:\\xampp\\htdocs\\kazimotoawards\\vendor\\laravel\\framework\\src\\Illuminate\\Pipeline\\Pipeline.php(167): Illuminate\\Cookie\\Middleware\\EncryptCookies->handle(Object(Illuminate\\Http\\Request), Object(Closure))
#34 C:\\xampp\\htdocs\\kazimotoawards\\vendor\\laravel\\framework\\src\\Illuminate\\Pipeline\\Pipeline.php(103): Illuminate\\Pipeline\\Pipeline->Illuminate\\Pipeline\\{closure}(Object(Illuminate\\Http\\Request))
#35 C:\\xampp\\htdocs\\kazimotoawards\\vendor\\laravel\\framework\\src\\Illuminate\\Routing\\Router.php(719): Illuminate\\Pipeline\\Pipeline->then(Object(Closure))
#36 C:\\xampp\\htdocs\\kazimotoawards\\vendor\\laravel\\framework\\src\\Illuminate\\Routing\\Router.php(698): Illuminate\\Routing\\Router->runRouteWithinStack(Object(Illuminate\\Routing\\Route), Object(Illuminate\\Http\\Request))
#37 C:\\xampp\\htdocs\\kazimotoawards\\vendor\\laravel\\framework\\src\\Illuminate\\Routing\\Router.php(662): Illuminate\\Routing\\Router->runRoute(Object(Illuminate\\Http\\Request), Object(Illuminate\\Routing\\Route))
#38 C:\\xampp\\htdocs\\kazimotoawards\\vendor\\laravel\\framework\\src\\Illuminate\\Routing\\Router.php(651): Illuminate\\Routing\\Router->dispatchToRoute(Object(Illuminate\\Http\\Request))
#39 C:\\xampp\\htdocs\\kazimotoawards\\vendor\\laravel\\framework\\src\\Illuminate\\Foundation\\Http\\Kernel.php(167): Illuminate\\Routing\\Router->dispatch(Object(Illuminate\\Http\\Request))
#40 C:\\xampp\\htdocs\\kazimotoawards\\vendor\\laravel\\framework\\src\\Illuminate\\Pipeline\\Pipeline.php(128): Illuminate\\Foundation\\Http\\Kernel->Illuminate\\Foundation\\Http\\{closure}(Object(Illuminate\\Http\\Request))
#41 C:\\xampp\\htdocs\\kazimotoawards\\vendor\\laravel\\framework\\src\\Illuminate\\Foundation\\Http\\Middleware\\TransformsRequest.php(21): Illuminate\\Pipeline\\Pipeline->Illuminate\\Pipeline\\{closure}(Object(Illuminate\\Http\\Request))
#42 C:\\xampp\\htdocs\\kazimotoawards\\vendor\\laravel\\framework\\src\\Illuminate\\Foundation\\Http\\Middleware\\ConvertEmptyStringsToNull.php(31): Illuminate\\Foundation\\Http\\Middleware\\TransformsRequest->handle(Object(Illuminate\\Http\\Request), Object(Closure))
#43 C:\\xampp\\htdocs\\kazimotoawards\\vendor\\laravel\\framework\\src\\Illuminate\\Pipeline\\Pipeline.php(167): Illuminate\\Foundation\\Http\\Middleware\\ConvertEmptyStringsToNull->handle(Object(Illuminate\\Http\\Request), Object(Closure))
#44 C:\\xampp\\htdocs\\kazimotoawards\\vendor\\laravel\\framework\\src\\Illuminate\\Foundation\\Http\\Middleware\\TransformsRequest.php(21): Illuminate\\Pipeline\\Pipeline->Illuminate\\Pipeline\\{closure}(Object(Illuminate\\Http\\Request))
#45 C:\\xampp\\htdocs\\kazimotoawards\\vendor\\laravel\\framework\\src\\Illuminate\\Foundation\\Http\\Middleware\\TrimStrings.php(40): Illuminate\\Foundation\\Http\\Middleware\\TransformsRequest->handle(Object(Illuminate\\Http\\Request), Object(Closure))
#46 C:\\xampp\\htdocs\\kazimotoawards\\vendor\\laravel\\framework\\src\\Illuminate\\Pipeline\\Pipeline.php(167): Illuminate\\Foundation\\Http\\Middleware\\TrimStrings->handle(Object(Illuminate\\Http\\Request), Object(Closure))
#47 C:\\xampp\\htdocs\\kazimotoawards\\vendor\\laravel\\framework\\src\\Illuminate\\Foundation\\Http\\Middleware\\ValidatePostSize.php(27): Illuminate\\Pipeline\\Pipeline->Illuminate\\Pipeline\\{closure}(Object(Illuminate\\Http\\Request))
#48 C:\\xampp\\htdocs\\kazimotoawards\\vendor\\laravel\\framework\\src\\Illuminate\\Pipeline\\Pipeline.php(167): Illuminate\\Foundation\\Http\\Middleware\\ValidatePostSize->handle(Object(Illuminate\\Http\\Request), Object(Closure))
#49 C:\\xampp\\htdocs\\kazimotoawards\\vendor\\laravel\\framework\\src\\Illuminate\\Foundation\\Http\\Middleware\\PreventRequestsDuringMaintenance.php(86): Illuminate\\Pipeline\\Pipeline->Illuminate\\Pipeline\\{closure}(Object(Illuminate\\Http\\Request))
#50 C:\\xampp\\htdocs\\kazimotoawards\\vendor\\laravel\\framework\\src\\Illuminate\\Pipeline\\Pipeline.php(167): Illuminate\\Foundation\\Http\\Middleware\\PreventRequestsDuringMaintenance->handle(Object(Illuminate\\Http\\Request), Object(Closure))
#51 C:\\xampp\\htdocs\\kazimotoawards\\vendor\\fruitcake\\laravel-cors\\src\\HandleCors.php(38): Illuminate\\Pipeline\\Pipeline->Illuminate\\Pipeline\\{closure}(Object(Illuminate\\Http\\Request))
#52 C:\\xampp\\htdocs\\kazimotoawards\\vendor\\laravel\\framework\\src\\Illuminate\\Pipeline\\Pipeline.php(167): Fruitcake\\Cors\\HandleCors->handle(Object(Illuminate\\Http\\Request), Object(Closure))
#53 C:\\xampp\\htdocs\\kazimotoawards\\vendor\\fideloper\\proxy\\src\\TrustProxies.php(57): Illuminate\\Pipeline\\Pipeline->Illuminate\\Pipeline\\{closure}(Object(Illuminate\\Http\\Request))
#54 C:\\xampp\\htdocs\\kazimotoawards\\vendor\\laravel\\framework\\src\\Illuminate\\Pipeline\\Pipeline.php(167): Fideloper\\Proxy\\TrustProxies->handle(Object(Illuminate\\Http\\Request), Object(Closure))
#55 C:\\xampp\\htdocs\\kazimotoawards\\vendor\\laravel\\framework\\src\\Illuminate\\Pipeline\\Pipeline.php(103): Illuminate\\Pipeline\\Pipeline->Illuminate\\Pipeline\\{closure}(Object(Illuminate\\Http\\Request))
#56 C:\\xampp\\htdocs\\kazimotoawards\\vendor\\laravel\\framework\\src\\Illuminate\\Foundation\\Http\\Kernel.php(142): Illuminate\\Pipeline\\Pipeline->then(Object(Closure))
#57 C:\\xampp\\htdocs\\kazimotoawards\\vendor\\laravel\\framework\\src\\Illuminate\\Foundation\\Http\\Kernel.php(111): Illuminate\\Foundation\\Http\\Kernel->sendRequestThroughRouter(Object(Illuminate\\Http\\Request))
#58 C:\\xampp\\htdocs\\kazimotoawards\\public\\index.php(51): Illuminate\\Foundation\\Http\\Kernel->handle(Object(Illuminate\\Http\\Request))
#59 C:\\xampp\\htdocs\\kazimotoawards\\server.php(21): require_once('C:\\\\xampp\\\\htdocs...')
#60 {main}

[previous exception] [object] (PDOException(code: 42S22): SQLSTATE[42S22]: Column not found: 1054 Unknown column 'year' in 'where clause' at C:\\xampp\\htdocs\\kazimotoawards\\vendor\\laravel\\framework\\src\\Illuminate\\Database\\Connection.php:368)
[stacktrace]
#0 C:\\xampp\\htdocs\\kazimotoawards\\vendor\\laravel\\framework\\src\\Illuminate\\Database\\Connection.php(368): PDO->prepare('select * from `...')
#1 C:\\xampp\\htdocs\\kazimotoawards\\vendor\\laravel\\framework\\src\\Illuminate\\Database\\Connection.php(705): Illuminate\\Database\\Connection->Illuminate\\Database\\{closure}('select * from `...', Array)
#2 C:\\xampp\\htdocs\\kazimotoawards\\vendor\\laravel\\framework\\src\\Illuminate\\Database\\Connection.php(672): Illuminate\\Database\\Connection->runQueryCallback('select * from `...', Array, Object(Closure))
#3 C:\\xampp\\htdocs\\kazimotoawards\\vendor\\laravel\\framework\\src\\Illuminate\\Database\\Connection.php(359): Illuminate\\Database\\Connection->run('select * from `...', Array, Object(Closure))
#4 C:\\xampp\\htdocs\\kazimotoawards\\vendor\\laravel\\framework\\src\\Illuminate\\Database\\Query\\Builder.php(2413): Illuminate\\Database\\Connection->select('select * from `...', Array, true)
#5 C:\\xampp\\htdocs\\kazimotoawards\\vendor\\laravel\\framework\\src\\Illuminate\\Database\\Query\\Builder.php(2402): Illuminate\\Database\\Query\\Builder->runSelect()
#6 C:\\xampp\\htdocs\\kazimotoawards\\vendor\\laravel\\framework\\src\\Illuminate\\Database\\Query\\Builder.php(2936): Illuminate\\Database\\Query\\Builder->Illuminate\\Database\\Query\\{closure}()
#7 C:\\xampp\\htdocs\\kazimotoawards\\vendor\\laravel\\framework\\src\\Illuminate\\Database\\Query\\Builder.php(2401): Illuminate\\Database\\Query\\Builder->onceWithColumns(Array, Object(Closure))
#8 C:\\xampp\\htdocs\\kazimotoawards\\vendor\\laravel\\framework\\src\\Illuminate\\Database\\Eloquent\\Builder.php(625): Illuminate\\Database\\Query\\Builder->get(Array)
#9 C:\\xampp\\htdocs\\kazimotoawards\\vendor\\laravel\\framework\\src\\Illuminate\\Database\\Eloquent\\Builder.php(609): Illuminate\\Database\\Eloquent\\Builder->getModels(Array)
#10 C:\\xampp\\htdocs\\kazimotoawards\\vendor\\laravel\\framework\\src\\Illuminate\\Database\\Concerns\\BuildsQueries.php(294): Illuminate\\Database\\Eloquent\\Builder->get(Array)
#11 C:\\xampp\\htdocs\\kazimotoawards\\vendor\\laravel\\framework\\src\\Illuminate\\Database\\Eloquent\\Builder.php(474): Illuminate\\Database\\Eloquent\\Builder->first()
#12 C:\\xampp\\htdocs\\kazimotoawards\\vendor\\laravel\\framework\\src\\Illuminate\\Database\\Eloquent\\Builder.php(508): Illuminate\\Database\\Eloquent\\Builder->firstOrNew(Array)
#13 C:\\xampp\\htdocs\\kazimotoawards\\vendor\\laravel\\framework\\src\\Illuminate\\Support\\Traits\\ForwardsCalls.php(23): Illuminate\\Database\\Eloquent\\Builder->updateOrCreate(Array)
#14 C:\\xampp\\htdocs\\kazimotoawards\\vendor\\laravel\\framework\\src\\Illuminate\\Database\\Eloquent\\Model.php(2132): Illuminate\\Database\\Eloquent\\Model->forwardCallTo(Object(Illuminate\\Database\\Eloquent\\Builder), 'UpdateOrCreate', Array)
#15 C:\\xampp\\htdocs\\kazimotoawards\\vendor\\laravel\\framework\\src\\Illuminate\\Database\\Eloquent\\Model.php(2144): Illuminate\\Database\\Eloquent\\Model->__call('UpdateOrCreate', Array)
#16 C:\\xampp\\htdocs\\kazimotoawards\\app\\Http\\Controllers\\ContestantController.php(259): Illuminate\\Database\\Eloquent\\Model::__callStatic('UpdateOrCreate', Array)
#17 C:\\xampp\\htdocs\\kazimotoawards\\vendor\\laravel\\framework\\src\\Illuminate\\Routing\\Controller.php(54): App\\Http\\Controllers\\ContestantController->store(Object(Illuminate\\Http\\Request))
#18 C:\\xampp\\htdocs\\kazimotoawards\\vendor\\laravel\\framework\\src\\Illuminate\\Routing\\ControllerDispatcher.php(45): Illuminate\\Routing\\Controller->callAction('store', Array)
#19 C:\\xampp\\htdocs\\kazimotoawards\\vendor\\laravel\\framework\\src\\Illuminate\\Routing\\Route.php(261): Illuminate\\Routing\\ControllerDispatcher->dispatch(Object(Illuminate\\Routing\\Route), Object(App\\Http\\Controllers\\ContestantController), 'store')
#20 C:\\xampp\\htdocs\\kazimotoawards\\vendor\\laravel\\framework\\src\\Illuminate\\Routing\\Route.php(205): Illuminate\\Routing\\Route->runController()
#21 C:\\xampp\\htdocs\\kazimotoawards\\vendor\\laravel\\framework\\src\\Illuminate\\Routing\\Router.php(721): Illuminate\\Routing\\Route->run()
#22 C:\\xampp\\htdocs\\kazimotoawards\\vendor\\laravel\\framework\\src\\Illuminate\\Pipeline\\Pipeline.php(128): Illuminate\\Routing\\Router->Illuminate\\Routing\\{closure}(Object(Illuminate\\Http\\Request))
#23 C:\\xampp\\htdocs\\kazimotoawards\\vendor\\laravel\\framework\\src\\Illuminate\\Routing\\Middleware\\SubstituteBindings.php(50): Illuminate\\Pipeline\\Pipeline->Illuminate\\Pipeline\\{closure}(Object(Illuminate\\Http\\Request))
#24 C:\\xampp\\htdocs\\kazimotoawards\\vendor\\laravel\\framework\\src\\Illuminate\\Pipeline\\Pipeline.php(167): Illuminate\\Routing\\Middleware\\SubstituteBindings->handle(Object(Illuminate\\Http\\Request), Object(Closure))
#25 C:\\xampp\\htdocs\\kazimotoawards\\vendor\\laravel\\framework\\src\\Illuminate\\Foundation\\Http\\Middleware\\VerifyCsrfToken.php(78): Illuminate\\Pipeline\\Pipeline->Illuminate\\Pipeline\\{closure}(Object(Illuminate\\Http\\Request))
#26 C:\\xampp\\htdocs\\kazimotoawards\\vendor\\laravel\\framework\\src\\Illuminate\\Pipeline\\Pipeline.php(167): Illuminate\\Foundation\\Http\\Middleware\\VerifyCsrfToken->handle(Object(Illuminate\\Http\\Request), Object(Closure))
#27 C:\\xampp\\htdocs\\kazimotoawards\\vendor\\laravel\\framework\\src\\Illuminate\\View\\Middleware\\ShareErrorsFromSession.php(49): Illuminate\\Pipeline\\Pipeline->Illuminate\\Pipeline\\{closure}(Object(Illuminate\\Http\\Request))
#28 C:\\xampp\\htdocs\\kazimotoawards\\vendor\\laravel\\framework\\src\\Illuminate\\Pipeline\\Pipeline.php(167): Illuminate\\View\\Middleware\\ShareErrorsFromSession->handle(Object(Illuminate\\Http\\Request), Object(Closure))
#29 C:\\xampp\\htdocs\\kazimotoawards\\vendor\\laravel\\framework\\src\\Illuminate\\Session\\Middleware\\StartSession.php(121): Illuminate\\Pipeline\\Pipeline->Illuminate\\Pipeline\\{closure}(Object(Illuminate\\Http\\Request))
#30 C:\\xampp\\htdocs\\kazimotoawards\\vendor\\laravel\\framework\\src\\Illuminate\\Session\\Middleware\\StartSession.php(64): Illuminate\\Session\\Middleware\\StartSession->handleStatefulRequest(Object(Illuminate\\Http\\Request), Object(Illuminate\\Session\\Store), Object(Closure))
#31 C:\\xampp\\htdocs\\kazimotoawards\\vendor\\laravel\\framework\\src\\Illuminate\\Pipeline\\Pipeline.php(167): Illuminate\\Session\\Middleware\\StartSession->handle(Object(Illuminate\\Http\\Request), Object(Closure))
#32 C:\\xampp\\htdocs\\kazimotoawards\\vendor\\laravel\\framework\\src\\Illuminate\\Cookie\\Middleware\\AddQueuedCookiesToResponse.php(37): Illuminate\\Pipeline\\Pipeline->Illuminate\\Pipeline\\{closure}(Object(Illuminate\\Http\\Request))
#33 C:\\xampp\\htdocs\\kazimotoawards\\vendor\\laravel\\framework\\src\\Illuminate\\Pipeline\\Pipeline.php(167): Illuminate\\Cookie\\Middleware\\AddQueuedCookiesToResponse->handle(Object(Illuminate\\Http\\Request), Object(Closure))
#34 C:\\xampp\\htdocs\\kazimotoawards\\vendor\\laravel\\framework\\src\\Illuminate\\Cookie\\Middleware\\EncryptCookies.php(67): Illuminate\\Pipeline\\Pipeline->Illuminate\\Pipeline\\{closure}(Object(Illuminate\\Http\\Request))
#35 C:\\xampp\\htdocs\\kazimotoawards\\vendor\\laravel\\framework\\src\\Illuminate\\Pipeline\\Pipeline.php(167): Illuminate\\Cookie\\Middleware\\EncryptCookies->handle(Object(Illuminate\\Http\\Request), Object(Closure))
#36 C:\\xampp\\htdocs\\kazimotoawards\\vendor\\laravel\\framework\\src\\Illuminate\\Pipeline\\Pipeline.php(103): Illuminate\\Pipeline\\Pipeline->Illuminate\\Pipeline\\{closure}(Object(Illuminate\\Http\\Request))
#37 C:\\xampp\\htdocs\\kazimotoawards\\vendor\\laravel\\framework\\src\\Illuminate\\Routing\\Router.php(719): Illuminate\\Pipeline\\Pipeline->then(Object(Closure))
#38 C:\\xampp\\htdocs\\kazimotoawards\\vendor\\laravel\\framework\\src\\Illuminate\\Routing\\Router.php(698): Illuminate\\Routing\\Router->runRouteWithinStack(Object(Illuminate\\Routing\\Route), Object(Illuminate\\Http\\Request))
#39 C:\\xampp\\htdocs\\kazimotoawards\\vendor\\laravel\\framework\\src\\Illuminate\\Routing\\Router.php(662): Illuminate\\Routing\\Router->runRoute(Object(Illuminate\\Http\\Request), Object(Illuminate\\Routing\\Route))
#40 C:\\xampp\\htdocs\\kazimotoawards\\vendor\\laravel\\framework\\src\\Illuminate\\Routing\\Router.php(651): Illuminate\\Routing\\Router->dispatchToRoute(Object(Illuminate\\Http\\Request))
#41 C:\\xampp\\htdocs\\kazimotoawards\\vendor\\laravel\\framework\\src\\Illuminate\\Foundation\\Http\\Kernel.php(167): Illuminate\\Routing\\Router->dispatch(Object(Illuminate\\Http\\Request))
#42 C:\\xampp\\htdocs\\kazimotoawards\\vendor\\laravel\\framework\\src\\Illuminate\\Pipeline\\Pipeline.php(128): Illuminate\\Foundation\\Http\\Kernel->Illuminate\\Foundation\\Http\\{closure}(Object(Illuminate\\Http\\Request))
#43 C:\\xampp\\htdocs\\kazimotoawards\\vendor\\laravel\\framework\\src\\Illuminate\\Foundation\\Http\\Middleware\\TransformsRequest.php(21): Illuminate\\Pipeline\\Pipeline->Illuminate\\Pipeline\\{closure}(Object(Illuminate\\Http\\Request))
#44 C:\\xampp\\htdocs\\kazimotoawards\\vendor\\laravel\\framework\\src\\Illuminate\\Foundation\\Http\\Middleware\\ConvertEmptyStringsToNull.php(31): Illuminate\\Foundation\\Http\\Middleware\\TransformsRequest->handle(Object(Illuminate\\Http\\Request), Object(Closure))
#45 C:\\xampp\\htdocs\\kazimotoawards\\vendor\\laravel\\framework\\src\\Illuminate\\Pipeline\\Pipeline.php(167): Illuminate\\Foundation\\Http\\Middleware\\ConvertEmptyStringsToNull->handle(Object(Illuminate\\Http\\Request), Object(Closure))
#46 C:\\xampp\\htdocs\\kazimotoawards\\vendor\\laravel\\framework\\src\\Illuminate\\Foundation\\Http\\Middleware\\TransformsRequest.php(21): Illuminate\\Pipeline\\Pipeline->Illuminate\\Pipeline\\{closure}(Object(Illuminate\\Http\\Request))
#47 C:\\xampp\\htdocs\\kazimotoawards\\vendor\\laravel\\framework\\src\\Illuminate\\Foundation\\Http\\Middleware\\TrimStrings.php(40): Illuminate\\Foundation\\Http\\Middleware\\TransformsRequest->handle(Object(Illuminate\\Http\\Request), Object(Closure))
#48 C:\\xampp\\htdocs\\kazimotoawards\\vendor\\laravel\\framework\\src\\Illuminate\\Pipeline\\Pipeline.php(167): Illuminate\\Foundation\\Http\\Middleware\\TrimStrings->handle(Object(Illuminate\\Http\\Request), Object(Closure))
#49 C:\\xampp\\htdocs\\kazimotoawards\\vendor\\laravel\\framework\\src\\Illuminate\\Foundation\\Http\\Middleware\\ValidatePostSize.php(27): Illuminate\\Pipeline\\Pipeline->Illuminate\\Pipeline\\{closure}(Object(Illuminate\\Http\\Request))
#50 C:\\xampp\\htdocs\\kazimotoawards\\vendor\\laravel\\framework\\src\\Illuminate\\Pipeline\\Pipeline.php(167): Illuminate\\Foundation\\Http\\Middleware\\ValidatePostSize->handle(Object(Illuminate\\Http\\Request), Object(Closure))
#51 C:\\xampp\\htdocs\\kazimotoawards\\vendor\\laravel\\framework\\src\\Illuminate\\Foundation\\Http\\Middleware\\PreventRequestsDuringMaintenance.php(86): Illuminate\\Pipeline\\Pipeline->Illuminate\\Pipeline\\{closure}(Object(Illuminate\\Http\\Request))
#52 C:\\xampp\\htdocs\\kazimotoawards\\vendor\\laravel\\framework\\src\\Illuminate\\Pipeline\\Pipeline.php(167): Illuminate\\Foundation\\Http\\Middleware\\PreventRequestsDuringMaintenance->handle(Object(Illuminate\\Http\\Request), Object(Closure))
#53 C:\\xampp\\htdocs\\kazimotoawards\\vendor\\fruitcake\\laravel-cors\\src\\HandleCors.php(38): Illuminate\\Pipeline\\Pipeline->Illuminate\\Pipeline\\{closure}(Object(Illuminate\\Http\\Request))
#54 C:\\xampp\\htdocs\\kazimotoawards\\vendor\\laravel\\framework\\src\\Illuminate\\Pipeline\\Pipeline.php(167): Fruitcake\\Cors\\HandleCors->handle(Object(Illuminate\\Http\\Request), Object(Closure))
#55 C:\\xampp\\htdocs\\kazimotoawards\\vendor\\fideloper\\proxy\\src\\TrustProxies.php(57): Illuminate\\Pipeline\\Pipeline->Illuminate\\Pipeline\\{closure}(Object(Illuminate\\Http\\Request))
#56 C:\\xampp\\htdocs\\kazimotoawards\\vendor\\laravel\\framework\\src\\Illuminate\\Pipeline\\Pipeline.php(167): Fideloper\\Proxy\\TrustProxies->handle(Object(Illuminate\\Http\\Request), Object(Closure))
#57 C:\\xampp\\htdocs\\kazimotoawards\\vendor\\laravel\\framework\\src\\Illuminate\\Pipeline\\Pipeline.php(103): Illuminate\\Pipeline\\Pipeline->Illuminate\\Pipeline\\{closure}(Object(Illuminate\\Http\\Request))
#58 C:\\xampp\\htdocs\\kazimotoawards\\vendor\\laravel\\framework\\src\\Illuminate\\Foundation\\Http\\Kernel.php(142): Illuminate\\Pipeline\\Pipeline->then(Object(Closure))
#59 C:\\xampp\\htdocs\\kazimotoawards\\vendor\\laravel\\framework\\src\\Illuminate\\Foundation\\Http\\Kernel.php(111): Illuminate\\Foundation\\Http\\Kernel->sendRequestThroughRouter(Object(Illuminate\\Http\\Request))
#60 C:\\xampp\\htdocs\\kazimotoawards\\public\\index.php(51): Illuminate\\Foundation\\Http\\Kernel->handle(Object(Illuminate\\Http\\Request))
#61 C:\\xampp\\htdocs\\kazimotoawards\\server.php(21): require_once('C:\\\\xampp\\\\htdocs...')
#62 {main}
"} 
[2025-08-10 11:11:37] local.ERROR: SQLSTATE[42S22]: Column not found: 1054 Unknown column 'year' in 'where clause' (SQL: select * from `contestant_awards` where (`contestant_id` = 45 and `award_id` = 2025 and `year` = 2025 and `status` = Active) limit 1) {"userId":1,"exception":"[object] (Illuminate\\Database\\QueryException(code: 42S22): SQLSTATE[42S22]: Column not found: 1054 Unknown column 'year' in 'where clause' (SQL: select * from `contestant_awards` where (`contestant_id` = 45 and `award_id` = 2025 and `year` = 2025 and `status` = Active) limit 1) at C:\\xampp\\htdocs\\kazimotoawards\\vendor\\laravel\\framework\\src\\Illuminate\\Database\\Connection.php:712)
[stacktrace]
#0 C:\\xampp\\htdocs\\kazimotoawards\\vendor\\laravel\\framework\\src\\Illuminate\\Database\\Connection.php(672): Illuminate\\Database\\Connection->runQueryCallback('select * from `...', Array, Object(Closure))
#1 C:\\xampp\\htdocs\\kazimotoawards\\vendor\\laravel\\framework\\src\\Illuminate\\Database\\Connection.php(359): Illuminate\\Database\\Connection->run('select * from `...', Array, Object(Closure))
#2 C:\\xampp\\htdocs\\kazimotoawards\\vendor\\laravel\\framework\\src\\Illuminate\\Database\\Query\\Builder.php(2413): Illuminate\\Database\\Connection->select('select * from `...', Array, true)
#3 C:\\xampp\\htdocs\\kazimotoawards\\vendor\\laravel\\framework\\src\\Illuminate\\Database\\Query\\Builder.php(2402): Illuminate\\Database\\Query\\Builder->runSelect()
#4 C:\\xampp\\htdocs\\kazimotoawards\\vendor\\laravel\\framework\\src\\Illuminate\\Database\\Query\\Builder.php(2936): Illuminate\\Database\\Query\\Builder->Illuminate\\Database\\Query\\{closure}()
#5 C:\\xampp\\htdocs\\kazimotoawards\\vendor\\laravel\\framework\\src\\Illuminate\\Database\\Query\\Builder.php(2401): Illuminate\\Database\\Query\\Builder->onceWithColumns(Array, Object(Closure))
#6 C:\\xampp\\htdocs\\kazimotoawards\\vendor\\laravel\\framework\\src\\Illuminate\\Database\\Eloquent\\Builder.php(625): Illuminate\\Database\\Query\\Builder->get(Array)
#7 C:\\xampp\\htdocs\\kazimotoawards\\vendor\\laravel\\framework\\src\\Illuminate\\Database\\Eloquent\\Builder.php(609): Illuminate\\Database\\Eloquent\\Builder->getModels(Array)
#8 C:\\xampp\\htdocs\\kazimotoawards\\vendor\\laravel\\framework\\src\\Illuminate\\Database\\Concerns\\BuildsQueries.php(294): Illuminate\\Database\\Eloquent\\Builder->get(Array)
#9 C:\\xampp\\htdocs\\kazimotoawards\\vendor\\laravel\\framework\\src\\Illuminate\\Database\\Eloquent\\Builder.php(474): Illuminate\\Database\\Eloquent\\Builder->first()
#10 C:\\xampp\\htdocs\\kazimotoawards\\vendor\\laravel\\framework\\src\\Illuminate\\Database\\Eloquent\\Builder.php(508): Illuminate\\Database\\Eloquent\\Builder->firstOrNew(Array)
#11 C:\\xampp\\htdocs\\kazimotoawards\\vendor\\laravel\\framework\\src\\Illuminate\\Support\\Traits\\ForwardsCalls.php(23): Illuminate\\Database\\Eloquent\\Builder->updateOrCreate(Array)
#12 C:\\xampp\\htdocs\\kazimotoawards\\vendor\\laravel\\framework\\src\\Illuminate\\Database\\Eloquent\\Model.php(2132): Illuminate\\Database\\Eloquent\\Model->forwardCallTo(Object(Illuminate\\Database\\Eloquent\\Builder), 'UpdateOrCreate', Array)
#13 C:\\xampp\\htdocs\\kazimotoawards\\vendor\\laravel\\framework\\src\\Illuminate\\Database\\Eloquent\\Model.php(2144): Illuminate\\Database\\Eloquent\\Model->__call('UpdateOrCreate', Array)
#14 C:\\xampp\\htdocs\\kazimotoawards\\app\\Http\\Controllers\\ContestantController.php(253): Illuminate\\Database\\Eloquent\\Model::__callStatic('UpdateOrCreate', Array)
#15 C:\\xampp\\htdocs\\kazimotoawards\\vendor\\laravel\\framework\\src\\Illuminate\\Routing\\Controller.php(54): App\\Http\\Controllers\\ContestantController->store(Object(Illuminate\\Http\\Request))
#16 C:\\xampp\\htdocs\\kazimotoawards\\vendor\\laravel\\framework\\src\\Illuminate\\Routing\\ControllerDispatcher.php(45): Illuminate\\Routing\\Controller->callAction('store', Array)
#17 C:\\xampp\\htdocs\\kazimotoawards\\vendor\\laravel\\framework\\src\\Illuminate\\Routing\\Route.php(261): Illuminate\\Routing\\ControllerDispatcher->dispatch(Object(Illuminate\\Routing\\Route), Object(App\\Http\\Controllers\\ContestantController), 'store')
#18 C:\\xampp\\htdocs\\kazimotoawards\\vendor\\laravel\\framework\\src\\Illuminate\\Routing\\Route.php(205): Illuminate\\Routing\\Route->runController()
#19 C:\\xampp\\htdocs\\kazimotoawards\\vendor\\laravel\\framework\\src\\Illuminate\\Routing\\Router.php(721): Illuminate\\Routing\\Route->run()
#20 C:\\xampp\\htdocs\\kazimotoawards\\vendor\\laravel\\framework\\src\\Illuminate\\Pipeline\\Pipeline.php(128): Illuminate\\Routing\\Router->Illuminate\\Routing\\{closure}(Object(Illuminate\\Http\\Request))
#21 C:\\xampp\\htdocs\\kazimotoawards\\vendor\\laravel\\framework\\src\\Illuminate\\Routing\\Middleware\\SubstituteBindings.php(50): Illuminate\\Pipeline\\Pipeline->Illuminate\\Pipeline\\{closure}(Object(Illuminate\\Http\\Request))
#22 C:\\xampp\\htdocs\\kazimotoawards\\vendor\\laravel\\framework\\src\\Illuminate\\Pipeline\\Pipeline.php(167): Illuminate\\Routing\\Middleware\\SubstituteBindings->handle(Object(Illuminate\\Http\\Request), Object(Closure))
#23 C:\\xampp\\htdocs\\kazimotoawards\\vendor\\laravel\\framework\\src\\Illuminate\\Foundation\\Http\\Middleware\\VerifyCsrfToken.php(78): Illuminate\\Pipeline\\Pipeline->Illuminate\\Pipeline\\{closure}(Object(Illuminate\\Http\\Request))
#24 C:\\xampp\\htdocs\\kazimotoawards\\vendor\\laravel\\framework\\src\\Illuminate\\Pipeline\\Pipeline.php(167): Illuminate\\Foundation\\Http\\Middleware\\VerifyCsrfToken->handle(Object(Illuminate\\Http\\Request), Object(Closure))
#25 C:\\xampp\\htdocs\\kazimotoawards\\vendor\\laravel\\framework\\src\\Illuminate\\View\\Middleware\\ShareErrorsFromSession.php(49): Illuminate\\Pipeline\\Pipeline->Illuminate\\Pipeline\\{closure}(Object(Illuminate\\Http\\Request))
#26 C:\\xampp\\htdocs\\kazimotoawards\\vendor\\laravel\\framework\\src\\Illuminate\\Pipeline\\Pipeline.php(167): Illuminate\\View\\Middleware\\ShareErrorsFromSession->handle(Object(Illuminate\\Http\\Request), Object(Closure))
#27 C:\\xampp\\htdocs\\kazimotoawards\\vendor\\laravel\\framework\\src\\Illuminate\\Session\\Middleware\\StartSession.php(121): Illuminate\\Pipeline\\Pipeline->Illuminate\\Pipeline\\{closure}(Object(Illuminate\\Http\\Request))
#28 C:\\xampp\\htdocs\\kazimotoawards\\vendor\\laravel\\framework\\src\\Illuminate\\Session\\Middleware\\StartSession.php(64): Illuminate\\Session\\Middleware\\StartSession->handleStatefulRequest(Object(Illuminate\\Http\\Request), Object(Illuminate\\Session\\Store), Object(Closure))
#29 C:\\xampp\\htdocs\\kazimotoawards\\vendor\\laravel\\framework\\src\\Illuminate\\Pipeline\\Pipeline.php(167): Illuminate\\Session\\Middleware\\StartSession->handle(Object(Illuminate\\Http\\Request), Object(Closure))
#30 C:\\xampp\\htdocs\\kazimotoawards\\vendor\\laravel\\framework\\src\\Illuminate\\Cookie\\Middleware\\AddQueuedCookiesToResponse.php(37): Illuminate\\Pipeline\\Pipeline->Illuminate\\Pipeline\\{closure}(Object(Illuminate\\Http\\Request))
#31 C:\\xampp\\htdocs\\kazimotoawards\\vendor\\laravel\\framework\\src\\Illuminate\\Pipeline\\Pipeline.php(167): Illuminate\\Cookie\\Middleware\\AddQueuedCookiesToResponse->handle(Object(Illuminate\\Http\\Request), Object(Closure))
#32 C:\\xampp\\htdocs\\kazimotoawards\\vendor\\laravel\\framework\\src\\Illuminate\\Cookie\\Middleware\\EncryptCookies.php(67): Illuminate\\Pipeline\\Pipeline->Illuminate\\Pipeline\\{closure}(Object(Illuminate\\Http\\Request))
#33 C:\\xampp\\htdocs\\kazimotoawards\\vendor\\laravel\\framework\\src\\Illuminate\\Pipeline\\Pipeline.php(167): Illuminate\\Cookie\\Middleware\\EncryptCookies->handle(Object(Illuminate\\Http\\Request), Object(Closure))
#34 C:\\xampp\\htdocs\\kazimotoawards\\vendor\\laravel\\framework\\src\\Illuminate\\Pipeline\\Pipeline.php(103): Illuminate\\Pipeline\\Pipeline->Illuminate\\Pipeline\\{closure}(Object(Illuminate\\Http\\Request))
#35 C:\\xampp\\htdocs\\kazimotoawards\\vendor\\laravel\\framework\\src\\Illuminate\\Routing\\Router.php(719): Illuminate\\Pipeline\\Pipeline->then(Object(Closure))
#36 C:\\xampp\\htdocs\\kazimotoawards\\vendor\\laravel\\framework\\src\\Illuminate\\Routing\\Router.php(698): Illuminate\\Routing\\Router->runRouteWithinStack(Object(Illuminate\\Routing\\Route), Object(Illuminate\\Http\\Request))
#37 C:\\xampp\\htdocs\\kazimotoawards\\vendor\\laravel\\framework\\src\\Illuminate\\Routing\\Router.php(662): Illuminate\\Routing\\Router->runRoute(Object(Illuminate\\Http\\Request), Object(Illuminate\\Routing\\Route))
#38 C:\\xampp\\htdocs\\kazimotoawards\\vendor\\laravel\\framework\\src\\Illuminate\\Routing\\Router.php(651): Illuminate\\Routing\\Router->dispatchToRoute(Object(Illuminate\\Http\\Request))
#39 C:\\xampp\\htdocs\\kazimotoawards\\vendor\\laravel\\framework\\src\\Illuminate\\Foundation\\Http\\Kernel.php(167): Illuminate\\Routing\\Router->dispatch(Object(Illuminate\\Http\\Request))
#40 C:\\xampp\\htdocs\\kazimotoawards\\vendor\\laravel\\framework\\src\\Illuminate\\Pipeline\\Pipeline.php(128): Illuminate\\Foundation\\Http\\Kernel->Illuminate\\Foundation\\Http\\{closure}(Object(Illuminate\\Http\\Request))
#41 C:\\xampp\\htdocs\\kazimotoawards\\vendor\\laravel\\framework\\src\\Illuminate\\Foundation\\Http\\Middleware\\TransformsRequest.php(21): Illuminate\\Pipeline\\Pipeline->Illuminate\\Pipeline\\{closure}(Object(Illuminate\\Http\\Request))
#42 C:\\xampp\\htdocs\\kazimotoawards\\vendor\\laravel\\framework\\src\\Illuminate\\Foundation\\Http\\Middleware\\ConvertEmptyStringsToNull.php(31): Illuminate\\Foundation\\Http\\Middleware\\TransformsRequest->handle(Object(Illuminate\\Http\\Request), Object(Closure))
#43 C:\\xampp\\htdocs\\kazimotoawards\\vendor\\laravel\\framework\\src\\Illuminate\\Pipeline\\Pipeline.php(167): Illuminate\\Foundation\\Http\\Middleware\\ConvertEmptyStringsToNull->handle(Object(Illuminate\\Http\\Request), Object(Closure))
#44 C:\\xampp\\htdocs\\kazimotoawards\\vendor\\laravel\\framework\\src\\Illuminate\\Foundation\\Http\\Middleware\\TransformsRequest.php(21): Illuminate\\Pipeline\\Pipeline->Illuminate\\Pipeline\\{closure}(Object(Illuminate\\Http\\Request))
#45 C:\\xampp\\htdocs\\kazimotoawards\\vendor\\laravel\\framework\\src\\Illuminate\\Foundation\\Http\\Middleware\\TrimStrings.php(40): Illuminate\\Foundation\\Http\\Middleware\\TransformsRequest->handle(Object(Illuminate\\Http\\Request), Object(Closure))
#46 C:\\xampp\\htdocs\\kazimotoawards\\vendor\\laravel\\framework\\src\\Illuminate\\Pipeline\\Pipeline.php(167): Illuminate\\Foundation\\Http\\Middleware\\TrimStrings->handle(Object(Illuminate\\Http\\Request), Object(Closure))
#47 C:\\xampp\\htdocs\\kazimotoawards\\vendor\\laravel\\framework\\src\\Illuminate\\Foundation\\Http\\Middleware\\ValidatePostSize.php(27): Illuminate\\Pipeline\\Pipeline->Illuminate\\Pipeline\\{closure}(Object(Illuminate\\Http\\Request))
#48 C:\\xampp\\htdocs\\kazimotoawards\\vendor\\laravel\\framework\\src\\Illuminate\\Pipeline\\Pipeline.php(167): Illuminate\\Foundation\\Http\\Middleware\\ValidatePostSize->handle(Object(Illuminate\\Http\\Request), Object(Closure))
#49 C:\\xampp\\htdocs\\kazimotoawards\\vendor\\laravel\\framework\\src\\Illuminate\\Foundation\\Http\\Middleware\\PreventRequestsDuringMaintenance.php(86): Illuminate\\Pipeline\\Pipeline->Illuminate\\Pipeline\\{closure}(Object(Illuminate\\Http\\Request))
#50 C:\\xampp\\htdocs\\kazimotoawards\\vendor\\laravel\\framework\\src\\Illuminate\\Pipeline\\Pipeline.php(167): Illuminate\\Foundation\\Http\\Middleware\\PreventRequestsDuringMaintenance->handle(Object(Illuminate\\Http\\Request), Object(Closure))
#51 C:\\xampp\\htdocs\\kazimotoawards\\vendor\\fruitcake\\laravel-cors\\src\\HandleCors.php(38): Illuminate\\Pipeline\\Pipeline->Illuminate\\Pipeline\\{closure}(Object(Illuminate\\Http\\Request))
#52 C:\\xampp\\htdocs\\kazimotoawards\\vendor\\laravel\\framework\\src\\Illuminate\\Pipeline\\Pipeline.php(167): Fruitcake\\Cors\\HandleCors->handle(Object(Illuminate\\Http\\Request), Object(Closure))
#53 C:\\xampp\\htdocs\\kazimotoawards\\vendor\\fideloper\\proxy\\src\\TrustProxies.php(57): Illuminate\\Pipeline\\Pipeline->Illuminate\\Pipeline\\{closure}(Object(Illuminate\\Http\\Request))
#54 C:\\xampp\\htdocs\\kazimotoawards\\vendor\\laravel\\framework\\src\\Illuminate\\Pipeline\\Pipeline.php(167): Fideloper\\Proxy\\TrustProxies->handle(Object(Illuminate\\Http\\Request), Object(Closure))
#55 C:\\xampp\\htdocs\\kazimotoawards\\vendor\\laravel\\framework\\src\\Illuminate\\Pipeline\\Pipeline.php(103): Illuminate\\Pipeline\\Pipeline->Illuminate\\Pipeline\\{closure}(Object(Illuminate\\Http\\Request))
#56 C:\\xampp\\htdocs\\kazimotoawards\\vendor\\laravel\\framework\\src\\Illuminate\\Foundation\\Http\\Kernel.php(142): Illuminate\\Pipeline\\Pipeline->then(Object(Closure))
#57 C:\\xampp\\htdocs\\kazimotoawards\\vendor\\laravel\\framework\\src\\Illuminate\\Foundation\\Http\\Kernel.php(111): Illuminate\\Foundation\\Http\\Kernel->sendRequestThroughRouter(Object(Illuminate\\Http\\Request))
#58 C:\\xampp\\htdocs\\kazimotoawards\\public\\index.php(51): Illuminate\\Foundation\\Http\\Kernel->handle(Object(Illuminate\\Http\\Request))
#59 C:\\xampp\\htdocs\\kazimotoawards\\server.php(21): require_once('C:\\\\xampp\\\\htdocs...')
#60 {main}

[previous exception] [object] (PDOException(code: 42S22): SQLSTATE[42S22]: Column not found: 1054 Unknown column 'year' in 'where clause' at C:\\xampp\\htdocs\\kazimotoawards\\vendor\\laravel\\framework\\src\\Illuminate\\Database\\Connection.php:368)
[stacktrace]
#0 C:\\xampp\\htdocs\\kazimotoawards\\vendor\\laravel\\framework\\src\\Illuminate\\Database\\Connection.php(368): PDO->prepare('select * from `...')
#1 C:\\xampp\\htdocs\\kazimotoawards\\vendor\\laravel\\framework\\src\\Illuminate\\Database\\Connection.php(705): Illuminate\\Database\\Connection->Illuminate\\Database\\{closure}('select * from `...', Array)
#2 C:\\xampp\\htdocs\\kazimotoawards\\vendor\\laravel\\framework\\src\\Illuminate\\Database\\Connection.php(672): Illuminate\\Database\\Connection->runQueryCallback('select * from `...', Array, Object(Closure))
#3 C:\\xampp\\htdocs\\kazimotoawards\\vendor\\laravel\\framework\\src\\Illuminate\\Database\\Connection.php(359): Illuminate\\Database\\Connection->run('select * from `...', Array, Object(Closure))
#4 C:\\xampp\\htdocs\\kazimotoawards\\vendor\\laravel\\framework\\src\\Illuminate\\Database\\Query\\Builder.php(2413): Illuminate\\Database\\Connection->select('select * from `...', Array, true)
#5 C:\\xampp\\htdocs\\kazimotoawards\\vendor\\laravel\\framework\\src\\Illuminate\\Database\\Query\\Builder.php(2402): Illuminate\\Database\\Query\\Builder->runSelect()
#6 C:\\xampp\\htdocs\\kazimotoawards\\vendor\\laravel\\framework\\src\\Illuminate\\Database\\Query\\Builder.php(2936): Illuminate\\Database\\Query\\Builder->Illuminate\\Database\\Query\\{closure}()
#7 C:\\xampp\\htdocs\\kazimotoawards\\vendor\\laravel\\framework\\src\\Illuminate\\Database\\Query\\Builder.php(2401): Illuminate\\Database\\Query\\Builder->onceWithColumns(Array, Object(Closure))
#8 C:\\xampp\\htdocs\\kazimotoawards\\vendor\\laravel\\framework\\src\\Illuminate\\Database\\Eloquent\\Builder.php(625): Illuminate\\Database\\Query\\Builder->get(Array)
#9 C:\\xampp\\htdocs\\kazimotoawards\\vendor\\laravel\\framework\\src\\Illuminate\\Database\\Eloquent\\Builder.php(609): Illuminate\\Database\\Eloquent\\Builder->getModels(Array)
#10 C:\\xampp\\htdocs\\kazimotoawards\\vendor\\laravel\\framework\\src\\Illuminate\\Database\\Concerns\\BuildsQueries.php(294): Illuminate\\Database\\Eloquent\\Builder->get(Array)
#11 C:\\xampp\\htdocs\\kazimotoawards\\vendor\\laravel\\framework\\src\\Illuminate\\Database\\Eloquent\\Builder.php(474): Illuminate\\Database\\Eloquent\\Builder->first()
#12 C:\\xampp\\htdocs\\kazimotoawards\\vendor\\laravel\\framework\\src\\Illuminate\\Database\\Eloquent\\Builder.php(508): Illuminate\\Database\\Eloquent\\Builder->firstOrNew(Array)
#13 C:\\xampp\\htdocs\\kazimotoawards\\vendor\\laravel\\framework\\src\\Illuminate\\Support\\Traits\\ForwardsCalls.php(23): Illuminate\\Database\\Eloquent\\Builder->updateOrCreate(Array)
#14 C:\\xampp\\htdocs\\kazimotoawards\\vendor\\laravel\\framework\\src\\Illuminate\\Database\\Eloquent\\Model.php(2132): Illuminate\\Database\\Eloquent\\Model->forwardCallTo(Object(Illuminate\\Database\\Eloquent\\Builder), 'UpdateOrCreate', Array)
#15 C:\\xampp\\htdocs\\kazimotoawards\\vendor\\laravel\\framework\\src\\Illuminate\\Database\\Eloquent\\Model.php(2144): Illuminate\\Database\\Eloquent\\Model->__call('UpdateOrCreate', Array)
#16 C:\\xampp\\htdocs\\kazimotoawards\\app\\Http\\Controllers\\ContestantController.php(253): Illuminate\\Database\\Eloquent\\Model::__callStatic('UpdateOrCreate', Array)
#17 C:\\xampp\\htdocs\\kazimotoawards\\vendor\\laravel\\framework\\src\\Illuminate\\Routing\\Controller.php(54): App\\Http\\Controllers\\ContestantController->store(Object(Illuminate\\Http\\Request))
#18 C:\\xampp\\htdocs\\kazimotoawards\\vendor\\laravel\\framework\\src\\Illuminate\\Routing\\ControllerDispatcher.php(45): Illuminate\\Routing\\Controller->callAction('store', Array)
#19 C:\\xampp\\htdocs\\kazimotoawards\\vendor\\laravel\\framework\\src\\Illuminate\\Routing\\Route.php(261): Illuminate\\Routing\\ControllerDispatcher->dispatch(Object(Illuminate\\Routing\\Route), Object(App\\Http\\Controllers\\ContestantController), 'store')
#20 C:\\xampp\\htdocs\\kazimotoawards\\vendor\\laravel\\framework\\src\\Illuminate\\Routing\\Route.php(205): Illuminate\\Routing\\Route->runController()
#21 C:\\xampp\\htdocs\\kazimotoawards\\vendor\\laravel\\framework\\src\\Illuminate\\Routing\\Router.php(721): Illuminate\\Routing\\Route->run()
#22 C:\\xampp\\htdocs\\kazimotoawards\\vendor\\laravel\\framework\\src\\Illuminate\\Pipeline\\Pipeline.php(128): Illuminate\\Routing\\Router->Illuminate\\Routing\\{closure}(Object(Illuminate\\Http\\Request))
#23 C:\\xampp\\htdocs\\kazimotoawards\\vendor\\laravel\\framework\\src\\Illuminate\\Routing\\Middleware\\SubstituteBindings.php(50): Illuminate\\Pipeline\\Pipeline->Illuminate\\Pipeline\\{closure}(Object(Illuminate\\Http\\Request))
#24 C:\\xampp\\htdocs\\kazimotoawards\\vendor\\laravel\\framework\\src\\Illuminate\\Pipeline\\Pipeline.php(167): Illuminate\\Routing\\Middleware\\SubstituteBindings->handle(Object(Illuminate\\Http\\Request), Object(Closure))
#25 C:\\xampp\\htdocs\\kazimotoawards\\vendor\\laravel\\framework\\src\\Illuminate\\Foundation\\Http\\Middleware\\VerifyCsrfToken.php(78): Illuminate\\Pipeline\\Pipeline->Illuminate\\Pipeline\\{closure}(Object(Illuminate\\Http\\Request))
#26 C:\\xampp\\htdocs\\kazimotoawards\\vendor\\laravel\\framework\\src\\Illuminate\\Pipeline\\Pipeline.php(167): Illuminate\\Foundation\\Http\\Middleware\\VerifyCsrfToken->handle(Object(Illuminate\\Http\\Request), Object(Closure))
#27 C:\\xampp\\htdocs\\kazimotoawards\\vendor\\laravel\\framework\\src\\Illuminate\\View\\Middleware\\ShareErrorsFromSession.php(49): Illuminate\\Pipeline\\Pipeline->Illuminate\\Pipeline\\{closure}(Object(Illuminate\\Http\\Request))
#28 C:\\xampp\\htdocs\\kazimotoawards\\vendor\\laravel\\framework\\src\\Illuminate\\Pipeline\\Pipeline.php(167): Illuminate\\View\\Middleware\\ShareErrorsFromSession->handle(Object(Illuminate\\Http\\Request), Object(Closure))
#29 C:\\xampp\\htdocs\\kazimotoawards\\vendor\\laravel\\framework\\src\\Illuminate\\Session\\Middleware\\StartSession.php(121): Illuminate\\Pipeline\\Pipeline->Illuminate\\Pipeline\\{closure}(Object(Illuminate\\Http\\Request))
#30 C:\\xampp\\htdocs\\kazimotoawards\\vendor\\laravel\\framework\\src\\Illuminate\\Session\\Middleware\\StartSession.php(64): Illuminate\\Session\\Middleware\\StartSession->handleStatefulRequest(Object(Illuminate\\Http\\Request), Object(Illuminate\\Session\\Store), Object(Closure))
#31 C:\\xampp\\htdocs\\kazimotoawards\\vendor\\laravel\\framework\\src\\Illuminate\\Pipeline\\Pipeline.php(167): Illuminate\\Session\\Middleware\\StartSession->handle(Object(Illuminate\\Http\\Request), Object(Closure))
#32 C:\\xampp\\htdocs\\kazimotoawards\\vendor\\laravel\\framework\\src\\Illuminate\\Cookie\\Middleware\\AddQueuedCookiesToResponse.php(37): Illuminate\\Pipeline\\Pipeline->Illuminate\\Pipeline\\{closure}(Object(Illuminate\\Http\\Request))
#33 C:\\xampp\\htdocs\\kazimotoawards\\vendor\\laravel\\framework\\src\\Illuminate\\Pipeline\\Pipeline.php(167): Illuminate\\Cookie\\Middleware\\AddQueuedCookiesToResponse->handle(Object(Illuminate\\Http\\Request), Object(Closure))
#34 C:\\xampp\\htdocs\\kazimotoawards\\vendor\\laravel\\framework\\src\\Illuminate\\Cookie\\Middleware\\EncryptCookies.php(67): Illuminate\\Pipeline\\Pipeline->Illuminate\\Pipeline\\{closure}(Object(Illuminate\\Http\\Request))
#35 C:\\xampp\\htdocs\\kazimotoawards\\vendor\\laravel\\framework\\src\\Illuminate\\Pipeline\\Pipeline.php(167): Illuminate\\Cookie\\Middleware\\EncryptCookies->handle(Object(Illuminate\\Http\\Request), Object(Closure))
#36 C:\\xampp\\htdocs\\kazimotoawards\\vendor\\laravel\\framework\\src\\Illuminate\\Pipeline\\Pipeline.php(103): Illuminate\\Pipeline\\Pipeline->Illuminate\\Pipeline\\{closure}(Object(Illuminate\\Http\\Request))
#37 C:\\xampp\\htdocs\\kazimotoawards\\vendor\\laravel\\framework\\src\\Illuminate\\Routing\\Router.php(719): Illuminate\\Pipeline\\Pipeline->then(Object(Closure))
#38 C:\\xampp\\htdocs\\kazimotoawards\\vendor\\laravel\\framework\\src\\Illuminate\\Routing\\Router.php(698): Illuminate\\Routing\\Router->runRouteWithinStack(Object(Illuminate\\Routing\\Route), Object(Illuminate\\Http\\Request))
#39 C:\\xampp\\htdocs\\kazimotoawards\\vendor\\laravel\\framework\\src\\Illuminate\\Routing\\Router.php(662): Illuminate\\Routing\\Router->runRoute(Object(Illuminate\\Http\\Request), Object(Illuminate\\Routing\\Route))
#40 C:\\xampp\\htdocs\\kazimotoawards\\vendor\\laravel\\framework\\src\\Illuminate\\Routing\\Router.php(651): Illuminate\\Routing\\Router->dispatchToRoute(Object(Illuminate\\Http\\Request))
#41 C:\\xampp\\htdocs\\kazimotoawards\\vendor\\laravel\\framework\\src\\Illuminate\\Foundation\\Http\\Kernel.php(167): Illuminate\\Routing\\Router->dispatch(Object(Illuminate\\Http\\Request))
#42 C:\\xampp\\htdocs\\kazimotoawards\\vendor\\laravel\\framework\\src\\Illuminate\\Pipeline\\Pipeline.php(128): Illuminate\\Foundation\\Http\\Kernel->Illuminate\\Foundation\\Http\\{closure}(Object(Illuminate\\Http\\Request))
#43 C:\\xampp\\htdocs\\kazimotoawards\\vendor\\laravel\\framework\\src\\Illuminate\\Foundation\\Http\\Middleware\\TransformsRequest.php(21): Illuminate\\Pipeline\\Pipeline->Illuminate\\Pipeline\\{closure}(Object(Illuminate\\Http\\Request))
#44 C:\\xampp\\htdocs\\kazimotoawards\\vendor\\laravel\\framework\\src\\Illuminate\\Foundation\\Http\\Middleware\\ConvertEmptyStringsToNull.php(31): Illuminate\\Foundation\\Http\\Middleware\\TransformsRequest->handle(Object(Illuminate\\Http\\Request), Object(Closure))
#45 C:\\xampp\\htdocs\\kazimotoawards\\vendor\\laravel\\framework\\src\\Illuminate\\Pipeline\\Pipeline.php(167): Illuminate\\Foundation\\Http\\Middleware\\ConvertEmptyStringsToNull->handle(Object(Illuminate\\Http\\Request), Object(Closure))
#46 C:\\xampp\\htdocs\\kazimotoawards\\vendor\\laravel\\framework\\src\\Illuminate\\Foundation\\Http\\Middleware\\TransformsRequest.php(21): Illuminate\\Pipeline\\Pipeline->Illuminate\\Pipeline\\{closure}(Object(Illuminate\\Http\\Request))
#47 C:\\xampp\\htdocs\\kazimotoawards\\vendor\\laravel\\framework\\src\\Illuminate\\Foundation\\Http\\Middleware\\TrimStrings.php(40): Illuminate\\Foundation\\Http\\Middleware\\TransformsRequest->handle(Object(Illuminate\\Http\\Request), Object(Closure))
#48 C:\\xampp\\htdocs\\kazimotoawards\\vendor\\laravel\\framework\\src\\Illuminate\\Pipeline\\Pipeline.php(167): Illuminate\\Foundation\\Http\\Middleware\\TrimStrings->handle(Object(Illuminate\\Http\\Request), Object(Closure))
#49 C:\\xampp\\htdocs\\kazimotoawards\\vendor\\laravel\\framework\\src\\Illuminate\\Foundation\\Http\\Middleware\\ValidatePostSize.php(27): Illuminate\\Pipeline\\Pipeline->Illuminate\\Pipeline\\{closure}(Object(Illuminate\\Http\\Request))
#50 C:\\xampp\\htdocs\\kazimotoawards\\vendor\\laravel\\framework\\src\\Illuminate\\Pipeline\\Pipeline.php(167): Illuminate\\Foundation\\Http\\Middleware\\ValidatePostSize->handle(Object(Illuminate\\Http\\Request), Object(Closure))
#51 C:\\xampp\\htdocs\\kazimotoawards\\vendor\\laravel\\framework\\src\\Illuminate\\Foundation\\Http\\Middleware\\PreventRequestsDuringMaintenance.php(86): Illuminate\\Pipeline\\Pipeline->Illuminate\\Pipeline\\{closure}(Object(Illuminate\\Http\\Request))
#52 C:\\xampp\\htdocs\\kazimotoawards\\vendor\\laravel\\framework\\src\\Illuminate\\Pipeline\\Pipeline.php(167): Illuminate\\Foundation\\Http\\Middleware\\PreventRequestsDuringMaintenance->handle(Object(Illuminate\\Http\\Request), Object(Closure))
#53 C:\\xampp\\htdocs\\kazimotoawards\\vendor\\fruitcake\\laravel-cors\\src\\HandleCors.php(38): Illuminate\\Pipeline\\Pipeline->Illuminate\\Pipeline\\{closure}(Object(Illuminate\\Http\\Request))
#54 C:\\xampp\\htdocs\\kazimotoawards\\vendor\\laravel\\framework\\src\\Illuminate\\Pipeline\\Pipeline.php(167): Fruitcake\\Cors\\HandleCors->handle(Object(Illuminate\\Http\\Request), Object(Closure))
#55 C:\\xampp\\htdocs\\kazimotoawards\\vendor\\fideloper\\proxy\\src\\TrustProxies.php(57): Illuminate\\Pipeline\\Pipeline->Illuminate\\Pipeline\\{closure}(Object(Illuminate\\Http\\Request))
#56 C:\\xampp\\htdocs\\kazimotoawards\\vendor\\laravel\\framework\\src\\Illuminate\\Pipeline\\Pipeline.php(167): Fideloper\\Proxy\\TrustProxies->handle(Object(Illuminate\\Http\\Request), Object(Closure))
#57 C:\\xampp\\htdocs\\kazimotoawards\\vendor\\laravel\\framework\\src\\Illuminate\\Pipeline\\Pipeline.php(103): Illuminate\\Pipeline\\Pipeline->Illuminate\\Pipeline\\{closure}(Object(Illuminate\\Http\\Request))
#58 C:\\xampp\\htdocs\\kazimotoawards\\vendor\\laravel\\framework\\src\\Illuminate\\Foundation\\Http\\Kernel.php(142): Illuminate\\Pipeline\\Pipeline->then(Object(Closure))
#59 C:\\xampp\\htdocs\\kazimotoawards\\vendor\\laravel\\framework\\src\\Illuminate\\Foundation\\Http\\Kernel.php(111): Illuminate\\Foundation\\Http\\Kernel->sendRequestThroughRouter(Object(Illuminate\\Http\\Request))
#60 C:\\xampp\\htdocs\\kazimotoawards\\public\\index.php(51): Illuminate\\Foundation\\Http\\Kernel->handle(Object(Illuminate\\Http\\Request))
#61 C:\\xampp\\htdocs\\kazimotoawards\\server.php(21): require_once('C:\\\\xampp\\\\htdocs...')
#62 {main}
"} 
[2025-08-10 11:11:59] local.ERROR: SQLSTATE[42S22]: Column not found: 1054 Unknown column 'year' in 'where clause' (SQL: select * from `contestant_awards` where (`contestant_id` = 46 and `award_id` = 1 and `year` = 2025 and `status` = Active) limit 1) {"userId":1,"exception":"[object] (Illuminate\\Database\\QueryException(code: 42S22): SQLSTATE[42S22]: Column not found: 1054 Unknown column 'year' in 'where clause' (SQL: select * from `contestant_awards` where (`contestant_id` = 46 and `award_id` = 1 and `year` = 2025 and `status` = Active) limit 1) at C:\\xampp\\htdocs\\kazimotoawards\\vendor\\laravel\\framework\\src\\Illuminate\\Database\\Connection.php:712)
[stacktrace]
#0 C:\\xampp\\htdocs\\kazimotoawards\\vendor\\laravel\\framework\\src\\Illuminate\\Database\\Connection.php(672): Illuminate\\Database\\Connection->runQueryCallback('select * from `...', Array, Object(Closure))
#1 C:\\xampp\\htdocs\\kazimotoawards\\vendor\\laravel\\framework\\src\\Illuminate\\Database\\Connection.php(359): Illuminate\\Database\\Connection->run('select * from `...', Array, Object(Closure))
#2 C:\\xampp\\htdocs\\kazimotoawards\\vendor\\laravel\\framework\\src\\Illuminate\\Database\\Query\\Builder.php(2413): Illuminate\\Database\\Connection->select('select * from `...', Array, true)
#3 C:\\xampp\\htdocs\\kazimotoawards\\vendor\\laravel\\framework\\src\\Illuminate\\Database\\Query\\Builder.php(2402): Illuminate\\Database\\Query\\Builder->runSelect()
#4 C:\\xampp\\htdocs\\kazimotoawards\\vendor\\laravel\\framework\\src\\Illuminate\\Database\\Query\\Builder.php(2936): Illuminate\\Database\\Query\\Builder->Illuminate\\Database\\Query\\{closure}()
#5 C:\\xampp\\htdocs\\kazimotoawards\\vendor\\laravel\\framework\\src\\Illuminate\\Database\\Query\\Builder.php(2401): Illuminate\\Database\\Query\\Builder->onceWithColumns(Array, Object(Closure))
#6 C:\\xampp\\htdocs\\kazimotoawards\\vendor\\laravel\\framework\\src\\Illuminate\\Database\\Eloquent\\Builder.php(625): Illuminate\\Database\\Query\\Builder->get(Array)
#7 C:\\xampp\\htdocs\\kazimotoawards\\vendor\\laravel\\framework\\src\\Illuminate\\Database\\Eloquent\\Builder.php(609): Illuminate\\Database\\Eloquent\\Builder->getModels(Array)
#8 C:\\xampp\\htdocs\\kazimotoawards\\vendor\\laravel\\framework\\src\\Illuminate\\Database\\Concerns\\BuildsQueries.php(294): Illuminate\\Database\\Eloquent\\Builder->get(Array)
#9 C:\\xampp\\htdocs\\kazimotoawards\\vendor\\laravel\\framework\\src\\Illuminate\\Database\\Eloquent\\Builder.php(474): Illuminate\\Database\\Eloquent\\Builder->first()
#10 C:\\xampp\\htdocs\\kazimotoawards\\vendor\\laravel\\framework\\src\\Illuminate\\Database\\Eloquent\\Builder.php(508): Illuminate\\Database\\Eloquent\\Builder->firstOrNew(Array)
#11 C:\\xampp\\htdocs\\kazimotoawards\\vendor\\laravel\\framework\\src\\Illuminate\\Support\\Traits\\ForwardsCalls.php(23): Illuminate\\Database\\Eloquent\\Builder->updateOrCreate(Array)
#12 C:\\xampp\\htdocs\\kazimotoawards\\vendor\\laravel\\framework\\src\\Illuminate\\Database\\Eloquent\\Model.php(2132): Illuminate\\Database\\Eloquent\\Model->forwardCallTo(Object(Illuminate\\Database\\Eloquent\\Builder), 'UpdateOrCreate', Array)
#13 C:\\xampp\\htdocs\\kazimotoawards\\vendor\\laravel\\framework\\src\\Illuminate\\Database\\Eloquent\\Model.php(2144): Illuminate\\Database\\Eloquent\\Model->__call('UpdateOrCreate', Array)
#14 C:\\xampp\\htdocs\\kazimotoawards\\app\\Http\\Controllers\\ContestantController.php(253): Illuminate\\Database\\Eloquent\\Model::__callStatic('UpdateOrCreate', Array)
#15 C:\\xampp\\htdocs\\kazimotoawards\\vendor\\laravel\\framework\\src\\Illuminate\\Routing\\Controller.php(54): App\\Http\\Controllers\\ContestantController->store(Object(Illuminate\\Http\\Request))
#16 C:\\xampp\\htdocs\\kazimotoawards\\vendor\\laravel\\framework\\src\\Illuminate\\Routing\\ControllerDispatcher.php(45): Illuminate\\Routing\\Controller->callAction('store', Array)
#17 C:\\xampp\\htdocs\\kazimotoawards\\vendor\\laravel\\framework\\src\\Illuminate\\Routing\\Route.php(261): Illuminate\\Routing\\ControllerDispatcher->dispatch(Object(Illuminate\\Routing\\Route), Object(App\\Http\\Controllers\\ContestantController), 'store')
#18 C:\\xampp\\htdocs\\kazimotoawards\\vendor\\laravel\\framework\\src\\Illuminate\\Routing\\Route.php(205): Illuminate\\Routing\\Route->runController()
#19 C:\\xampp\\htdocs\\kazimotoawards\\vendor\\laravel\\framework\\src\\Illuminate\\Routing\\Router.php(721): Illuminate\\Routing\\Route->run()
#20 C:\\xampp\\htdocs\\kazimotoawards\\vendor\\laravel\\framework\\src\\Illuminate\\Pipeline\\Pipeline.php(128): Illuminate\\Routing\\Router->Illuminate\\Routing\\{closure}(Object(Illuminate\\Http\\Request))
#21 C:\\xampp\\htdocs\\kazimotoawards\\vendor\\laravel\\framework\\src\\Illuminate\\Routing\\Middleware\\SubstituteBindings.php(50): Illuminate\\Pipeline\\Pipeline->Illuminate\\Pipeline\\{closure}(Object(Illuminate\\Http\\Request))
#22 C:\\xampp\\htdocs\\kazimotoawards\\vendor\\laravel\\framework\\src\\Illuminate\\Pipeline\\Pipeline.php(167): Illuminate\\Routing\\Middleware\\SubstituteBindings->handle(Object(Illuminate\\Http\\Request), Object(Closure))
#23 C:\\xampp\\htdocs\\kazimotoawards\\vendor\\laravel\\framework\\src\\Illuminate\\Foundation\\Http\\Middleware\\VerifyCsrfToken.php(78): Illuminate\\Pipeline\\Pipeline->Illuminate\\Pipeline\\{closure}(Object(Illuminate\\Http\\Request))
#24 C:\\xampp\\htdocs\\kazimotoawards\\vendor\\laravel\\framework\\src\\Illuminate\\Pipeline\\Pipeline.php(167): Illuminate\\Foundation\\Http\\Middleware\\VerifyCsrfToken->handle(Object(Illuminate\\Http\\Request), Object(Closure))
#25 C:\\xampp\\htdocs\\kazimotoawards\\vendor\\laravel\\framework\\src\\Illuminate\\View\\Middleware\\ShareErrorsFromSession.php(49): Illuminate\\Pipeline\\Pipeline->Illuminate\\Pipeline\\{closure}(Object(Illuminate\\Http\\Request))
#26 C:\\xampp\\htdocs\\kazimotoawards\\vendor\\laravel\\framework\\src\\Illuminate\\Pipeline\\Pipeline.php(167): Illuminate\\View\\Middleware\\ShareErrorsFromSession->handle(Object(Illuminate\\Http\\Request), Object(Closure))
#27 C:\\xampp\\htdocs\\kazimotoawards\\vendor\\laravel\\framework\\src\\Illuminate\\Session\\Middleware\\StartSession.php(121): Illuminate\\Pipeline\\Pipeline->Illuminate\\Pipeline\\{closure}(Object(Illuminate\\Http\\Request))
#28 C:\\xampp\\htdocs\\kazimotoawards\\vendor\\laravel\\framework\\src\\Illuminate\\Session\\Middleware\\StartSession.php(64): Illuminate\\Session\\Middleware\\StartSession->handleStatefulRequest(Object(Illuminate\\Http\\Request), Object(Illuminate\\Session\\Store), Object(Closure))
#29 C:\\xampp\\htdocs\\kazimotoawards\\vendor\\laravel\\framework\\src\\Illuminate\\Pipeline\\Pipeline.php(167): Illuminate\\Session\\Middleware\\StartSession->handle(Object(Illuminate\\Http\\Request), Object(Closure))
#30 C:\\xampp\\htdocs\\kazimotoawards\\vendor\\laravel\\framework\\src\\Illuminate\\Cookie\\Middleware\\AddQueuedCookiesToResponse.php(37): Illuminate\\Pipeline\\Pipeline->Illuminate\\Pipeline\\{closure}(Object(Illuminate\\Http\\Request))
#31 C:\\xampp\\htdocs\\kazimotoawards\\vendor\\laravel\\framework\\src\\Illuminate\\Pipeline\\Pipeline.php(167): Illuminate\\Cookie\\Middleware\\AddQueuedCookiesToResponse->handle(Object(Illuminate\\Http\\Request), Object(Closure))
#32 C:\\xampp\\htdocs\\kazimotoawards\\vendor\\laravel\\framework\\src\\Illuminate\\Cookie\\Middleware\\EncryptCookies.php(67): Illuminate\\Pipeline\\Pipeline->Illuminate\\Pipeline\\{closure}(Object(Illuminate\\Http\\Request))
#33 C:\\xampp\\htdocs\\kazimotoawards\\vendor\\laravel\\framework\\src\\Illuminate\\Pipeline\\Pipeline.php(167): Illuminate\\Cookie\\Middleware\\EncryptCookies->handle(Object(Illuminate\\Http\\Request), Object(Closure))
#34 C:\\xampp\\htdocs\\kazimotoawards\\vendor\\laravel\\framework\\src\\Illuminate\\Pipeline\\Pipeline.php(103): Illuminate\\Pipeline\\Pipeline->Illuminate\\Pipeline\\{closure}(Object(Illuminate\\Http\\Request))
#35 C:\\xampp\\htdocs\\kazimotoawards\\vendor\\laravel\\framework\\src\\Illuminate\\Routing\\Router.php(719): Illuminate\\Pipeline\\Pipeline->then(Object(Closure))
#36 C:\\xampp\\htdocs\\kazimotoawards\\vendor\\laravel\\framework\\src\\Illuminate\\Routing\\Router.php(698): Illuminate\\Routing\\Router->runRouteWithinStack(Object(Illuminate\\Routing\\Route), Object(Illuminate\\Http\\Request))
#37 C:\\xampp\\htdocs\\kazimotoawards\\vendor\\laravel\\framework\\src\\Illuminate\\Routing\\Router.php(662): Illuminate\\Routing\\Router->runRoute(Object(Illuminate\\Http\\Request), Object(Illuminate\\Routing\\Route))
#38 C:\\xampp\\htdocs\\kazimotoawards\\vendor\\laravel\\framework\\src\\Illuminate\\Routing\\Router.php(651): Illuminate\\Routing\\Router->dispatchToRoute(Object(Illuminate\\Http\\Request))
#39 C:\\xampp\\htdocs\\kazimotoawards\\vendor\\laravel\\framework\\src\\Illuminate\\Foundation\\Http\\Kernel.php(167): Illuminate\\Routing\\Router->dispatch(Object(Illuminate\\Http\\Request))
#40 C:\\xampp\\htdocs\\kazimotoawards\\vendor\\laravel\\framework\\src\\Illuminate\\Pipeline\\Pipeline.php(128): Illuminate\\Foundation\\Http\\Kernel->Illuminate\\Foundation\\Http\\{closure}(Object(Illuminate\\Http\\Request))
#41 C:\\xampp\\htdocs\\kazimotoawards\\vendor\\laravel\\framework\\src\\Illuminate\\Foundation\\Http\\Middleware\\TransformsRequest.php(21): Illuminate\\Pipeline\\Pipeline->Illuminate\\Pipeline\\{closure}(Object(Illuminate\\Http\\Request))
#42 C:\\xampp\\htdocs\\kazimotoawards\\vendor\\laravel\\framework\\src\\Illuminate\\Foundation\\Http\\Middleware\\ConvertEmptyStringsToNull.php(31): Illuminate\\Foundation\\Http\\Middleware\\TransformsRequest->handle(Object(Illuminate\\Http\\Request), Object(Closure))
#43 C:\\xampp\\htdocs\\kazimotoawards\\vendor\\laravel\\framework\\src\\Illuminate\\Pipeline\\Pipeline.php(167): Illuminate\\Foundation\\Http\\Middleware\\ConvertEmptyStringsToNull->handle(Object(Illuminate\\Http\\Request), Object(Closure))
#44 C:\\xampp\\htdocs\\kazimotoawards\\vendor\\laravel\\framework\\src\\Illuminate\\Foundation\\Http\\Middleware\\TransformsRequest.php(21): Illuminate\\Pipeline\\Pipeline->Illuminate\\Pipeline\\{closure}(Object(Illuminate\\Http\\Request))
#45 C:\\xampp\\htdocs\\kazimotoawards\\vendor\\laravel\\framework\\src\\Illuminate\\Foundation\\Http\\Middleware\\TrimStrings.php(40): Illuminate\\Foundation\\Http\\Middleware\\TransformsRequest->handle(Object(Illuminate\\Http\\Request), Object(Closure))
#46 C:\\xampp\\htdocs\\kazimotoawards\\vendor\\laravel\\framework\\src\\Illuminate\\Pipeline\\Pipeline.php(167): Illuminate\\Foundation\\Http\\Middleware\\TrimStrings->handle(Object(Illuminate\\Http\\Request), Object(Closure))
#47 C:\\xampp\\htdocs\\kazimotoawards\\vendor\\laravel\\framework\\src\\Illuminate\\Foundation\\Http\\Middleware\\ValidatePostSize.php(27): Illuminate\\Pipeline\\Pipeline->Illuminate\\Pipeline\\{closure}(Object(Illuminate\\Http\\Request))
#48 C:\\xampp\\htdocs\\kazimotoawards\\vendor\\laravel\\framework\\src\\Illuminate\\Pipeline\\Pipeline.php(167): Illuminate\\Foundation\\Http\\Middleware\\ValidatePostSize->handle(Object(Illuminate\\Http\\Request), Object(Closure))
#49 C:\\xampp\\htdocs\\kazimotoawards\\vendor\\laravel\\framework\\src\\Illuminate\\Foundation\\Http\\Middleware\\PreventRequestsDuringMaintenance.php(86): Illuminate\\Pipeline\\Pipeline->Illuminate\\Pipeline\\{closure}(Object(Illuminate\\Http\\Request))
#50 C:\\xampp\\htdocs\\kazimotoawards\\vendor\\laravel\\framework\\src\\Illuminate\\Pipeline\\Pipeline.php(167): Illuminate\\Foundation\\Http\\Middleware\\PreventRequestsDuringMaintenance->handle(Object(Illuminate\\Http\\Request), Object(Closure))
#51 C:\\xampp\\htdocs\\kazimotoawards\\vendor\\fruitcake\\laravel-cors\\src\\HandleCors.php(38): Illuminate\\Pipeline\\Pipeline->Illuminate\\Pipeline\\{closure}(Object(Illuminate\\Http\\Request))
#52 C:\\xampp\\htdocs\\kazimotoawards\\vendor\\laravel\\framework\\src\\Illuminate\\Pipeline\\Pipeline.php(167): Fruitcake\\Cors\\HandleCors->handle(Object(Illuminate\\Http\\Request), Object(Closure))
#53 C:\\xampp\\htdocs\\kazimotoawards\\vendor\\fideloper\\proxy\\src\\TrustProxies.php(57): Illuminate\\Pipeline\\Pipeline->Illuminate\\Pipeline\\{closure}(Object(Illuminate\\Http\\Request))
#54 C:\\xampp\\htdocs\\kazimotoawards\\vendor\\laravel\\framework\\src\\Illuminate\\Pipeline\\Pipeline.php(167): Fideloper\\Proxy\\TrustProxies->handle(Object(Illuminate\\Http\\Request), Object(Closure))
#55 C:\\xampp\\htdocs\\kazimotoawards\\vendor\\laravel\\framework\\src\\Illuminate\\Pipeline\\Pipeline.php(103): Illuminate\\Pipeline\\Pipeline->Illuminate\\Pipeline\\{closure}(Object(Illuminate\\Http\\Request))
#56 C:\\xampp\\htdocs\\kazimotoawards\\vendor\\laravel\\framework\\src\\Illuminate\\Foundation\\Http\\Kernel.php(142): Illuminate\\Pipeline\\Pipeline->then(Object(Closure))
#57 C:\\xampp\\htdocs\\kazimotoawards\\vendor\\laravel\\framework\\src\\Illuminate\\Foundation\\Http\\Kernel.php(111): Illuminate\\Foundation\\Http\\Kernel->sendRequestThroughRouter(Object(Illuminate\\Http\\Request))
#58 C:\\xampp\\htdocs\\kazimotoawards\\public\\index.php(51): Illuminate\\Foundation\\Http\\Kernel->handle(Object(Illuminate\\Http\\Request))
#59 C:\\xampp\\htdocs\\kazimotoawards\\server.php(21): require_once('C:\\\\xampp\\\\htdocs...')
#60 {main}

[previous exception] [object] (PDOException(code: 42S22): SQLSTATE[42S22]: Column not found: 1054 Unknown column 'year' in 'where clause' at C:\\xampp\\htdocs\\kazimotoawards\\vendor\\laravel\\framework\\src\\Illuminate\\Database\\Connection.php:368)
[stacktrace]
#0 C:\\xampp\\htdocs\\kazimotoawards\\vendor\\laravel\\framework\\src\\Illuminate\\Database\\Connection.php(368): PDO->prepare('select * from `...')
#1 C:\\xampp\\htdocs\\kazimotoawards\\vendor\\laravel\\framework\\src\\Illuminate\\Database\\Connection.php(705): Illuminate\\Database\\Connection->Illuminate\\Database\\{closure}('select * from `...', Array)
#2 C:\\xampp\\htdocs\\kazimotoawards\\vendor\\laravel\\framework\\src\\Illuminate\\Database\\Connection.php(672): Illuminate\\Database\\Connection->runQueryCallback('select * from `...', Array, Object(Closure))
#3 C:\\xampp\\htdocs\\kazimotoawards\\vendor\\laravel\\framework\\src\\Illuminate\\Database\\Connection.php(359): Illuminate\\Database\\Connection->run('select * from `...', Array, Object(Closure))
#4 C:\\xampp\\htdocs\\kazimotoawards\\vendor\\laravel\\framework\\src\\Illuminate\\Database\\Query\\Builder.php(2413): Illuminate\\Database\\Connection->select('select * from `...', Array, true)
#5 C:\\xampp\\htdocs\\kazimotoawards\\vendor\\laravel\\framework\\src\\Illuminate\\Database\\Query\\Builder.php(2402): Illuminate\\Database\\Query\\Builder->runSelect()
#6 C:\\xampp\\htdocs\\kazimotoawards\\vendor\\laravel\\framework\\src\\Illuminate\\Database\\Query\\Builder.php(2936): Illuminate\\Database\\Query\\Builder->Illuminate\\Database\\Query\\{closure}()
#7 C:\\xampp\\htdocs\\kazimotoawards\\vendor\\laravel\\framework\\src\\Illuminate\\Database\\Query\\Builder.php(2401): Illuminate\\Database\\Query\\Builder->onceWithColumns(Array, Object(Closure))
#8 C:\\xampp\\htdocs\\kazimotoawards\\vendor\\laravel\\framework\\src\\Illuminate\\Database\\Eloquent\\Builder.php(625): Illuminate\\Database\\Query\\Builder->get(Array)
#9 C:\\xampp\\htdocs\\kazimotoawards\\vendor\\laravel\\framework\\src\\Illuminate\\Database\\Eloquent\\Builder.php(609): Illuminate\\Database\\Eloquent\\Builder->getModels(Array)
#10 C:\\xampp\\htdocs\\kazimotoawards\\vendor\\laravel\\framework\\src\\Illuminate\\Database\\Concerns\\BuildsQueries.php(294): Illuminate\\Database\\Eloquent\\Builder->get(Array)
#11 C:\\xampp\\htdocs\\kazimotoawards\\vendor\\laravel\\framework\\src\\Illuminate\\Database\\Eloquent\\Builder.php(474): Illuminate\\Database\\Eloquent\\Builder->first()
#12 C:\\xampp\\htdocs\\kazimotoawards\\vendor\\laravel\\framework\\src\\Illuminate\\Database\\Eloquent\\Builder.php(508): Illuminate\\Database\\Eloquent\\Builder->firstOrNew(Array)
#13 C:\\xampp\\htdocs\\kazimotoawards\\vendor\\laravel\\framework\\src\\Illuminate\\Support\\Traits\\ForwardsCalls.php(23): Illuminate\\Database\\Eloquent\\Builder->updateOrCreate(Array)
#14 C:\\xampp\\htdocs\\kazimotoawards\\vendor\\laravel\\framework\\src\\Illuminate\\Database\\Eloquent\\Model.php(2132): Illuminate\\Database\\Eloquent\\Model->forwardCallTo(Object(Illuminate\\Database\\Eloquent\\Builder), 'UpdateOrCreate', Array)
#15 C:\\xampp\\htdocs\\kazimotoawards\\vendor\\laravel\\framework\\src\\Illuminate\\Database\\Eloquent\\Model.php(2144): Illuminate\\Database\\Eloquent\\Model->__call('UpdateOrCreate', Array)
#16 C:\\xampp\\htdocs\\kazimotoawards\\app\\Http\\Controllers\\ContestantController.php(253): Illuminate\\Database\\Eloquent\\Model::__callStatic('UpdateOrCreate', Array)
#17 C:\\xampp\\htdocs\\kazimotoawards\\vendor\\laravel\\framework\\src\\Illuminate\\Routing\\Controller.php(54): App\\Http\\Controllers\\ContestantController->store(Object(Illuminate\\Http\\Request))
#18 C:\\xampp\\htdocs\\kazimotoawards\\vendor\\laravel\\framework\\src\\Illuminate\\Routing\\ControllerDispatcher.php(45): Illuminate\\Routing\\Controller->callAction('store', Array)
#19 C:\\xampp\\htdocs\\kazimotoawards\\vendor\\laravel\\framework\\src\\Illuminate\\Routing\\Route.php(261): Illuminate\\Routing\\ControllerDispatcher->dispatch(Object(Illuminate\\Routing\\Route), Object(App\\Http\\Controllers\\ContestantController), 'store')
#20 C:\\xampp\\htdocs\\kazimotoawards\\vendor\\laravel\\framework\\src\\Illuminate\\Routing\\Route.php(205): Illuminate\\Routing\\Route->runController()
#21 C:\\xampp\\htdocs\\kazimotoawards\\vendor\\laravel\\framework\\src\\Illuminate\\Routing\\Router.php(721): Illuminate\\Routing\\Route->run()
#22 C:\\xampp\\htdocs\\kazimotoawards\\vendor\\laravel\\framework\\src\\Illuminate\\Pipeline\\Pipeline.php(128): Illuminate\\Routing\\Router->Illuminate\\Routing\\{closure}(Object(Illuminate\\Http\\Request))
#23 C:\\xampp\\htdocs\\kazimotoawards\\vendor\\laravel\\framework\\src\\Illuminate\\Routing\\Middleware\\SubstituteBindings.php(50): Illuminate\\Pipeline\\Pipeline->Illuminate\\Pipeline\\{closure}(Object(Illuminate\\Http\\Request))
#24 C:\\xampp\\htdocs\\kazimotoawards\\vendor\\laravel\\framework\\src\\Illuminate\\Pipeline\\Pipeline.php(167): Illuminate\\Routing\\Middleware\\SubstituteBindings->handle(Object(Illuminate\\Http\\Request), Object(Closure))
#25 C:\\xampp\\htdocs\\kazimotoawards\\vendor\\laravel\\framework\\src\\Illuminate\\Foundation\\Http\\Middleware\\VerifyCsrfToken.php(78): Illuminate\\Pipeline\\Pipeline->Illuminate\\Pipeline\\{closure}(Object(Illuminate\\Http\\Request))
#26 C:\\xampp\\htdocs\\kazimotoawards\\vendor\\laravel\\framework\\src\\Illuminate\\Pipeline\\Pipeline.php(167): Illuminate\\Foundation\\Http\\Middleware\\VerifyCsrfToken->handle(Object(Illuminate\\Http\\Request), Object(Closure))
#27 C:\\xampp\\htdocs\\kazimotoawards\\vendor\\laravel\\framework\\src\\Illuminate\\View\\Middleware\\ShareErrorsFromSession.php(49): Illuminate\\Pipeline\\Pipeline->Illuminate\\Pipeline\\{closure}(Object(Illuminate\\Http\\Request))
#28 C:\\xampp\\htdocs\\kazimotoawards\\vendor\\laravel\\framework\\src\\Illuminate\\Pipeline\\Pipeline.php(167): Illuminate\\View\\Middleware\\ShareErrorsFromSession->handle(Object(Illuminate\\Http\\Request), Object(Closure))
#29 C:\\xampp\\htdocs\\kazimotoawards\\vendor\\laravel\\framework\\src\\Illuminate\\Session\\Middleware\\StartSession.php(121): Illuminate\\Pipeline\\Pipeline->Illuminate\\Pipeline\\{closure}(Object(Illuminate\\Http\\Request))
#30 C:\\xampp\\htdocs\\kazimotoawards\\vendor\\laravel\\framework\\src\\Illuminate\\Session\\Middleware\\StartSession.php(64): Illuminate\\Session\\Middleware\\StartSession->handleStatefulRequest(Object(Illuminate\\Http\\Request), Object(Illuminate\\Session\\Store), Object(Closure))
#31 C:\\xampp\\htdocs\\kazimotoawards\\vendor\\laravel\\framework\\src\\Illuminate\\Pipeline\\Pipeline.php(167): Illuminate\\Session\\Middleware\\StartSession->handle(Object(Illuminate\\Http\\Request), Object(Closure))
#32 C:\\xampp\\htdocs\\kazimotoawards\\vendor\\laravel\\framework\\src\\Illuminate\\Cookie\\Middleware\\AddQueuedCookiesToResponse.php(37): Illuminate\\Pipeline\\Pipeline->Illuminate\\Pipeline\\{closure}(Object(Illuminate\\Http\\Request))
#33 C:\\xampp\\htdocs\\kazimotoawards\\vendor\\laravel\\framework\\src\\Illuminate\\Pipeline\\Pipeline.php(167): Illuminate\\Cookie\\Middleware\\AddQueuedCookiesToResponse->handle(Object(Illuminate\\Http\\Request), Object(Closure))
#34 C:\\xampp\\htdocs\\kazimotoawards\\vendor\\laravel\\framework\\src\\Illuminate\\Cookie\\Middleware\\EncryptCookies.php(67): Illuminate\\Pipeline\\Pipeline->Illuminate\\Pipeline\\{closure}(Object(Illuminate\\Http\\Request))
#35 C:\\xampp\\htdocs\\kazimotoawards\\vendor\\laravel\\framework\\src\\Illuminate\\Pipeline\\Pipeline.php(167): Illuminate\\Cookie\\Middleware\\EncryptCookies->handle(Object(Illuminate\\Http\\Request), Object(Closure))
#36 C:\\xampp\\htdocs\\kazimotoawards\\vendor\\laravel\\framework\\src\\Illuminate\\Pipeline\\Pipeline.php(103): Illuminate\\Pipeline\\Pipeline->Illuminate\\Pipeline\\{closure}(Object(Illuminate\\Http\\Request))
#37 C:\\xampp\\htdocs\\kazimotoawards\\vendor\\laravel\\framework\\src\\Illuminate\\Routing\\Router.php(719): Illuminate\\Pipeline\\Pipeline->then(Object(Closure))
#38 C:\\xampp\\htdocs\\kazimotoawards\\vendor\\laravel\\framework\\src\\Illuminate\\Routing\\Router.php(698): Illuminate\\Routing\\Router->runRouteWithinStack(Object(Illuminate\\Routing\\Route), Object(Illuminate\\Http\\Request))
#39 C:\\xampp\\htdocs\\kazimotoawards\\vendor\\laravel\\framework\\src\\Illuminate\\Routing\\Router.php(662): Illuminate\\Routing\\Router->runRoute(Object(Illuminate\\Http\\Request), Object(Illuminate\\Routing\\Route))
#40 C:\\xampp\\htdocs\\kazimotoawards\\vendor\\laravel\\framework\\src\\Illuminate\\Routing\\Router.php(651): Illuminate\\Routing\\Router->dispatchToRoute(Object(Illuminate\\Http\\Request))
#41 C:\\xampp\\htdocs\\kazimotoawards\\vendor\\laravel\\framework\\src\\Illuminate\\Foundation\\Http\\Kernel.php(167): Illuminate\\Routing\\Router->dispatch(Object(Illuminate\\Http\\Request))
#42 C:\\xampp\\htdocs\\kazimotoawards\\vendor\\laravel\\framework\\src\\Illuminate\\Pipeline\\Pipeline.php(128): Illuminate\\Foundation\\Http\\Kernel->Illuminate\\Foundation\\Http\\{closure}(Object(Illuminate\\Http\\Request))
#43 C:\\xampp\\htdocs\\kazimotoawards\\vendor\\laravel\\framework\\src\\Illuminate\\Foundation\\Http\\Middleware\\TransformsRequest.php(21): Illuminate\\Pipeline\\Pipeline->Illuminate\\Pipeline\\{closure}(Object(Illuminate\\Http\\Request))
#44 C:\\xampp\\htdocs\\kazimotoawards\\vendor\\laravel\\framework\\src\\Illuminate\\Foundation\\Http\\Middleware\\ConvertEmptyStringsToNull.php(31): Illuminate\\Foundation\\Http\\Middleware\\TransformsRequest->handle(Object(Illuminate\\Http\\Request), Object(Closure))
#45 C:\\xampp\\htdocs\\kazimotoawards\\vendor\\laravel\\framework\\src\\Illuminate\\Pipeline\\Pipeline.php(167): Illuminate\\Foundation\\Http\\Middleware\\ConvertEmptyStringsToNull->handle(Object(Illuminate\\Http\\Request), Object(Closure))
#46 C:\\xampp\\htdocs\\kazimotoawards\\vendor\\laravel\\framework\\src\\Illuminate\\Foundation\\Http\\Middleware\\TransformsRequest.php(21): Illuminate\\Pipeline\\Pipeline->Illuminate\\Pipeline\\{closure}(Object(Illuminate\\Http\\Request))
#47 C:\\xampp\\htdocs\\kazimotoawards\\vendor\\laravel\\framework\\src\\Illuminate\\Foundation\\Http\\Middleware\\TrimStrings.php(40): Illuminate\\Foundation\\Http\\Middleware\\TransformsRequest->handle(Object(Illuminate\\Http\\Request), Object(Closure))
#48 C:\\xampp\\htdocs\\kazimotoawards\\vendor\\laravel\\framework\\src\\Illuminate\\Pipeline\\Pipeline.php(167): Illuminate\\Foundation\\Http\\Middleware\\TrimStrings->handle(Object(Illuminate\\Http\\Request), Object(Closure))
#49 C:\\xampp\\htdocs\\kazimotoawards\\vendor\\laravel\\framework\\src\\Illuminate\\Foundation\\Http\\Middleware\\ValidatePostSize.php(27): Illuminate\\Pipeline\\Pipeline->Illuminate\\Pipeline\\{closure}(Object(Illuminate\\Http\\Request))
#50 C:\\xampp\\htdocs\\kazimotoawards\\vendor\\laravel\\framework\\src\\Illuminate\\Pipeline\\Pipeline.php(167): Illuminate\\Foundation\\Http\\Middleware\\ValidatePostSize->handle(Object(Illuminate\\Http\\Request), Object(Closure))
#51 C:\\xampp\\htdocs\\kazimotoawards\\vendor\\laravel\\framework\\src\\Illuminate\\Foundation\\Http\\Middleware\\PreventRequestsDuringMaintenance.php(86): Illuminate\\Pipeline\\Pipeline->Illuminate\\Pipeline\\{closure}(Object(Illuminate\\Http\\Request))
#52 C:\\xampp\\htdocs\\kazimotoawards\\vendor\\laravel\\framework\\src\\Illuminate\\Pipeline\\Pipeline.php(167): Illuminate\\Foundation\\Http\\Middleware\\PreventRequestsDuringMaintenance->handle(Object(Illuminate\\Http\\Request), Object(Closure))
#53 C:\\xampp\\htdocs\\kazimotoawards\\vendor\\fruitcake\\laravel-cors\\src\\HandleCors.php(38): Illuminate\\Pipeline\\Pipeline->Illuminate\\Pipeline\\{closure}(Object(Illuminate\\Http\\Request))
#54 C:\\xampp\\htdocs\\kazimotoawards\\vendor\\laravel\\framework\\src\\Illuminate\\Pipeline\\Pipeline.php(167): Fruitcake\\Cors\\HandleCors->handle(Object(Illuminate\\Http\\Request), Object(Closure))
#55 C:\\xampp\\htdocs\\kazimotoawards\\vendor\\fideloper\\proxy\\src\\TrustProxies.php(57): Illuminate\\Pipeline\\Pipeline->Illuminate\\Pipeline\\{closure}(Object(Illuminate\\Http\\Request))
#56 C:\\xampp\\htdocs\\kazimotoawards\\vendor\\laravel\\framework\\src\\Illuminate\\Pipeline\\Pipeline.php(167): Fideloper\\Proxy\\TrustProxies->handle(Object(Illuminate\\Http\\Request), Object(Closure))
#57 C:\\xampp\\htdocs\\kazimotoawards\\vendor\\laravel\\framework\\src\\Illuminate\\Pipeline\\Pipeline.php(103): Illuminate\\Pipeline\\Pipeline->Illuminate\\Pipeline\\{closure}(Object(Illuminate\\Http\\Request))
#58 C:\\xampp\\htdocs\\kazimotoawards\\vendor\\laravel\\framework\\src\\Illuminate\\Foundation\\Http\\Kernel.php(142): Illuminate\\Pipeline\\Pipeline->then(Object(Closure))
#59 C:\\xampp\\htdocs\\kazimotoawards\\vendor\\laravel\\framework\\src\\Illuminate\\Foundation\\Http\\Kernel.php(111): Illuminate\\Foundation\\Http\\Kernel->sendRequestThroughRouter(Object(Illuminate\\Http\\Request))
#60 C:\\xampp\\htdocs\\kazimotoawards\\public\\index.php(51): Illuminate\\Foundation\\Http\\Kernel->handle(Object(Illuminate\\Http\\Request))
#61 C:\\xampp\\htdocs\\kazimotoawards\\server.php(21): require_once('C:\\\\xampp\\\\htdocs...')
#62 {main}
"} 
[2025-08-10 11:12:10] local.ERROR: SQLSTATE[42S22]: Column not found: 1054 Unknown column 'year' in 'where clause' (SQL: select * from `contestant_awards` where (`contestant_id` = 47 and `award_id` = 1 and `year` = 2025 and `status` = Active) limit 1) {"userId":1,"exception":"[object] (Illuminate\\Database\\QueryException(code: 42S22): SQLSTATE[42S22]: Column not found: 1054 Unknown column 'year' in 'where clause' (SQL: select * from `contestant_awards` where (`contestant_id` = 47 and `award_id` = 1 and `year` = 2025 and `status` = Active) limit 1) at C:\\xampp\\htdocs\\kazimotoawards\\vendor\\laravel\\framework\\src\\Illuminate\\Database\\Connection.php:712)
[stacktrace]
#0 C:\\xampp\\htdocs\\kazimotoawards\\vendor\\laravel\\framework\\src\\Illuminate\\Database\\Connection.php(672): Illuminate\\Database\\Connection->runQueryCallback('select * from `...', Array, Object(Closure))
#1 C:\\xampp\\htdocs\\kazimotoawards\\vendor\\laravel\\framework\\src\\Illuminate\\Database\\Connection.php(359): Illuminate\\Database\\Connection->run('select * from `...', Array, Object(Closure))
#2 C:\\xampp\\htdocs\\kazimotoawards\\vendor\\laravel\\framework\\src\\Illuminate\\Database\\Query\\Builder.php(2413): Illuminate\\Database\\Connection->select('select * from `...', Array, true)
#3 C:\\xampp\\htdocs\\kazimotoawards\\vendor\\laravel\\framework\\src\\Illuminate\\Database\\Query\\Builder.php(2402): Illuminate\\Database\\Query\\Builder->runSelect()
#4 C:\\xampp\\htdocs\\kazimotoawards\\vendor\\laravel\\framework\\src\\Illuminate\\Database\\Query\\Builder.php(2936): Illuminate\\Database\\Query\\Builder->Illuminate\\Database\\Query\\{closure}()
#5 C:\\xampp\\htdocs\\kazimotoawards\\vendor\\laravel\\framework\\src\\Illuminate\\Database\\Query\\Builder.php(2401): Illuminate\\Database\\Query\\Builder->onceWithColumns(Array, Object(Closure))
#6 C:\\xampp\\htdocs\\kazimotoawards\\vendor\\laravel\\framework\\src\\Illuminate\\Database\\Eloquent\\Builder.php(625): Illuminate\\Database\\Query\\Builder->get(Array)
#7 C:\\xampp\\htdocs\\kazimotoawards\\vendor\\laravel\\framework\\src\\Illuminate\\Database\\Eloquent\\Builder.php(609): Illuminate\\Database\\Eloquent\\Builder->getModels(Array)
#8 C:\\xampp\\htdocs\\kazimotoawards\\vendor\\laravel\\framework\\src\\Illuminate\\Database\\Concerns\\BuildsQueries.php(294): Illuminate\\Database\\Eloquent\\Builder->get(Array)
#9 C:\\xampp\\htdocs\\kazimotoawards\\vendor\\laravel\\framework\\src\\Illuminate\\Database\\Eloquent\\Builder.php(474): Illuminate\\Database\\Eloquent\\Builder->first()
#10 C:\\xampp\\htdocs\\kazimotoawards\\vendor\\laravel\\framework\\src\\Illuminate\\Database\\Eloquent\\Builder.php(508): Illuminate\\Database\\Eloquent\\Builder->firstOrNew(Array)
#11 C:\\xampp\\htdocs\\kazimotoawards\\vendor\\laravel\\framework\\src\\Illuminate\\Support\\Traits\\ForwardsCalls.php(23): Illuminate\\Database\\Eloquent\\Builder->updateOrCreate(Array)
#12 C:\\xampp\\htdocs\\kazimotoawards\\vendor\\laravel\\framework\\src\\Illuminate\\Database\\Eloquent\\Model.php(2132): Illuminate\\Database\\Eloquent\\Model->forwardCallTo(Object(Illuminate\\Database\\Eloquent\\Builder), 'UpdateOrCreate', Array)
#13 C:\\xampp\\htdocs\\kazimotoawards\\vendor\\laravel\\framework\\src\\Illuminate\\Database\\Eloquent\\Model.php(2144): Illuminate\\Database\\Eloquent\\Model->__call('UpdateOrCreate', Array)
#14 C:\\xampp\\htdocs\\kazimotoawards\\app\\Http\\Controllers\\ContestantController.php(253): Illuminate\\Database\\Eloquent\\Model::__callStatic('UpdateOrCreate', Array)
#15 C:\\xampp\\htdocs\\kazimotoawards\\vendor\\laravel\\framework\\src\\Illuminate\\Routing\\Controller.php(54): App\\Http\\Controllers\\ContestantController->store(Object(Illuminate\\Http\\Request))
#16 C:\\xampp\\htdocs\\kazimotoawards\\vendor\\laravel\\framework\\src\\Illuminate\\Routing\\ControllerDispatcher.php(45): Illuminate\\Routing\\Controller->callAction('store', Array)
#17 C:\\xampp\\htdocs\\kazimotoawards\\vendor\\laravel\\framework\\src\\Illuminate\\Routing\\Route.php(261): Illuminate\\Routing\\ControllerDispatcher->dispatch(Object(Illuminate\\Routing\\Route), Object(App\\Http\\Controllers\\ContestantController), 'store')
#18 C:\\xampp\\htdocs\\kazimotoawards\\vendor\\laravel\\framework\\src\\Illuminate\\Routing\\Route.php(205): Illuminate\\Routing\\Route->runController()
#19 C:\\xampp\\htdocs\\kazimotoawards\\vendor\\laravel\\framework\\src\\Illuminate\\Routing\\Router.php(721): Illuminate\\Routing\\Route->run()
#20 C:\\xampp\\htdocs\\kazimotoawards\\vendor\\laravel\\framework\\src\\Illuminate\\Pipeline\\Pipeline.php(128): Illuminate\\Routing\\Router->Illuminate\\Routing\\{closure}(Object(Illuminate\\Http\\Request))
#21 C:\\xampp\\htdocs\\kazimotoawards\\vendor\\laravel\\framework\\src\\Illuminate\\Routing\\Middleware\\SubstituteBindings.php(50): Illuminate\\Pipeline\\Pipeline->Illuminate\\Pipeline\\{closure}(Object(Illuminate\\Http\\Request))
#22 C:\\xampp\\htdocs\\kazimotoawards\\vendor\\laravel\\framework\\src\\Illuminate\\Pipeline\\Pipeline.php(167): Illuminate\\Routing\\Middleware\\SubstituteBindings->handle(Object(Illuminate\\Http\\Request), Object(Closure))
#23 C:\\xampp\\htdocs\\kazimotoawards\\vendor\\laravel\\framework\\src\\Illuminate\\Foundation\\Http\\Middleware\\VerifyCsrfToken.php(78): Illuminate\\Pipeline\\Pipeline->Illuminate\\Pipeline\\{closure}(Object(Illuminate\\Http\\Request))
#24 C:\\xampp\\htdocs\\kazimotoawards\\vendor\\laravel\\framework\\src\\Illuminate\\Pipeline\\Pipeline.php(167): Illuminate\\Foundation\\Http\\Middleware\\VerifyCsrfToken->handle(Object(Illuminate\\Http\\Request), Object(Closure))
#25 C:\\xampp\\htdocs\\kazimotoawards\\vendor\\laravel\\framework\\src\\Illuminate\\View\\Middleware\\ShareErrorsFromSession.php(49): Illuminate\\Pipeline\\Pipeline->Illuminate\\Pipeline\\{closure}(Object(Illuminate\\Http\\Request))
#26 C:\\xampp\\htdocs\\kazimotoawards\\vendor\\laravel\\framework\\src\\Illuminate\\Pipeline\\Pipeline.php(167): Illuminate\\View\\Middleware\\ShareErrorsFromSession->handle(Object(Illuminate\\Http\\Request), Object(Closure))
#27 C:\\xampp\\htdocs\\kazimotoawards\\vendor\\laravel\\framework\\src\\Illuminate\\Session\\Middleware\\StartSession.php(121): Illuminate\\Pipeline\\Pipeline->Illuminate\\Pipeline\\{closure}(Object(Illuminate\\Http\\Request))
#28 C:\\xampp\\htdocs\\kazimotoawards\\vendor\\laravel\\framework\\src\\Illuminate\\Session\\Middleware\\StartSession.php(64): Illuminate\\Session\\Middleware\\StartSession->handleStatefulRequest(Object(Illuminate\\Http\\Request), Object(Illuminate\\Session\\Store), Object(Closure))
#29 C:\\xampp\\htdocs\\kazimotoawards\\vendor\\laravel\\framework\\src\\Illuminate\\Pipeline\\Pipeline.php(167): Illuminate\\Session\\Middleware\\StartSession->handle(Object(Illuminate\\Http\\Request), Object(Closure))
#30 C:\\xampp\\htdocs\\kazimotoawards\\vendor\\laravel\\framework\\src\\Illuminate\\Cookie\\Middleware\\AddQueuedCookiesToResponse.php(37): Illuminate\\Pipeline\\Pipeline->Illuminate\\Pipeline\\{closure}(Object(Illuminate\\Http\\Request))
#31 C:\\xampp\\htdocs\\kazimotoawards\\vendor\\laravel\\framework\\src\\Illuminate\\Pipeline\\Pipeline.php(167): Illuminate\\Cookie\\Middleware\\AddQueuedCookiesToResponse->handle(Object(Illuminate\\Http\\Request), Object(Closure))
#32 C:\\xampp\\htdocs\\kazimotoawards\\vendor\\laravel\\framework\\src\\Illuminate\\Cookie\\Middleware\\EncryptCookies.php(67): Illuminate\\Pipeline\\Pipeline->Illuminate\\Pipeline\\{closure}(Object(Illuminate\\Http\\Request))
#33 C:\\xampp\\htdocs\\kazimotoawards\\vendor\\laravel\\framework\\src\\Illuminate\\Pipeline\\Pipeline.php(167): Illuminate\\Cookie\\Middleware\\EncryptCookies->handle(Object(Illuminate\\Http\\Request), Object(Closure))
#34 C:\\xampp\\htdocs\\kazimotoawards\\vendor\\laravel\\framework\\src\\Illuminate\\Pipeline\\Pipeline.php(103): Illuminate\\Pipeline\\Pipeline->Illuminate\\Pipeline\\{closure}(Object(Illuminate\\Http\\Request))
#35 C:\\xampp\\htdocs\\kazimotoawards\\vendor\\laravel\\framework\\src\\Illuminate\\Routing\\Router.php(719): Illuminate\\Pipeline\\Pipeline->then(Object(Closure))
#36 C:\\xampp\\htdocs\\kazimotoawards\\vendor\\laravel\\framework\\src\\Illuminate\\Routing\\Router.php(698): Illuminate\\Routing\\Router->runRouteWithinStack(Object(Illuminate\\Routing\\Route), Object(Illuminate\\Http\\Request))
#37 C:\\xampp\\htdocs\\kazimotoawards\\vendor\\laravel\\framework\\src\\Illuminate\\Routing\\Router.php(662): Illuminate\\Routing\\Router->runRoute(Object(Illuminate\\Http\\Request), Object(Illuminate\\Routing\\Route))
#38 C:\\xampp\\htdocs\\kazimotoawards\\vendor\\laravel\\framework\\src\\Illuminate\\Routing\\Router.php(651): Illuminate\\Routing\\Router->dispatchToRoute(Object(Illuminate\\Http\\Request))
#39 C:\\xampp\\htdocs\\kazimotoawards\\vendor\\laravel\\framework\\src\\Illuminate\\Foundation\\Http\\Kernel.php(167): Illuminate\\Routing\\Router->dispatch(Object(Illuminate\\Http\\Request))
#40 C:\\xampp\\htdocs\\kazimotoawards\\vendor\\laravel\\framework\\src\\Illuminate\\Pipeline\\Pipeline.php(128): Illuminate\\Foundation\\Http\\Kernel->Illuminate\\Foundation\\Http\\{closure}(Object(Illuminate\\Http\\Request))
#41 C:\\xampp\\htdocs\\kazimotoawards\\vendor\\laravel\\framework\\src\\Illuminate\\Foundation\\Http\\Middleware\\TransformsRequest.php(21): Illuminate\\Pipeline\\Pipeline->Illuminate\\Pipeline\\{closure}(Object(Illuminate\\Http\\Request))
#42 C:\\xampp\\htdocs\\kazimotoawards\\vendor\\laravel\\framework\\src\\Illuminate\\Foundation\\Http\\Middleware\\ConvertEmptyStringsToNull.php(31): Illuminate\\Foundation\\Http\\Middleware\\TransformsRequest->handle(Object(Illuminate\\Http\\Request), Object(Closure))
#43 C:\\xampp\\htdocs\\kazimotoawards\\vendor\\laravel\\framework\\src\\Illuminate\\Pipeline\\Pipeline.php(167): Illuminate\\Foundation\\Http\\Middleware\\ConvertEmptyStringsToNull->handle(Object(Illuminate\\Http\\Request), Object(Closure))
#44 C:\\xampp\\htdocs\\kazimotoawards\\vendor\\laravel\\framework\\src\\Illuminate\\Foundation\\Http\\Middleware\\TransformsRequest.php(21): Illuminate\\Pipeline\\Pipeline->Illuminate\\Pipeline\\{closure}(Object(Illuminate\\Http\\Request))
#45 C:\\xampp\\htdocs\\kazimotoawards\\vendor\\laravel\\framework\\src\\Illuminate\\Foundation\\Http\\Middleware\\TrimStrings.php(40): Illuminate\\Foundation\\Http\\Middleware\\TransformsRequest->handle(Object(Illuminate\\Http\\Request), Object(Closure))
#46 C:\\xampp\\htdocs\\kazimotoawards\\vendor\\laravel\\framework\\src\\Illuminate\\Pipeline\\Pipeline.php(167): Illuminate\\Foundation\\Http\\Middleware\\TrimStrings->handle(Object(Illuminate\\Http\\Request), Object(Closure))
#47 C:\\xampp\\htdocs\\kazimotoawards\\vendor\\laravel\\framework\\src\\Illuminate\\Foundation\\Http\\Middleware\\ValidatePostSize.php(27): Illuminate\\Pipeline\\Pipeline->Illuminate\\Pipeline\\{closure}(Object(Illuminate\\Http\\Request))
#48 C:\\xampp\\htdocs\\kazimotoawards\\vendor\\laravel\\framework\\src\\Illuminate\\Pipeline\\Pipeline.php(167): Illuminate\\Foundation\\Http\\Middleware\\ValidatePostSize->handle(Object(Illuminate\\Http\\Request), Object(Closure))
#49 C:\\xampp\\htdocs\\kazimotoawards\\vendor\\laravel\\framework\\src\\Illuminate\\Foundation\\Http\\Middleware\\PreventRequestsDuringMaintenance.php(86): Illuminate\\Pipeline\\Pipeline->Illuminate\\Pipeline\\{closure}(Object(Illuminate\\Http\\Request))
#50 C:\\xampp\\htdocs\\kazimotoawards\\vendor\\laravel\\framework\\src\\Illuminate\\Pipeline\\Pipeline.php(167): Illuminate\\Foundation\\Http\\Middleware\\PreventRequestsDuringMaintenance->handle(Object(Illuminate\\Http\\Request), Object(Closure))
#51 C:\\xampp\\htdocs\\kazimotoawards\\vendor\\fruitcake\\laravel-cors\\src\\HandleCors.php(38): Illuminate\\Pipeline\\Pipeline->Illuminate\\Pipeline\\{closure}(Object(Illuminate\\Http\\Request))
#52 C:\\xampp\\htdocs\\kazimotoawards\\vendor\\laravel\\framework\\src\\Illuminate\\Pipeline\\Pipeline.php(167): Fruitcake\\Cors\\HandleCors->handle(Object(Illuminate\\Http\\Request), Object(Closure))
#53 C:\\xampp\\htdocs\\kazimotoawards\\vendor\\fideloper\\proxy\\src\\TrustProxies.php(57): Illuminate\\Pipeline\\Pipeline->Illuminate\\Pipeline\\{closure}(Object(Illuminate\\Http\\Request))
#54 C:\\xampp\\htdocs\\kazimotoawards\\vendor\\laravel\\framework\\src\\Illuminate\\Pipeline\\Pipeline.php(167): Fideloper\\Proxy\\TrustProxies->handle(Object(Illuminate\\Http\\Request), Object(Closure))
#55 C:\\xampp\\htdocs\\kazimotoawards\\vendor\\laravel\\framework\\src\\Illuminate\\Pipeline\\Pipeline.php(103): Illuminate\\Pipeline\\Pipeline->Illuminate\\Pipeline\\{closure}(Object(Illuminate\\Http\\Request))
#56 C:\\xampp\\htdocs\\kazimotoawards\\vendor\\laravel\\framework\\src\\Illuminate\\Foundation\\Http\\Kernel.php(142): Illuminate\\Pipeline\\Pipeline->then(Object(Closure))
#57 C:\\xampp\\htdocs\\kazimotoawards\\vendor\\laravel\\framework\\src\\Illuminate\\Foundation\\Http\\Kernel.php(111): Illuminate\\Foundation\\Http\\Kernel->sendRequestThroughRouter(Object(Illuminate\\Http\\Request))
#58 C:\\xampp\\htdocs\\kazimotoawards\\public\\index.php(51): Illuminate\\Foundation\\Http\\Kernel->handle(Object(Illuminate\\Http\\Request))
#59 C:\\xampp\\htdocs\\kazimotoawards\\server.php(21): require_once('C:\\\\xampp\\\\htdocs...')
#60 {main}

[previous exception] [object] (PDOException(code: 42S22): SQLSTATE[42S22]: Column not found: 1054 Unknown column 'year' in 'where clause' at C:\\xampp\\htdocs\\kazimotoawards\\vendor\\laravel\\framework\\src\\Illuminate\\Database\\Connection.php:368)
[stacktrace]
#0 C:\\xampp\\htdocs\\kazimotoawards\\vendor\\laravel\\framework\\src\\Illuminate\\Database\\Connection.php(368): PDO->prepare('select * from `...')
#1 C:\\xampp\\htdocs\\kazimotoawards\\vendor\\laravel\\framework\\src\\Illuminate\\Database\\Connection.php(705): Illuminate\\Database\\Connection->Illuminate\\Database\\{closure}('select * from `...', Array)
#2 C:\\xampp\\htdocs\\kazimotoawards\\vendor\\laravel\\framework\\src\\Illuminate\\Database\\Connection.php(672): Illuminate\\Database\\Connection->runQueryCallback('select * from `...', Array, Object(Closure))
#3 C:\\xampp\\htdocs\\kazimotoawards\\vendor\\laravel\\framework\\src\\Illuminate\\Database\\Connection.php(359): Illuminate\\Database\\Connection->run('select * from `...', Array, Object(Closure))
#4 C:\\xampp\\htdocs\\kazimotoawards\\vendor\\laravel\\framework\\src\\Illuminate\\Database\\Query\\Builder.php(2413): Illuminate\\Database\\Connection->select('select * from `...', Array, true)
#5 C:\\xampp\\htdocs\\kazimotoawards\\vendor\\laravel\\framework\\src\\Illuminate\\Database\\Query\\Builder.php(2402): Illuminate\\Database\\Query\\Builder->runSelect()
#6 C:\\xampp\\htdocs\\kazimotoawards\\vendor\\laravel\\framework\\src\\Illuminate\\Database\\Query\\Builder.php(2936): Illuminate\\Database\\Query\\Builder->Illuminate\\Database\\Query\\{closure}()
#7 C:\\xampp\\htdocs\\kazimotoawards\\vendor\\laravel\\framework\\src\\Illuminate\\Database\\Query\\Builder.php(2401): Illuminate\\Database\\Query\\Builder->onceWithColumns(Array, Object(Closure))
#8 C:\\xampp\\htdocs\\kazimotoawards\\vendor\\laravel\\framework\\src\\Illuminate\\Database\\Eloquent\\Builder.php(625): Illuminate\\Database\\Query\\Builder->get(Array)
#9 C:\\xampp\\htdocs\\kazimotoawards\\vendor\\laravel\\framework\\src\\Illuminate\\Database\\Eloquent\\Builder.php(609): Illuminate\\Database\\Eloquent\\Builder->getModels(Array)
#10 C:\\xampp\\htdocs\\kazimotoawards\\vendor\\laravel\\framework\\src\\Illuminate\\Database\\Concerns\\BuildsQueries.php(294): Illuminate\\Database\\Eloquent\\Builder->get(Array)
#11 C:\\xampp\\htdocs\\kazimotoawards\\vendor\\laravel\\framework\\src\\Illuminate\\Database\\Eloquent\\Builder.php(474): Illuminate\\Database\\Eloquent\\Builder->first()
#12 C:\\xampp\\htdocs\\kazimotoawards\\vendor\\laravel\\framework\\src\\Illuminate\\Database\\Eloquent\\Builder.php(508): Illuminate\\Database\\Eloquent\\Builder->firstOrNew(Array)
#13 C:\\xampp\\htdocs\\kazimotoawards\\vendor\\laravel\\framework\\src\\Illuminate\\Support\\Traits\\ForwardsCalls.php(23): Illuminate\\Database\\Eloquent\\Builder->updateOrCreate(Array)
#14 C:\\xampp\\htdocs\\kazimotoawards\\vendor\\laravel\\framework\\src\\Illuminate\\Database\\Eloquent\\Model.php(2132): Illuminate\\Database\\Eloquent\\Model->forwardCallTo(Object(Illuminate\\Database\\Eloquent\\Builder), 'UpdateOrCreate', Array)
#15 C:\\xampp\\htdocs\\kazimotoawards\\vendor\\laravel\\framework\\src\\Illuminate\\Database\\Eloquent\\Model.php(2144): Illuminate\\Database\\Eloquent\\Model->__call('UpdateOrCreate', Array)
#16 C:\\xampp\\htdocs\\kazimotoawards\\app\\Http\\Controllers\\ContestantController.php(253): Illuminate\\Database\\Eloquent\\Model::__callStatic('UpdateOrCreate', Array)
#17 C:\\xampp\\htdocs\\kazimotoawards\\vendor\\laravel\\framework\\src\\Illuminate\\Routing\\Controller.php(54): App\\Http\\Controllers\\ContestantController->store(Object(Illuminate\\Http\\Request))
#18 C:\\xampp\\htdocs\\kazimotoawards\\vendor\\laravel\\framework\\src\\Illuminate\\Routing\\ControllerDispatcher.php(45): Illuminate\\Routing\\Controller->callAction('store', Array)
#19 C:\\xampp\\htdocs\\kazimotoawards\\vendor\\laravel\\framework\\src\\Illuminate\\Routing\\Route.php(261): Illuminate\\Routing\\ControllerDispatcher->dispatch(Object(Illuminate\\Routing\\Route), Object(App\\Http\\Controllers\\ContestantController), 'store')
#20 C:\\xampp\\htdocs\\kazimotoawards\\vendor\\laravel\\framework\\src\\Illuminate\\Routing\\Route.php(205): Illuminate\\Routing\\Route->runController()
#21 C:\\xampp\\htdocs\\kazimotoawards\\vendor\\laravel\\framework\\src\\Illuminate\\Routing\\Router.php(721): Illuminate\\Routing\\Route->run()
#22 C:\\xampp\\htdocs\\kazimotoawards\\vendor\\laravel\\framework\\src\\Illuminate\\Pipeline\\Pipeline.php(128): Illuminate\\Routing\\Router->Illuminate\\Routing\\{closure}(Object(Illuminate\\Http\\Request))
#23 C:\\xampp\\htdocs\\kazimotoawards\\vendor\\laravel\\framework\\src\\Illuminate\\Routing\\Middleware\\SubstituteBindings.php(50): Illuminate\\Pipeline\\Pipeline->Illuminate\\Pipeline\\{closure}(Object(Illuminate\\Http\\Request))
#24 C:\\xampp\\htdocs\\kazimotoawards\\vendor\\laravel\\framework\\src\\Illuminate\\Pipeline\\Pipeline.php(167): Illuminate\\Routing\\Middleware\\SubstituteBindings->handle(Object(Illuminate\\Http\\Request), Object(Closure))
#25 C:\\xampp\\htdocs\\kazimotoawards\\vendor\\laravel\\framework\\src\\Illuminate\\Foundation\\Http\\Middleware\\VerifyCsrfToken.php(78): Illuminate\\Pipeline\\Pipeline->Illuminate\\Pipeline\\{closure}(Object(Illuminate\\Http\\Request))
#26 C:\\xampp\\htdocs\\kazimotoawards\\vendor\\laravel\\framework\\src\\Illuminate\\Pipeline\\Pipeline.php(167): Illuminate\\Foundation\\Http\\Middleware\\VerifyCsrfToken->handle(Object(Illuminate\\Http\\Request), Object(Closure))
#27 C:\\xampp\\htdocs\\kazimotoawards\\vendor\\laravel\\framework\\src\\Illuminate\\View\\Middleware\\ShareErrorsFromSession.php(49): Illuminate\\Pipeline\\Pipeline->Illuminate\\Pipeline\\{closure}(Object(Illuminate\\Http\\Request))
#28 C:\\xampp\\htdocs\\kazimotoawards\\vendor\\laravel\\framework\\src\\Illuminate\\Pipeline\\Pipeline.php(167): Illuminate\\View\\Middleware\\ShareErrorsFromSession->handle(Object(Illuminate\\Http\\Request), Object(Closure))
#29 C:\\xampp\\htdocs\\kazimotoawards\\vendor\\laravel\\framework\\src\\Illuminate\\Session\\Middleware\\StartSession.php(121): Illuminate\\Pipeline\\Pipeline->Illuminate\\Pipeline\\{closure}(Object(Illuminate\\Http\\Request))
#30 C:\\xampp\\htdocs\\kazimotoawards\\vendor\\laravel\\framework\\src\\Illuminate\\Session\\Middleware\\StartSession.php(64): Illuminate\\Session\\Middleware\\StartSession->handleStatefulRequest(Object(Illuminate\\Http\\Request), Object(Illuminate\\Session\\Store), Object(Closure))
#31 C:\\xampp\\htdocs\\kazimotoawards\\vendor\\laravel\\framework\\src\\Illuminate\\Pipeline\\Pipeline.php(167): Illuminate\\Session\\Middleware\\StartSession->handle(Object(Illuminate\\Http\\Request), Object(Closure))
#32 C:\\xampp\\htdocs\\kazimotoawards\\vendor\\laravel\\framework\\src\\Illuminate\\Cookie\\Middleware\\AddQueuedCookiesToResponse.php(37): Illuminate\\Pipeline\\Pipeline->Illuminate\\Pipeline\\{closure}(Object(Illuminate\\Http\\Request))
#33 C:\\xampp\\htdocs\\kazimotoawards\\vendor\\laravel\\framework\\src\\Illuminate\\Pipeline\\Pipeline.php(167): Illuminate\\Cookie\\Middleware\\AddQueuedCookiesToResponse->handle(Object(Illuminate\\Http\\Request), Object(Closure))
#34 C:\\xampp\\htdocs\\kazimotoawards\\vendor\\laravel\\framework\\src\\Illuminate\\Cookie\\Middleware\\EncryptCookies.php(67): Illuminate\\Pipeline\\Pipeline->Illuminate\\Pipeline\\{closure}(Object(Illuminate\\Http\\Request))
#35 C:\\xampp\\htdocs\\kazimotoawards\\vendor\\laravel\\framework\\src\\Illuminate\\Pipeline\\Pipeline.php(167): Illuminate\\Cookie\\Middleware\\EncryptCookies->handle(Object(Illuminate\\Http\\Request), Object(Closure))
#36 C:\\xampp\\htdocs\\kazimotoawards\\vendor\\laravel\\framework\\src\\Illuminate\\Pipeline\\Pipeline.php(103): Illuminate\\Pipeline\\Pipeline->Illuminate\\Pipeline\\{closure}(Object(Illuminate\\Http\\Request))
#37 C:\\xampp\\htdocs\\kazimotoawards\\vendor\\laravel\\framework\\src\\Illuminate\\Routing\\Router.php(719): Illuminate\\Pipeline\\Pipeline->then(Object(Closure))
#38 C:\\xampp\\htdocs\\kazimotoawards\\vendor\\laravel\\framework\\src\\Illuminate\\Routing\\Router.php(698): Illuminate\\Routing\\Router->runRouteWithinStack(Object(Illuminate\\Routing\\Route), Object(Illuminate\\Http\\Request))
#39 C:\\xampp\\htdocs\\kazimotoawards\\vendor\\laravel\\framework\\src\\Illuminate\\Routing\\Router.php(662): Illuminate\\Routing\\Router->runRoute(Object(Illuminate\\Http\\Request), Object(Illuminate\\Routing\\Route))
#40 C:\\xampp\\htdocs\\kazimotoawards\\vendor\\laravel\\framework\\src\\Illuminate\\Routing\\Router.php(651): Illuminate\\Routing\\Router->dispatchToRoute(Object(Illuminate\\Http\\Request))
#41 C:\\xampp\\htdocs\\kazimotoawards\\vendor\\laravel\\framework\\src\\Illuminate\\Foundation\\Http\\Kernel.php(167): Illuminate\\Routing\\Router->dispatch(Object(Illuminate\\Http\\Request))
#42 C:\\xampp\\htdocs\\kazimotoawards\\vendor\\laravel\\framework\\src\\Illuminate\\Pipeline\\Pipeline.php(128): Illuminate\\Foundation\\Http\\Kernel->Illuminate\\Foundation\\Http\\{closure}(Object(Illuminate\\Http\\Request))
#43 C:\\xampp\\htdocs\\kazimotoawards\\vendor\\laravel\\framework\\src\\Illuminate\\Foundation\\Http\\Middleware\\TransformsRequest.php(21): Illuminate\\Pipeline\\Pipeline->Illuminate\\Pipeline\\{closure}(Object(Illuminate\\Http\\Request))
#44 C:\\xampp\\htdocs\\kazimotoawards\\vendor\\laravel\\framework\\src\\Illuminate\\Foundation\\Http\\Middleware\\ConvertEmptyStringsToNull.php(31): Illuminate\\Foundation\\Http\\Middleware\\TransformsRequest->handle(Object(Illuminate\\Http\\Request), Object(Closure))
#45 C:\\xampp\\htdocs\\kazimotoawards\\vendor\\laravel\\framework\\src\\Illuminate\\Pipeline\\Pipeline.php(167): Illuminate\\Foundation\\Http\\Middleware\\ConvertEmptyStringsToNull->handle(Object(Illuminate\\Http\\Request), Object(Closure))
#46 C:\\xampp\\htdocs\\kazimotoawards\\vendor\\laravel\\framework\\src\\Illuminate\\Foundation\\Http\\Middleware\\TransformsRequest.php(21): Illuminate\\Pipeline\\Pipeline->Illuminate\\Pipeline\\{closure}(Object(Illuminate\\Http\\Request))
#47 C:\\xampp\\htdocs\\kazimotoawards\\vendor\\laravel\\framework\\src\\Illuminate\\Foundation\\Http\\Middleware\\TrimStrings.php(40): Illuminate\\Foundation\\Http\\Middleware\\TransformsRequest->handle(Object(Illuminate\\Http\\Request), Object(Closure))
#48 C:\\xampp\\htdocs\\kazimotoawards\\vendor\\laravel\\framework\\src\\Illuminate\\Pipeline\\Pipeline.php(167): Illuminate\\Foundation\\Http\\Middleware\\TrimStrings->handle(Object(Illuminate\\Http\\Request), Object(Closure))
#49 C:\\xampp\\htdocs\\kazimotoawards\\vendor\\laravel\\framework\\src\\Illuminate\\Foundation\\Http\\Middleware\\ValidatePostSize.php(27): Illuminate\\Pipeline\\Pipeline->Illuminate\\Pipeline\\{closure}(Object(Illuminate\\Http\\Request))
#50 C:\\xampp\\htdocs\\kazimotoawards\\vendor\\laravel\\framework\\src\\Illuminate\\Pipeline\\Pipeline.php(167): Illuminate\\Foundation\\Http\\Middleware\\ValidatePostSize->handle(Object(Illuminate\\Http\\Request), Object(Closure))
#51 C:\\xampp\\htdocs\\kazimotoawards\\vendor\\laravel\\framework\\src\\Illuminate\\Foundation\\Http\\Middleware\\PreventRequestsDuringMaintenance.php(86): Illuminate\\Pipeline\\Pipeline->Illuminate\\Pipeline\\{closure}(Object(Illuminate\\Http\\Request))
#52 C:\\xampp\\htdocs\\kazimotoawards\\vendor\\laravel\\framework\\src\\Illuminate\\Pipeline\\Pipeline.php(167): Illuminate\\Foundation\\Http\\Middleware\\PreventRequestsDuringMaintenance->handle(Object(Illuminate\\Http\\Request), Object(Closure))
#53 C:\\xampp\\htdocs\\kazimotoawards\\vendor\\fruitcake\\laravel-cors\\src\\HandleCors.php(38): Illuminate\\Pipeline\\Pipeline->Illuminate\\Pipeline\\{closure}(Object(Illuminate\\Http\\Request))
#54 C:\\xampp\\htdocs\\kazimotoawards\\vendor\\laravel\\framework\\src\\Illuminate\\Pipeline\\Pipeline.php(167): Fruitcake\\Cors\\HandleCors->handle(Object(Illuminate\\Http\\Request), Object(Closure))
#55 C:\\xampp\\htdocs\\kazimotoawards\\vendor\\fideloper\\proxy\\src\\TrustProxies.php(57): Illuminate\\Pipeline\\Pipeline->Illuminate\\Pipeline\\{closure}(Object(Illuminate\\Http\\Request))
#56 C:\\xampp\\htdocs\\kazimotoawards\\vendor\\laravel\\framework\\src\\Illuminate\\Pipeline\\Pipeline.php(167): Fideloper\\Proxy\\TrustProxies->handle(Object(Illuminate\\Http\\Request), Object(Closure))
#57 C:\\xampp\\htdocs\\kazimotoawards\\vendor\\laravel\\framework\\src\\Illuminate\\Pipeline\\Pipeline.php(103): Illuminate\\Pipeline\\Pipeline->Illuminate\\Pipeline\\{closure}(Object(Illuminate\\Http\\Request))
#58 C:\\xampp\\htdocs\\kazimotoawards\\vendor\\laravel\\framework\\src\\Illuminate\\Foundation\\Http\\Kernel.php(142): Illuminate\\Pipeline\\Pipeline->then(Object(Closure))
#59 C:\\xampp\\htdocs\\kazimotoawards\\vendor\\laravel\\framework\\src\\Illuminate\\Foundation\\Http\\Kernel.php(111): Illuminate\\Foundation\\Http\\Kernel->sendRequestThroughRouter(Object(Illuminate\\Http\\Request))
#60 C:\\xampp\\htdocs\\kazimotoawards\\public\\index.php(51): Illuminate\\Foundation\\Http\\Kernel->handle(Object(Illuminate\\Http\\Request))
#61 C:\\xampp\\htdocs\\kazimotoawards\\server.php(21): require_once('C:\\\\xampp\\\\htdocs...')
#62 {main}
"} 
[2025-08-10 11:12:26] local.ERROR: SQLSTATE[42S22]: Column not found: 1054 Unknown column 'year' in 'where clause' (SQL: select * from `contestant_awards` where (`contestant_id` = 48 and `award_id` = 1 and `year` = 2025 and `status` = Active) limit 1) {"userId":1,"exception":"[object] (Illuminate\\Database\\QueryException(code: 42S22): SQLSTATE[42S22]: Column not found: 1054 Unknown column 'year' in 'where clause' (SQL: select * from `contestant_awards` where (`contestant_id` = 48 and `award_id` = 1 and `year` = 2025 and `status` = Active) limit 1) at C:\\xampp\\htdocs\\kazimotoawards\\vendor\\laravel\\framework\\src\\Illuminate\\Database\\Connection.php:712)
[stacktrace]
#0 C:\\xampp\\htdocs\\kazimotoawards\\vendor\\laravel\\framework\\src\\Illuminate\\Database\\Connection.php(672): Illuminate\\Database\\Connection->runQueryCallback('select * from `...', Array, Object(Closure))
#1 C:\\xampp\\htdocs\\kazimotoawards\\vendor\\laravel\\framework\\src\\Illuminate\\Database\\Connection.php(359): Illuminate\\Database\\Connection->run('select * from `...', Array, Object(Closure))
#2 C:\\xampp\\htdocs\\kazimotoawards\\vendor\\laravel\\framework\\src\\Illuminate\\Database\\Query\\Builder.php(2413): Illuminate\\Database\\Connection->select('select * from `...', Array, true)
#3 C:\\xampp\\htdocs\\kazimotoawards\\vendor\\laravel\\framework\\src\\Illuminate\\Database\\Query\\Builder.php(2402): Illuminate\\Database\\Query\\Builder->runSelect()
#4 C:\\xampp\\htdocs\\kazimotoawards\\vendor\\laravel\\framework\\src\\Illuminate\\Database\\Query\\Builder.php(2936): Illuminate\\Database\\Query\\Builder->Illuminate\\Database\\Query\\{closure}()
#5 C:\\xampp\\htdocs\\kazimotoawards\\vendor\\laravel\\framework\\src\\Illuminate\\Database\\Query\\Builder.php(2401): Illuminate\\Database\\Query\\Builder->onceWithColumns(Array, Object(Closure))
#6 C:\\xampp\\htdocs\\kazimotoawards\\vendor\\laravel\\framework\\src\\Illuminate\\Database\\Eloquent\\Builder.php(625): Illuminate\\Database\\Query\\Builder->get(Array)
#7 C:\\xampp\\htdocs\\kazimotoawards\\vendor\\laravel\\framework\\src\\Illuminate\\Database\\Eloquent\\Builder.php(609): Illuminate\\Database\\Eloquent\\Builder->getModels(Array)
#8 C:\\xampp\\htdocs\\kazimotoawards\\vendor\\laravel\\framework\\src\\Illuminate\\Database\\Concerns\\BuildsQueries.php(294): Illuminate\\Database\\Eloquent\\Builder->get(Array)
#9 C:\\xampp\\htdocs\\kazimotoawards\\vendor\\laravel\\framework\\src\\Illuminate\\Database\\Eloquent\\Builder.php(474): Illuminate\\Database\\Eloquent\\Builder->first()
#10 C:\\xampp\\htdocs\\kazimotoawards\\vendor\\laravel\\framework\\src\\Illuminate\\Database\\Eloquent\\Builder.php(508): Illuminate\\Database\\Eloquent\\Builder->firstOrNew(Array)
#11 C:\\xampp\\htdocs\\kazimotoawards\\vendor\\laravel\\framework\\src\\Illuminate\\Support\\Traits\\ForwardsCalls.php(23): Illuminate\\Database\\Eloquent\\Builder->updateOrCreate(Array)
#12 C:\\xampp\\htdocs\\kazimotoawards\\vendor\\laravel\\framework\\src\\Illuminate\\Database\\Eloquent\\Model.php(2132): Illuminate\\Database\\Eloquent\\Model->forwardCallTo(Object(Illuminate\\Database\\Eloquent\\Builder), 'UpdateOrCreate', Array)
#13 C:\\xampp\\htdocs\\kazimotoawards\\vendor\\laravel\\framework\\src\\Illuminate\\Database\\Eloquent\\Model.php(2144): Illuminate\\Database\\Eloquent\\Model->__call('UpdateOrCreate', Array)
#14 C:\\xampp\\htdocs\\kazimotoawards\\app\\Http\\Controllers\\ContestantController.php(253): Illuminate\\Database\\Eloquent\\Model::__callStatic('UpdateOrCreate', Array)
#15 C:\\xampp\\htdocs\\kazimotoawards\\vendor\\laravel\\framework\\src\\Illuminate\\Routing\\Controller.php(54): App\\Http\\Controllers\\ContestantController->store(Object(Illuminate\\Http\\Request))
#16 C:\\xampp\\htdocs\\kazimotoawards\\vendor\\laravel\\framework\\src\\Illuminate\\Routing\\ControllerDispatcher.php(45): Illuminate\\Routing\\Controller->callAction('store', Array)
#17 C:\\xampp\\htdocs\\kazimotoawards\\vendor\\laravel\\framework\\src\\Illuminate\\Routing\\Route.php(261): Illuminate\\Routing\\ControllerDispatcher->dispatch(Object(Illuminate\\Routing\\Route), Object(App\\Http\\Controllers\\ContestantController), 'store')
#18 C:\\xampp\\htdocs\\kazimotoawards\\vendor\\laravel\\framework\\src\\Illuminate\\Routing\\Route.php(205): Illuminate\\Routing\\Route->runController()
#19 C:\\xampp\\htdocs\\kazimotoawards\\vendor\\laravel\\framework\\src\\Illuminate\\Routing\\Router.php(721): Illuminate\\Routing\\Route->run()
#20 C:\\xampp\\htdocs\\kazimotoawards\\vendor\\laravel\\framework\\src\\Illuminate\\Pipeline\\Pipeline.php(128): Illuminate\\Routing\\Router->Illuminate\\Routing\\{closure}(Object(Illuminate\\Http\\Request))
#21 C:\\xampp\\htdocs\\kazimotoawards\\vendor\\laravel\\framework\\src\\Illuminate\\Routing\\Middleware\\SubstituteBindings.php(50): Illuminate\\Pipeline\\Pipeline->Illuminate\\Pipeline\\{closure}(Object(Illuminate\\Http\\Request))
#22 C:\\xampp\\htdocs\\kazimotoawards\\vendor\\laravel\\framework\\src\\Illuminate\\Pipeline\\Pipeline.php(167): Illuminate\\Routing\\Middleware\\SubstituteBindings->handle(Object(Illuminate\\Http\\Request), Object(Closure))
#23 C:\\xampp\\htdocs\\kazimotoawards\\vendor\\laravel\\framework\\src\\Illuminate\\Foundation\\Http\\Middleware\\VerifyCsrfToken.php(78): Illuminate\\Pipeline\\Pipeline->Illuminate\\Pipeline\\{closure}(Object(Illuminate\\Http\\Request))
#24 C:\\xampp\\htdocs\\kazimotoawards\\vendor\\laravel\\framework\\src\\Illuminate\\Pipeline\\Pipeline.php(167): Illuminate\\Foundation\\Http\\Middleware\\VerifyCsrfToken->handle(Object(Illuminate\\Http\\Request), Object(Closure))
#25 C:\\xampp\\htdocs\\kazimotoawards\\vendor\\laravel\\framework\\src\\Illuminate\\View\\Middleware\\ShareErrorsFromSession.php(49): Illuminate\\Pipeline\\Pipeline->Illuminate\\Pipeline\\{closure}(Object(Illuminate\\Http\\Request))
#26 C:\\xampp\\htdocs\\kazimotoawards\\vendor\\laravel\\framework\\src\\Illuminate\\Pipeline\\Pipeline.php(167): Illuminate\\View\\Middleware\\ShareErrorsFromSession->handle(Object(Illuminate\\Http\\Request), Object(Closure))
#27 C:\\xampp\\htdocs\\kazimotoawards\\vendor\\laravel\\framework\\src\\Illuminate\\Session\\Middleware\\StartSession.php(121): Illuminate\\Pipeline\\Pipeline->Illuminate\\Pipeline\\{closure}(Object(Illuminate\\Http\\Request))
#28 C:\\xampp\\htdocs\\kazimotoawards\\vendor\\laravel\\framework\\src\\Illuminate\\Session\\Middleware\\StartSession.php(64): Illuminate\\Session\\Middleware\\StartSession->handleStatefulRequest(Object(Illuminate\\Http\\Request), Object(Illuminate\\Session\\Store), Object(Closure))
#29 C:\\xampp\\htdocs\\kazimotoawards\\vendor\\laravel\\framework\\src\\Illuminate\\Pipeline\\Pipeline.php(167): Illuminate\\Session\\Middleware\\StartSession->handle(Object(Illuminate\\Http\\Request), Object(Closure))
#30 C:\\xampp\\htdocs\\kazimotoawards\\vendor\\laravel\\framework\\src\\Illuminate\\Cookie\\Middleware\\AddQueuedCookiesToResponse.php(37): Illuminate\\Pipeline\\Pipeline->Illuminate\\Pipeline\\{closure}(Object(Illuminate\\Http\\Request))
#31 C:\\xampp\\htdocs\\kazimotoawards\\vendor\\laravel\\framework\\src\\Illuminate\\Pipeline\\Pipeline.php(167): Illuminate\\Cookie\\Middleware\\AddQueuedCookiesToResponse->handle(Object(Illuminate\\Http\\Request), Object(Closure))
#32 C:\\xampp\\htdocs\\kazimotoawards\\vendor\\laravel\\framework\\src\\Illuminate\\Cookie\\Middleware\\EncryptCookies.php(67): Illuminate\\Pipeline\\Pipeline->Illuminate\\Pipeline\\{closure}(Object(Illuminate\\Http\\Request))
#33 C:\\xampp\\htdocs\\kazimotoawards\\vendor\\laravel\\framework\\src\\Illuminate\\Pipeline\\Pipeline.php(167): Illuminate\\Cookie\\Middleware\\EncryptCookies->handle(Object(Illuminate\\Http\\Request), Object(Closure))
#34 C:\\xampp\\htdocs\\kazimotoawards\\vendor\\laravel\\framework\\src\\Illuminate\\Pipeline\\Pipeline.php(103): Illuminate\\Pipeline\\Pipeline->Illuminate\\Pipeline\\{closure}(Object(Illuminate\\Http\\Request))
#35 C:\\xampp\\htdocs\\kazimotoawards\\vendor\\laravel\\framework\\src\\Illuminate\\Routing\\Router.php(719): Illuminate\\Pipeline\\Pipeline->then(Object(Closure))
#36 C:\\xampp\\htdocs\\kazimotoawards\\vendor\\laravel\\framework\\src\\Illuminate\\Routing\\Router.php(698): Illuminate\\Routing\\Router->runRouteWithinStack(Object(Illuminate\\Routing\\Route), Object(Illuminate\\Http\\Request))
#37 C:\\xampp\\htdocs\\kazimotoawards\\vendor\\laravel\\framework\\src\\Illuminate\\Routing\\Router.php(662): Illuminate\\Routing\\Router->runRoute(Object(Illuminate\\Http\\Request), Object(Illuminate\\Routing\\Route))
#38 C:\\xampp\\htdocs\\kazimotoawards\\vendor\\laravel\\framework\\src\\Illuminate\\Routing\\Router.php(651): Illuminate\\Routing\\Router->dispatchToRoute(Object(Illuminate\\Http\\Request))
#39 C:\\xampp\\htdocs\\kazimotoawards\\vendor\\laravel\\framework\\src\\Illuminate\\Foundation\\Http\\Kernel.php(167): Illuminate\\Routing\\Router->dispatch(Object(Illuminate\\Http\\Request))
#40 C:\\xampp\\htdocs\\kazimotoawards\\vendor\\laravel\\framework\\src\\Illuminate\\Pipeline\\Pipeline.php(128): Illuminate\\Foundation\\Http\\Kernel->Illuminate\\Foundation\\Http\\{closure}(Object(Illuminate\\Http\\Request))
#41 C:\\xampp\\htdocs\\kazimotoawards\\vendor\\laravel\\framework\\src\\Illuminate\\Foundation\\Http\\Middleware\\TransformsRequest.php(21): Illuminate\\Pipeline\\Pipeline->Illuminate\\Pipeline\\{closure}(Object(Illuminate\\Http\\Request))
#42 C:\\xampp\\htdocs\\kazimotoawards\\vendor\\laravel\\framework\\src\\Illuminate\\Foundation\\Http\\Middleware\\ConvertEmptyStringsToNull.php(31): Illuminate\\Foundation\\Http\\Middleware\\TransformsRequest->handle(Object(Illuminate\\Http\\Request), Object(Closure))
#43 C:\\xampp\\htdocs\\kazimotoawards\\vendor\\laravel\\framework\\src\\Illuminate\\Pipeline\\Pipeline.php(167): Illuminate\\Foundation\\Http\\Middleware\\ConvertEmptyStringsToNull->handle(Object(Illuminate\\Http\\Request), Object(Closure))
#44 C:\\xampp\\htdocs\\kazimotoawards\\vendor\\laravel\\framework\\src\\Illuminate\\Foundation\\Http\\Middleware\\TransformsRequest.php(21): Illuminate\\Pipeline\\Pipeline->Illuminate\\Pipeline\\{closure}(Object(Illuminate\\Http\\Request))
#45 C:\\xampp\\htdocs\\kazimotoawards\\vendor\\laravel\\framework\\src\\Illuminate\\Foundation\\Http\\Middleware\\TrimStrings.php(40): Illuminate\\Foundation\\Http\\Middleware\\TransformsRequest->handle(Object(Illuminate\\Http\\Request), Object(Closure))
#46 C:\\xampp\\htdocs\\kazimotoawards\\vendor\\laravel\\framework\\src\\Illuminate\\Pipeline\\Pipeline.php(167): Illuminate\\Foundation\\Http\\Middleware\\TrimStrings->handle(Object(Illuminate\\Http\\Request), Object(Closure))
#47 C:\\xampp\\htdocs\\kazimotoawards\\vendor\\laravel\\framework\\src\\Illuminate\\Foundation\\Http\\Middleware\\ValidatePostSize.php(27): Illuminate\\Pipeline\\Pipeline->Illuminate\\Pipeline\\{closure}(Object(Illuminate\\Http\\Request))
#48 C:\\xampp\\htdocs\\kazimotoawards\\vendor\\laravel\\framework\\src\\Illuminate\\Pipeline\\Pipeline.php(167): Illuminate\\Foundation\\Http\\Middleware\\ValidatePostSize->handle(Object(Illuminate\\Http\\Request), Object(Closure))
#49 C:\\xampp\\htdocs\\kazimotoawards\\vendor\\laravel\\framework\\src\\Illuminate\\Foundation\\Http\\Middleware\\PreventRequestsDuringMaintenance.php(86): Illuminate\\Pipeline\\Pipeline->Illuminate\\Pipeline\\{closure}(Object(Illuminate\\Http\\Request))
#50 C:\\xampp\\htdocs\\kazimotoawards\\vendor\\laravel\\framework\\src\\Illuminate\\Pipeline\\Pipeline.php(167): Illuminate\\Foundation\\Http\\Middleware\\PreventRequestsDuringMaintenance->handle(Object(Illuminate\\Http\\Request), Object(Closure))
#51 C:\\xampp\\htdocs\\kazimotoawards\\vendor\\fruitcake\\laravel-cors\\src\\HandleCors.php(38): Illuminate\\Pipeline\\Pipeline->Illuminate\\Pipeline\\{closure}(Object(Illuminate\\Http\\Request))
#52 C:\\xampp\\htdocs\\kazimotoawards\\vendor\\laravel\\framework\\src\\Illuminate\\Pipeline\\Pipeline.php(167): Fruitcake\\Cors\\HandleCors->handle(Object(Illuminate\\Http\\Request), Object(Closure))
#53 C:\\xampp\\htdocs\\kazimotoawards\\vendor\\fideloper\\proxy\\src\\TrustProxies.php(57): Illuminate\\Pipeline\\Pipeline->Illuminate\\Pipeline\\{closure}(Object(Illuminate\\Http\\Request))
#54 C:\\xampp\\htdocs\\kazimotoawards\\vendor\\laravel\\framework\\src\\Illuminate\\Pipeline\\Pipeline.php(167): Fideloper\\Proxy\\TrustProxies->handle(Object(Illuminate\\Http\\Request), Object(Closure))
#55 C:\\xampp\\htdocs\\kazimotoawards\\vendor\\laravel\\framework\\src\\Illuminate\\Pipeline\\Pipeline.php(103): Illuminate\\Pipeline\\Pipeline->Illuminate\\Pipeline\\{closure}(Object(Illuminate\\Http\\Request))
#56 C:\\xampp\\htdocs\\kazimotoawards\\vendor\\laravel\\framework\\src\\Illuminate\\Foundation\\Http\\Kernel.php(142): Illuminate\\Pipeline\\Pipeline->then(Object(Closure))
#57 C:\\xampp\\htdocs\\kazimotoawards\\vendor\\laravel\\framework\\src\\Illuminate\\Foundation\\Http\\Kernel.php(111): Illuminate\\Foundation\\Http\\Kernel->sendRequestThroughRouter(Object(Illuminate\\Http\\Request))
#58 C:\\xampp\\htdocs\\kazimotoawards\\public\\index.php(51): Illuminate\\Foundation\\Http\\Kernel->handle(Object(Illuminate\\Http\\Request))
#59 C:\\xampp\\htdocs\\kazimotoawards\\server.php(21): require_once('C:\\\\xampp\\\\htdocs...')
#60 {main}

[previous exception] [object] (PDOException(code: 42S22): SQLSTATE[42S22]: Column not found: 1054 Unknown column 'year' in 'where clause' at C:\\xampp\\htdocs\\kazimotoawards\\vendor\\laravel\\framework\\src\\Illuminate\\Database\\Connection.php:368)
[stacktrace]
#0 C:\\xampp\\htdocs\\kazimotoawards\\vendor\\laravel\\framework\\src\\Illuminate\\Database\\Connection.php(368): PDO->prepare('select * from `...')
#1 C:\\xampp\\htdocs\\kazimotoawards\\vendor\\laravel\\framework\\src\\Illuminate\\Database\\Connection.php(705): Illuminate\\Database\\Connection->Illuminate\\Database\\{closure}('select * from `...', Array)
#2 C:\\xampp\\htdocs\\kazimotoawards\\vendor\\laravel\\framework\\src\\Illuminate\\Database\\Connection.php(672): Illuminate\\Database\\Connection->runQueryCallback('select * from `...', Array, Object(Closure))
#3 C:\\xampp\\htdocs\\kazimotoawards\\vendor\\laravel\\framework\\src\\Illuminate\\Database\\Connection.php(359): Illuminate\\Database\\Connection->run('select * from `...', Array, Object(Closure))
#4 C:\\xampp\\htdocs\\kazimotoawards\\vendor\\laravel\\framework\\src\\Illuminate\\Database\\Query\\Builder.php(2413): Illuminate\\Database\\Connection->select('select * from `...', Array, true)
#5 C:\\xampp\\htdocs\\kazimotoawards\\vendor\\laravel\\framework\\src\\Illuminate\\Database\\Query\\Builder.php(2402): Illuminate\\Database\\Query\\Builder->runSelect()
#6 C:\\xampp\\htdocs\\kazimotoawards\\vendor\\laravel\\framework\\src\\Illuminate\\Database\\Query\\Builder.php(2936): Illuminate\\Database\\Query\\Builder->Illuminate\\Database\\Query\\{closure}()
#7 C:\\xampp\\htdocs\\kazimotoawards\\vendor\\laravel\\framework\\src\\Illuminate\\Database\\Query\\Builder.php(2401): Illuminate\\Database\\Query\\Builder->onceWithColumns(Array, Object(Closure))
#8 C:\\xampp\\htdocs\\kazimotoawards\\vendor\\laravel\\framework\\src\\Illuminate\\Database\\Eloquent\\Builder.php(625): Illuminate\\Database\\Query\\Builder->get(Array)
#9 C:\\xampp\\htdocs\\kazimotoawards\\vendor\\laravel\\framework\\src\\Illuminate\\Database\\Eloquent\\Builder.php(609): Illuminate\\Database\\Eloquent\\Builder->getModels(Array)
#10 C:\\xampp\\htdocs\\kazimotoawards\\vendor\\laravel\\framework\\src\\Illuminate\\Database\\Concerns\\BuildsQueries.php(294): Illuminate\\Database\\Eloquent\\Builder->get(Array)
#11 C:\\xampp\\htdocs\\kazimotoawards\\vendor\\laravel\\framework\\src\\Illuminate\\Database\\Eloquent\\Builder.php(474): Illuminate\\Database\\Eloquent\\Builder->first()
#12 C:\\xampp\\htdocs\\kazimotoawards\\vendor\\laravel\\framework\\src\\Illuminate\\Database\\Eloquent\\Builder.php(508): Illuminate\\Database\\Eloquent\\Builder->firstOrNew(Array)
#13 C:\\xampp\\htdocs\\kazimotoawards\\vendor\\laravel\\framework\\src\\Illuminate\\Support\\Traits\\ForwardsCalls.php(23): Illuminate\\Database\\Eloquent\\Builder->updateOrCreate(Array)
#14 C:\\xampp\\htdocs\\kazimotoawards\\vendor\\laravel\\framework\\src\\Illuminate\\Database\\Eloquent\\Model.php(2132): Illuminate\\Database\\Eloquent\\Model->forwardCallTo(Object(Illuminate\\Database\\Eloquent\\Builder), 'UpdateOrCreate', Array)
#15 C:\\xampp\\htdocs\\kazimotoawards\\vendor\\laravel\\framework\\src\\Illuminate\\Database\\Eloquent\\Model.php(2144): Illuminate\\Database\\Eloquent\\Model->__call('UpdateOrCreate', Array)
#16 C:\\xampp\\htdocs\\kazimotoawards\\app\\Http\\Controllers\\ContestantController.php(253): Illuminate\\Database\\Eloquent\\Model::__callStatic('UpdateOrCreate', Array)
#17 C:\\xampp\\htdocs\\kazimotoawards\\vendor\\laravel\\framework\\src\\Illuminate\\Routing\\Controller.php(54): App\\Http\\Controllers\\ContestantController->store(Object(Illuminate\\Http\\Request))
#18 C:\\xampp\\htdocs\\kazimotoawards\\vendor\\laravel\\framework\\src\\Illuminate\\Routing\\ControllerDispatcher.php(45): Illuminate\\Routing\\Controller->callAction('store', Array)
#19 C:\\xampp\\htdocs\\kazimotoawards\\vendor\\laravel\\framework\\src\\Illuminate\\Routing\\Route.php(261): Illuminate\\Routing\\ControllerDispatcher->dispatch(Object(Illuminate\\Routing\\Route), Object(App\\Http\\Controllers\\ContestantController), 'store')
#20 C:\\xampp\\htdocs\\kazimotoawards\\vendor\\laravel\\framework\\src\\Illuminate\\Routing\\Route.php(205): Illuminate\\Routing\\Route->runController()
#21 C:\\xampp\\htdocs\\kazimotoawards\\vendor\\laravel\\framework\\src\\Illuminate\\Routing\\Router.php(721): Illuminate\\Routing\\Route->run()
#22 C:\\xampp\\htdocs\\kazimotoawards\\vendor\\laravel\\framework\\src\\Illuminate\\Pipeline\\Pipeline.php(128): Illuminate\\Routing\\Router->Illuminate\\Routing\\{closure}(Object(Illuminate\\Http\\Request))
#23 C:\\xampp\\htdocs\\kazimotoawards\\vendor\\laravel\\framework\\src\\Illuminate\\Routing\\Middleware\\SubstituteBindings.php(50): Illuminate\\Pipeline\\Pipeline->Illuminate\\Pipeline\\{closure}(Object(Illuminate\\Http\\Request))
#24 C:\\xampp\\htdocs\\kazimotoawards\\vendor\\laravel\\framework\\src\\Illuminate\\Pipeline\\Pipeline.php(167): Illuminate\\Routing\\Middleware\\SubstituteBindings->handle(Object(Illuminate\\Http\\Request), Object(Closure))
#25 C:\\xampp\\htdocs\\kazimotoawards\\vendor\\laravel\\framework\\src\\Illuminate\\Foundation\\Http\\Middleware\\VerifyCsrfToken.php(78): Illuminate\\Pipeline\\Pipeline->Illuminate\\Pipeline\\{closure}(Object(Illuminate\\Http\\Request))
#26 C:\\xampp\\htdocs\\kazimotoawards\\vendor\\laravel\\framework\\src\\Illuminate\\Pipeline\\Pipeline.php(167): Illuminate\\Foundation\\Http\\Middleware\\VerifyCsrfToken->handle(Object(Illuminate\\Http\\Request), Object(Closure))
#27 C:\\xampp\\htdocs\\kazimotoawards\\vendor\\laravel\\framework\\src\\Illuminate\\View\\Middleware\\ShareErrorsFromSession.php(49): Illuminate\\Pipeline\\Pipeline->Illuminate\\Pipeline\\{closure}(Object(Illuminate\\Http\\Request))
#28 C:\\xampp\\htdocs\\kazimotoawards\\vendor\\laravel\\framework\\src\\Illuminate\\Pipeline\\Pipeline.php(167): Illuminate\\View\\Middleware\\ShareErrorsFromSession->handle(Object(Illuminate\\Http\\Request), Object(Closure))
#29 C:\\xampp\\htdocs\\kazimotoawards\\vendor\\laravel\\framework\\src\\Illuminate\\Session\\Middleware\\StartSession.php(121): Illuminate\\Pipeline\\Pipeline->Illuminate\\Pipeline\\{closure}(Object(Illuminate\\Http\\Request))
#30 C:\\xampp\\htdocs\\kazimotoawards\\vendor\\laravel\\framework\\src\\Illuminate\\Session\\Middleware\\StartSession.php(64): Illuminate\\Session\\Middleware\\StartSession->handleStatefulRequest(Object(Illuminate\\Http\\Request), Object(Illuminate\\Session\\Store), Object(Closure))
#31 C:\\xampp\\htdocs\\kazimotoawards\\vendor\\laravel\\framework\\src\\Illuminate\\Pipeline\\Pipeline.php(167): Illuminate\\Session\\Middleware\\StartSession->handle(Object(Illuminate\\Http\\Request), Object(Closure))
#32 C:\\xampp\\htdocs\\kazimotoawards\\vendor\\laravel\\framework\\src\\Illuminate\\Cookie\\Middleware\\AddQueuedCookiesToResponse.php(37): Illuminate\\Pipeline\\Pipeline->Illuminate\\Pipeline\\{closure}(Object(Illuminate\\Http\\Request))
#33 C:\\xampp\\htdocs\\kazimotoawards\\vendor\\laravel\\framework\\src\\Illuminate\\Pipeline\\Pipeline.php(167): Illuminate\\Cookie\\Middleware\\AddQueuedCookiesToResponse->handle(Object(Illuminate\\Http\\Request), Object(Closure))
#34 C:\\xampp\\htdocs\\kazimotoawards\\vendor\\laravel\\framework\\src\\Illuminate\\Cookie\\Middleware\\EncryptCookies.php(67): Illuminate\\Pipeline\\Pipeline->Illuminate\\Pipeline\\{closure}(Object(Illuminate\\Http\\Request))
#35 C:\\xampp\\htdocs\\kazimotoawards\\vendor\\laravel\\framework\\src\\Illuminate\\Pipeline\\Pipeline.php(167): Illuminate\\Cookie\\Middleware\\EncryptCookies->handle(Object(Illuminate\\Http\\Request), Object(Closure))
#36 C:\\xampp\\htdocs\\kazimotoawards\\vendor\\laravel\\framework\\src\\Illuminate\\Pipeline\\Pipeline.php(103): Illuminate\\Pipeline\\Pipeline->Illuminate\\Pipeline\\{closure}(Object(Illuminate\\Http\\Request))
#37 C:\\xampp\\htdocs\\kazimotoawards\\vendor\\laravel\\framework\\src\\Illuminate\\Routing\\Router.php(719): Illuminate\\Pipeline\\Pipeline->then(Object(Closure))
#38 C:\\xampp\\htdocs\\kazimotoawards\\vendor\\laravel\\framework\\src\\Illuminate\\Routing\\Router.php(698): Illuminate\\Routing\\Router->runRouteWithinStack(Object(Illuminate\\Routing\\Route), Object(Illuminate\\Http\\Request))
#39 C:\\xampp\\htdocs\\kazimotoawards\\vendor\\laravel\\framework\\src\\Illuminate\\Routing\\Router.php(662): Illuminate\\Routing\\Router->runRoute(Object(Illuminate\\Http\\Request), Object(Illuminate\\Routing\\Route))
#40 C:\\xampp\\htdocs\\kazimotoawards\\vendor\\laravel\\framework\\src\\Illuminate\\Routing\\Router.php(651): Illuminate\\Routing\\Router->dispatchToRoute(Object(Illuminate\\Http\\Request))
#41 C:\\xampp\\htdocs\\kazimotoawards\\vendor\\laravel\\framework\\src\\Illuminate\\Foundation\\Http\\Kernel.php(167): Illuminate\\Routing\\Router->dispatch(Object(Illuminate\\Http\\Request))
#42 C:\\xampp\\htdocs\\kazimotoawards\\vendor\\laravel\\framework\\src\\Illuminate\\Pipeline\\Pipeline.php(128): Illuminate\\Foundation\\Http\\Kernel->Illuminate\\Foundation\\Http\\{closure}(Object(Illuminate\\Http\\Request))
#43 C:\\xampp\\htdocs\\kazimotoawards\\vendor\\laravel\\framework\\src\\Illuminate\\Foundation\\Http\\Middleware\\TransformsRequest.php(21): Illuminate\\Pipeline\\Pipeline->Illuminate\\Pipeline\\{closure}(Object(Illuminate\\Http\\Request))
#44 C:\\xampp\\htdocs\\kazimotoawards\\vendor\\laravel\\framework\\src\\Illuminate\\Foundation\\Http\\Middleware\\ConvertEmptyStringsToNull.php(31): Illuminate\\Foundation\\Http\\Middleware\\TransformsRequest->handle(Object(Illuminate\\Http\\Request), Object(Closure))
#45 C:\\xampp\\htdocs\\kazimotoawards\\vendor\\laravel\\framework\\src\\Illuminate\\Pipeline\\Pipeline.php(167): Illuminate\\Foundation\\Http\\Middleware\\ConvertEmptyStringsToNull->handle(Object(Illuminate\\Http\\Request), Object(Closure))
#46 C:\\xampp\\htdocs\\kazimotoawards\\vendor\\laravel\\framework\\src\\Illuminate\\Foundation\\Http\\Middleware\\TransformsRequest.php(21): Illuminate\\Pipeline\\Pipeline->Illuminate\\Pipeline\\{closure}(Object(Illuminate\\Http\\Request))
#47 C:\\xampp\\htdocs\\kazimotoawards\\vendor\\laravel\\framework\\src\\Illuminate\\Foundation\\Http\\Middleware\\TrimStrings.php(40): Illuminate\\Foundation\\Http\\Middleware\\TransformsRequest->handle(Object(Illuminate\\Http\\Request), Object(Closure))
#48 C:\\xampp\\htdocs\\kazimotoawards\\vendor\\laravel\\framework\\src\\Illuminate\\Pipeline\\Pipeline.php(167): Illuminate\\Foundation\\Http\\Middleware\\TrimStrings->handle(Object(Illuminate\\Http\\Request), Object(Closure))
#49 C:\\xampp\\htdocs\\kazimotoawards\\vendor\\laravel\\framework\\src\\Illuminate\\Foundation\\Http\\Middleware\\ValidatePostSize.php(27): Illuminate\\Pipeline\\Pipeline->Illuminate\\Pipeline\\{closure}(Object(Illuminate\\Http\\Request))
#50 C:\\xampp\\htdocs\\kazimotoawards\\vendor\\laravel\\framework\\src\\Illuminate\\Pipeline\\Pipeline.php(167): Illuminate\\Foundation\\Http\\Middleware\\ValidatePostSize->handle(Object(Illuminate\\Http\\Request), Object(Closure))
#51 C:\\xampp\\htdocs\\kazimotoawards\\vendor\\laravel\\framework\\src\\Illuminate\\Foundation\\Http\\Middleware\\PreventRequestsDuringMaintenance.php(86): Illuminate\\Pipeline\\Pipeline->Illuminate\\Pipeline\\{closure}(Object(Illuminate\\Http\\Request))
#52 C:\\xampp\\htdocs\\kazimotoawards\\vendor\\laravel\\framework\\src\\Illuminate\\Pipeline\\Pipeline.php(167): Illuminate\\Foundation\\Http\\Middleware\\PreventRequestsDuringMaintenance->handle(Object(Illuminate\\Http\\Request), Object(Closure))
#53 C:\\xampp\\htdocs\\kazimotoawards\\vendor\\fruitcake\\laravel-cors\\src\\HandleCors.php(38): Illuminate\\Pipeline\\Pipeline->Illuminate\\Pipeline\\{closure}(Object(Illuminate\\Http\\Request))
#54 C:\\xampp\\htdocs\\kazimotoawards\\vendor\\laravel\\framework\\src\\Illuminate\\Pipeline\\Pipeline.php(167): Fruitcake\\Cors\\HandleCors->handle(Object(Illuminate\\Http\\Request), Object(Closure))
#55 C:\\xampp\\htdocs\\kazimotoawards\\vendor\\fideloper\\proxy\\src\\TrustProxies.php(57): Illuminate\\Pipeline\\Pipeline->Illuminate\\Pipeline\\{closure}(Object(Illuminate\\Http\\Request))
#56 C:\\xampp\\htdocs\\kazimotoawards\\vendor\\laravel\\framework\\src\\Illuminate\\Pipeline\\Pipeline.php(167): Fideloper\\Proxy\\TrustProxies->handle(Object(Illuminate\\Http\\Request), Object(Closure))
#57 C:\\xampp\\htdocs\\kazimotoawards\\vendor\\laravel\\framework\\src\\Illuminate\\Pipeline\\Pipeline.php(103): Illuminate\\Pipeline\\Pipeline->Illuminate\\Pipeline\\{closure}(Object(Illuminate\\Http\\Request))
#58 C:\\xampp\\htdocs\\kazimotoawards\\vendor\\laravel\\framework\\src\\Illuminate\\Foundation\\Http\\Kernel.php(142): Illuminate\\Pipeline\\Pipeline->then(Object(Closure))
#59 C:\\xampp\\htdocs\\kazimotoawards\\vendor\\laravel\\framework\\src\\Illuminate\\Foundation\\Http\\Kernel.php(111): Illuminate\\Foundation\\Http\\Kernel->sendRequestThroughRouter(Object(Illuminate\\Http\\Request))
#60 C:\\xampp\\htdocs\\kazimotoawards\\public\\index.php(51): Illuminate\\Foundation\\Http\\Kernel->handle(Object(Illuminate\\Http\\Request))
#61 C:\\xampp\\htdocs\\kazimotoawards\\server.php(21): require_once('C:\\\\xampp\\\\htdocs...')
#62 {main}
"} 
[2025-08-11 05:15:39] local.ERROR: SQLSTATE[HY000] [2002] No connection could be made because the target machine actively refused it (SQL: select * from `donors` where `status` = Active) {"exception":"[object] (Illuminate\\Database\\QueryException(code: 2002): SQLSTATE[HY000] [2002] No connection could be made because the target machine actively refused it (SQL: select * from `donors` where `status` = Active) at C:\\xampp\\htdocs\\kazimotoawards\\vendor\\laravel\\framework\\src\\Illuminate\\Database\\Connection.php:712)
[stacktrace]
#0 C:\\xampp\\htdocs\\kazimotoawards\\vendor\\laravel\\framework\\src\\Illuminate\\Database\\Connection.php(672): Illuminate\\Database\\Connection->runQueryCallback('select * from `...', Array, Object(Closure))
#1 C:\\xampp\\htdocs\\kazimotoawards\\vendor\\laravel\\framework\\src\\Illuminate\\Database\\Connection.php(359): Illuminate\\Database\\Connection->run('select * from `...', Array, Object(Closure))
#2 C:\\xampp\\htdocs\\kazimotoawards\\vendor\\laravel\\framework\\src\\Illuminate\\Database\\Query\\Builder.php(2413): Illuminate\\Database\\Connection->select('select * from `...', Array, true)
#3 C:\\xampp\\htdocs\\kazimotoawards\\vendor\\laravel\\framework\\src\\Illuminate\\Database\\Query\\Builder.php(2402): Illuminate\\Database\\Query\\Builder->runSelect()
#4 C:\\xampp\\htdocs\\kazimotoawards\\vendor\\laravel\\framework\\src\\Illuminate\\Database\\Query\\Builder.php(2936): Illuminate\\Database\\Query\\Builder->Illuminate\\Database\\Query\\{closure}()
#5 C:\\xampp\\htdocs\\kazimotoawards\\vendor\\laravel\\framework\\src\\Illuminate\\Database\\Query\\Builder.php(2401): Illuminate\\Database\\Query\\Builder->onceWithColumns(Array, Object(Closure))
#6 C:\\xampp\\htdocs\\kazimotoawards\\vendor\\laravel\\framework\\src\\Illuminate\\Database\\Eloquent\\Builder.php(625): Illuminate\\Database\\Query\\Builder->get(Array)
#7 C:\\xampp\\htdocs\\kazimotoawards\\vendor\\laravel\\framework\\src\\Illuminate\\Database\\Eloquent\\Builder.php(609): Illuminate\\Database\\Eloquent\\Builder->getModels(Array)
#8 C:\\xampp\\htdocs\\kazimotoawards\\app\\Http\\Controllers\\websiteController.php(32): Illuminate\\Database\\Eloquent\\Builder->get()
#9 C:\\xampp\\htdocs\\kazimotoawards\\vendor\\laravel\\framework\\src\\Illuminate\\Routing\\Controller.php(54): App\\Http\\Controllers\\WebsiteController->index()
#10 C:\\xampp\\htdocs\\kazimotoawards\\vendor\\laravel\\framework\\src\\Illuminate\\Routing\\ControllerDispatcher.php(45): Illuminate\\Routing\\Controller->callAction('index', Array)
#11 C:\\xampp\\htdocs\\kazimotoawards\\vendor\\laravel\\framework\\src\\Illuminate\\Routing\\Route.php(261): Illuminate\\Routing\\ControllerDispatcher->dispatch(Object(Illuminate\\Routing\\Route), Object(App\\Http\\Controllers\\WebsiteController), 'index')
#12 C:\\xampp\\htdocs\\kazimotoawards\\vendor\\laravel\\framework\\src\\Illuminate\\Routing\\Route.php(205): Illuminate\\Routing\\Route->runController()
#13 C:\\xampp\\htdocs\\kazimotoawards\\vendor\\laravel\\framework\\src\\Illuminate\\Routing\\Router.php(721): Illuminate\\Routing\\Route->run()
#14 C:\\xampp\\htdocs\\kazimotoawards\\vendor\\laravel\\framework\\src\\Illuminate\\Pipeline\\Pipeline.php(128): Illuminate\\Routing\\Router->Illuminate\\Routing\\{closure}(Object(Illuminate\\Http\\Request))
#15 C:\\xampp\\htdocs\\kazimotoawards\\vendor\\laravel\\framework\\src\\Illuminate\\Routing\\Middleware\\SubstituteBindings.php(50): Illuminate\\Pipeline\\Pipeline->Illuminate\\Pipeline\\{closure}(Object(Illuminate\\Http\\Request))
#16 C:\\xampp\\htdocs\\kazimotoawards\\vendor\\laravel\\framework\\src\\Illuminate\\Pipeline\\Pipeline.php(167): Illuminate\\Routing\\Middleware\\SubstituteBindings->handle(Object(Illuminate\\Http\\Request), Object(Closure))
#17 C:\\xampp\\htdocs\\kazimotoawards\\vendor\\laravel\\framework\\src\\Illuminate\\Foundation\\Http\\Middleware\\VerifyCsrfToken.php(78): Illuminate\\Pipeline\\Pipeline->Illuminate\\Pipeline\\{closure}(Object(Illuminate\\Http\\Request))
#18 C:\\xampp\\htdocs\\kazimotoawards\\vendor\\laravel\\framework\\src\\Illuminate\\Pipeline\\Pipeline.php(167): Illuminate\\Foundation\\Http\\Middleware\\VerifyCsrfToken->handle(Object(Illuminate\\Http\\Request), Object(Closure))
#19 C:\\xampp\\htdocs\\kazimotoawards\\vendor\\laravel\\framework\\src\\Illuminate\\View\\Middleware\\ShareErrorsFromSession.php(49): Illuminate\\Pipeline\\Pipeline->Illuminate\\Pipeline\\{closure}(Object(Illuminate\\Http\\Request))
#20 C:\\xampp\\htdocs\\kazimotoawards\\vendor\\laravel\\framework\\src\\Illuminate\\Pipeline\\Pipeline.php(167): Illuminate\\View\\Middleware\\ShareErrorsFromSession->handle(Object(Illuminate\\Http\\Request), Object(Closure))
#21 C:\\xampp\\htdocs\\kazimotoawards\\vendor\\laravel\\framework\\src\\Illuminate\\Session\\Middleware\\StartSession.php(121): Illuminate\\Pipeline\\Pipeline->Illuminate\\Pipeline\\{closure}(Object(Illuminate\\Http\\Request))
#22 C:\\xampp\\htdocs\\kazimotoawards\\vendor\\laravel\\framework\\src\\Illuminate\\Session\\Middleware\\StartSession.php(64): Illuminate\\Session\\Middleware\\StartSession->handleStatefulRequest(Object(Illuminate\\Http\\Request), Object(Illuminate\\Session\\Store), Object(Closure))
#23 C:\\xampp\\htdocs\\kazimotoawards\\vendor\\laravel\\framework\\src\\Illuminate\\Pipeline\\Pipeline.php(167): Illuminate\\Session\\Middleware\\StartSession->handle(Object(Illuminate\\Http\\Request), Object(Closure))
#24 C:\\xampp\\htdocs\\kazimotoawards\\vendor\\laravel\\framework\\src\\Illuminate\\Cookie\\Middleware\\AddQueuedCookiesToResponse.php(37): Illuminate\\Pipeline\\Pipeline->Illuminate\\Pipeline\\{closure}(Object(Illuminate\\Http\\Request))
#25 C:\\xampp\\htdocs\\kazimotoawards\\vendor\\laravel\\framework\\src\\Illuminate\\Pipeline\\Pipeline.php(167): Illuminate\\Cookie\\Middleware\\AddQueuedCookiesToResponse->handle(Object(Illuminate\\Http\\Request), Object(Closure))
#26 C:\\xampp\\htdocs\\kazimotoawards\\vendor\\laravel\\framework\\src\\Illuminate\\Cookie\\Middleware\\EncryptCookies.php(67): Illuminate\\Pipeline\\Pipeline->Illuminate\\Pipeline\\{closure}(Object(Illuminate\\Http\\Request))
#27 C:\\xampp\\htdocs\\kazimotoawards\\vendor\\laravel\\framework\\src\\Illuminate\\Pipeline\\Pipeline.php(167): Illuminate\\Cookie\\Middleware\\EncryptCookies->handle(Object(Illuminate\\Http\\Request), Object(Closure))
#28 C:\\xampp\\htdocs\\kazimotoawards\\vendor\\laravel\\framework\\src\\Illuminate\\Pipeline\\Pipeline.php(103): Illuminate\\Pipeline\\Pipeline->Illuminate\\Pipeline\\{closure}(Object(Illuminate\\Http\\Request))
#29 C:\\xampp\\htdocs\\kazimotoawards\\vendor\\laravel\\framework\\src\\Illuminate\\Routing\\Router.php(719): Illuminate\\Pipeline\\Pipeline->then(Object(Closure))
#30 C:\\xampp\\htdocs\\kazimotoawards\\vendor\\laravel\\framework\\src\\Illuminate\\Routing\\Router.php(698): Illuminate\\Routing\\Router->runRouteWithinStack(Object(Illuminate\\Routing\\Route), Object(Illuminate\\Http\\Request))
#31 C:\\xampp\\htdocs\\kazimotoawards\\vendor\\laravel\\framework\\src\\Illuminate\\Routing\\Router.php(662): Illuminate\\Routing\\Router->runRoute(Object(Illuminate\\Http\\Request), Object(Illuminate\\Routing\\Route))
#32 C:\\xampp\\htdocs\\kazimotoawards\\vendor\\laravel\\framework\\src\\Illuminate\\Routing\\Router.php(651): Illuminate\\Routing\\Router->dispatchToRoute(Object(Illuminate\\Http\\Request))
#33 C:\\xampp\\htdocs\\kazimotoawards\\vendor\\laravel\\framework\\src\\Illuminate\\Foundation\\Http\\Kernel.php(167): Illuminate\\Routing\\Router->dispatch(Object(Illuminate\\Http\\Request))
#34 C:\\xampp\\htdocs\\kazimotoawards\\vendor\\laravel\\framework\\src\\Illuminate\\Pipeline\\Pipeline.php(128): Illuminate\\Foundation\\Http\\Kernel->Illuminate\\Foundation\\Http\\{closure}(Object(Illuminate\\Http\\Request))
#35 C:\\xampp\\htdocs\\kazimotoawards\\vendor\\laravel\\framework\\src\\Illuminate\\Foundation\\Http\\Middleware\\TransformsRequest.php(21): Illuminate\\Pipeline\\Pipeline->Illuminate\\Pipeline\\{closure}(Object(Illuminate\\Http\\Request))
#36 C:\\xampp\\htdocs\\kazimotoawards\\vendor\\laravel\\framework\\src\\Illuminate\\Foundation\\Http\\Middleware\\ConvertEmptyStringsToNull.php(31): Illuminate\\Foundation\\Http\\Middleware\\TransformsRequest->handle(Object(Illuminate\\Http\\Request), Object(Closure))
#37 C:\\xampp\\htdocs\\kazimotoawards\\vendor\\laravel\\framework\\src\\Illuminate\\Pipeline\\Pipeline.php(167): Illuminate\\Foundation\\Http\\Middleware\\ConvertEmptyStringsToNull->handle(Object(Illuminate\\Http\\Request), Object(Closure))
#38 C:\\xampp\\htdocs\\kazimotoawards\\vendor\\laravel\\framework\\src\\Illuminate\\Foundation\\Http\\Middleware\\TransformsRequest.php(21): Illuminate\\Pipeline\\Pipeline->Illuminate\\Pipeline\\{closure}(Object(Illuminate\\Http\\Request))
#39 C:\\xampp\\htdocs\\kazimotoawards\\vendor\\laravel\\framework\\src\\Illuminate\\Foundation\\Http\\Middleware\\TrimStrings.php(40): Illuminate\\Foundation\\Http\\Middleware\\TransformsRequest->handle(Object(Illuminate\\Http\\Request), Object(Closure))
#40 C:\\xampp\\htdocs\\kazimotoawards\\vendor\\laravel\\framework\\src\\Illuminate\\Pipeline\\Pipeline.php(167): Illuminate\\Foundation\\Http\\Middleware\\TrimStrings->handle(Object(Illuminate\\Http\\Request), Object(Closure))
#41 C:\\xampp\\htdocs\\kazimotoawards\\vendor\\laravel\\framework\\src\\Illuminate\\Foundation\\Http\\Middleware\\ValidatePostSize.php(27): Illuminate\\Pipeline\\Pipeline->Illuminate\\Pipeline\\{closure}(Object(Illuminate\\Http\\Request))
#42 C:\\xampp\\htdocs\\kazimotoawards\\vendor\\laravel\\framework\\src\\Illuminate\\Pipeline\\Pipeline.php(167): Illuminate\\Foundation\\Http\\Middleware\\ValidatePostSize->handle(Object(Illuminate\\Http\\Request), Object(Closure))
#43 C:\\xampp\\htdocs\\kazimotoawards\\vendor\\laravel\\framework\\src\\Illuminate\\Foundation\\Http\\Middleware\\PreventRequestsDuringMaintenance.php(86): Illuminate\\Pipeline\\Pipeline->Illuminate\\Pipeline\\{closure}(Object(Illuminate\\Http\\Request))
#44 C:\\xampp\\htdocs\\kazimotoawards\\vendor\\laravel\\framework\\src\\Illuminate\\Pipeline\\Pipeline.php(167): Illuminate\\Foundation\\Http\\Middleware\\PreventRequestsDuringMaintenance->handle(Object(Illuminate\\Http\\Request), Object(Closure))
#45 C:\\xampp\\htdocs\\kazimotoawards\\vendor\\fruitcake\\laravel-cors\\src\\HandleCors.php(38): Illuminate\\Pipeline\\Pipeline->Illuminate\\Pipeline\\{closure}(Object(Illuminate\\Http\\Request))
#46 C:\\xampp\\htdocs\\kazimotoawards\\vendor\\laravel\\framework\\src\\Illuminate\\Pipeline\\Pipeline.php(167): Fruitcake\\Cors\\HandleCors->handle(Object(Illuminate\\Http\\Request), Object(Closure))
#47 C:\\xampp\\htdocs\\kazimotoawards\\vendor\\fideloper\\proxy\\src\\TrustProxies.php(57): Illuminate\\Pipeline\\Pipeline->Illuminate\\Pipeline\\{closure}(Object(Illuminate\\Http\\Request))
#48 C:\\xampp\\htdocs\\kazimotoawards\\vendor\\laravel\\framework\\src\\Illuminate\\Pipeline\\Pipeline.php(167): Fideloper\\Proxy\\TrustProxies->handle(Object(Illuminate\\Http\\Request), Object(Closure))
#49 C:\\xampp\\htdocs\\kazimotoawards\\vendor\\laravel\\framework\\src\\Illuminate\\Pipeline\\Pipeline.php(103): Illuminate\\Pipeline\\Pipeline->Illuminate\\Pipeline\\{closure}(Object(Illuminate\\Http\\Request))
#50 C:\\xampp\\htdocs\\kazimotoawards\\vendor\\laravel\\framework\\src\\Illuminate\\Foundation\\Http\\Kernel.php(142): Illuminate\\Pipeline\\Pipeline->then(Object(Closure))
#51 C:\\xampp\\htdocs\\kazimotoawards\\vendor\\laravel\\framework\\src\\Illuminate\\Foundation\\Http\\Kernel.php(111): Illuminate\\Foundation\\Http\\Kernel->sendRequestThroughRouter(Object(Illuminate\\Http\\Request))
#52 C:\\xampp\\htdocs\\kazimotoawards\\public\\index.php(51): Illuminate\\Foundation\\Http\\Kernel->handle(Object(Illuminate\\Http\\Request))
#53 C:\\xampp\\htdocs\\kazimotoawards\\server.php(21): require_once('C:\\\\xampp\\\\htdocs...')
#54 {main}

[previous exception] [object] (PDOException(code: 2002): SQLSTATE[HY000] [2002] No connection could be made because the target machine actively refused it at C:\\xampp\\htdocs\\kazimotoawards\\vendor\\laravel\\framework\\src\\Illuminate\\Database\\Connectors\\Connector.php:70)
[stacktrace]
#0 C:\\xampp\\htdocs\\kazimotoawards\\vendor\\laravel\\framework\\src\\Illuminate\\Database\\Connectors\\Connector.php(70): PDO->__construct('mysql:host=127....', 'root', Object(SensitiveParameterValue), Array)
#1 C:\\xampp\\htdocs\\kazimotoawards\\vendor\\laravel\\framework\\src\\Illuminate\\Database\\Connectors\\Connector.php(45): Illuminate\\Database\\Connectors\\Connector->createPdoConnection('mysql:host=127....', 'root', '', Array)
#2 C:\\xampp\\htdocs\\kazimotoawards\\vendor\\laravel\\framework\\src\\Illuminate\\Database\\Connectors\\MySqlConnector.php(24): Illuminate\\Database\\Connectors\\Connector->createConnection('mysql:host=127....', Array, Array)
#3 C:\\xampp\\htdocs\\kazimotoawards\\vendor\\laravel\\framework\\src\\Illuminate\\Database\\Connectors\\ConnectionFactory.php(184): Illuminate\\Database\\Connectors\\MySqlConnector->connect(Array)
#4 [internal function]: Illuminate\\Database\\Connectors\\ConnectionFactory->Illuminate\\Database\\Connectors\\{closure}()
#5 C:\\xampp\\htdocs\\kazimotoawards\\vendor\\laravel\\framework\\src\\Illuminate\\Database\\Connection.php(1064): call_user_func(Object(Closure))
#6 C:\\xampp\\htdocs\\kazimotoawards\\vendor\\laravel\\framework\\src\\Illuminate\\Database\\Connection.php(1100): Illuminate\\Database\\Connection->getPdo()
#7 C:\\xampp\\htdocs\\kazimotoawards\\vendor\\laravel\\framework\\src\\Illuminate\\Database\\Connection.php(442): Illuminate\\Database\\Connection->getReadPdo()
#8 C:\\xampp\\htdocs\\kazimotoawards\\vendor\\laravel\\framework\\src\\Illuminate\\Database\\Connection.php(368): Illuminate\\Database\\Connection->getPdoForSelect(true)
#9 C:\\xampp\\htdocs\\kazimotoawards\\vendor\\laravel\\framework\\src\\Illuminate\\Database\\Connection.php(705): Illuminate\\Database\\Connection->Illuminate\\Database\\{closure}('select * from `...', Array)
#10 C:\\xampp\\htdocs\\kazimotoawards\\vendor\\laravel\\framework\\src\\Illuminate\\Database\\Connection.php(672): Illuminate\\Database\\Connection->runQueryCallback('select * from `...', Array, Object(Closure))
#11 C:\\xampp\\htdocs\\kazimotoawards\\vendor\\laravel\\framework\\src\\Illuminate\\Database\\Connection.php(359): Illuminate\\Database\\Connection->run('select * from `...', Array, Object(Closure))
#12 C:\\xampp\\htdocs\\kazimotoawards\\vendor\\laravel\\framework\\src\\Illuminate\\Database\\Query\\Builder.php(2413): Illuminate\\Database\\Connection->select('select * from `...', Array, true)
#13 C:\\xampp\\htdocs\\kazimotoawards\\vendor\\laravel\\framework\\src\\Illuminate\\Database\\Query\\Builder.php(2402): Illuminate\\Database\\Query\\Builder->runSelect()
#14 C:\\xampp\\htdocs\\kazimotoawards\\vendor\\laravel\\framework\\src\\Illuminate\\Database\\Query\\Builder.php(2936): Illuminate\\Database\\Query\\Builder->Illuminate\\Database\\Query\\{closure}()
#15 C:\\xampp\\htdocs\\kazimotoawards\\vendor\\laravel\\framework\\src\\Illuminate\\Database\\Query\\Builder.php(2401): Illuminate\\Database\\Query\\Builder->onceWithColumns(Array, Object(Closure))
#16 C:\\xampp\\htdocs\\kazimotoawards\\vendor\\laravel\\framework\\src\\Illuminate\\Database\\Eloquent\\Builder.php(625): Illuminate\\Database\\Query\\Builder->get(Array)
#17 C:\\xampp\\htdocs\\kazimotoawards\\vendor\\laravel\\framework\\src\\Illuminate\\Database\\Eloquent\\Builder.php(609): Illuminate\\Database\\Eloquent\\Builder->getModels(Array)
#18 C:\\xampp\\htdocs\\kazimotoawards\\app\\Http\\Controllers\\websiteController.php(32): Illuminate\\Database\\Eloquent\\Builder->get()
#19 C:\\xampp\\htdocs\\kazimotoawards\\vendor\\laravel\\framework\\src\\Illuminate\\Routing\\Controller.php(54): App\\Http\\Controllers\\WebsiteController->index()
#20 C:\\xampp\\htdocs\\kazimotoawards\\vendor\\laravel\\framework\\src\\Illuminate\\Routing\\ControllerDispatcher.php(45): Illuminate\\Routing\\Controller->callAction('index', Array)
#21 C:\\xampp\\htdocs\\kazimotoawards\\vendor\\laravel\\framework\\src\\Illuminate\\Routing\\Route.php(261): Illuminate\\Routing\\ControllerDispatcher->dispatch(Object(Illuminate\\Routing\\Route), Object(App\\Http\\Controllers\\WebsiteController), 'index')
#22 C:\\xampp\\htdocs\\kazimotoawards\\vendor\\laravel\\framework\\src\\Illuminate\\Routing\\Route.php(205): Illuminate\\Routing\\Route->runController()
#23 C:\\xampp\\htdocs\\kazimotoawards\\vendor\\laravel\\framework\\src\\Illuminate\\Routing\\Router.php(721): Illuminate\\Routing\\Route->run()
#24 C:\\xampp\\htdocs\\kazimotoawards\\vendor\\laravel\\framework\\src\\Illuminate\\Pipeline\\Pipeline.php(128): Illuminate\\Routing\\Router->Illuminate\\Routing\\{closure}(Object(Illuminate\\Http\\Request))
#25 C:\\xampp\\htdocs\\kazimotoawards\\vendor\\laravel\\framework\\src\\Illuminate\\Routing\\Middleware\\SubstituteBindings.php(50): Illuminate\\Pipeline\\Pipeline->Illuminate\\Pipeline\\{closure}(Object(Illuminate\\Http\\Request))
#26 C:\\xampp\\htdocs\\kazimotoawards\\vendor\\laravel\\framework\\src\\Illuminate\\Pipeline\\Pipeline.php(167): Illuminate\\Routing\\Middleware\\SubstituteBindings->handle(Object(Illuminate\\Http\\Request), Object(Closure))
#27 C:\\xampp\\htdocs\\kazimotoawards\\vendor\\laravel\\framework\\src\\Illuminate\\Foundation\\Http\\Middleware\\VerifyCsrfToken.php(78): Illuminate\\Pipeline\\Pipeline->Illuminate\\Pipeline\\{closure}(Object(Illuminate\\Http\\Request))
#28 C:\\xampp\\htdocs\\kazimotoawards\\vendor\\laravel\\framework\\src\\Illuminate\\Pipeline\\Pipeline.php(167): Illuminate\\Foundation\\Http\\Middleware\\VerifyCsrfToken->handle(Object(Illuminate\\Http\\Request), Object(Closure))
#29 C:\\xampp\\htdocs\\kazimotoawards\\vendor\\laravel\\framework\\src\\Illuminate\\View\\Middleware\\ShareErrorsFromSession.php(49): Illuminate\\Pipeline\\Pipeline->Illuminate\\Pipeline\\{closure}(Object(Illuminate\\Http\\Request))
#30 C:\\xampp\\htdocs\\kazimotoawards\\vendor\\laravel\\framework\\src\\Illuminate\\Pipeline\\Pipeline.php(167): Illuminate\\View\\Middleware\\ShareErrorsFromSession->handle(Object(Illuminate\\Http\\Request), Object(Closure))
#31 C:\\xampp\\htdocs\\kazimotoawards\\vendor\\laravel\\framework\\src\\Illuminate\\Session\\Middleware\\StartSession.php(121): Illuminate\\Pipeline\\Pipeline->Illuminate\\Pipeline\\{closure}(Object(Illuminate\\Http\\Request))
#32 C:\\xampp\\htdocs\\kazimotoawards\\vendor\\laravel\\framework\\src\\Illuminate\\Session\\Middleware\\StartSession.php(64): Illuminate\\Session\\Middleware\\StartSession->handleStatefulRequest(Object(Illuminate\\Http\\Request), Object(Illuminate\\Session\\Store), Object(Closure))
#33 C:\\xampp\\htdocs\\kazimotoawards\\vendor\\laravel\\framework\\src\\Illuminate\\Pipeline\\Pipeline.php(167): Illuminate\\Session\\Middleware\\StartSession->handle(Object(Illuminate\\Http\\Request), Object(Closure))
#34 C:\\xampp\\htdocs\\kazimotoawards\\vendor\\laravel\\framework\\src\\Illuminate\\Cookie\\Middleware\\AddQueuedCookiesToResponse.php(37): Illuminate\\Pipeline\\Pipeline->Illuminate\\Pipeline\\{closure}(Object(Illuminate\\Http\\Request))
#35 C:\\xampp\\htdocs\\kazimotoawards\\vendor\\laravel\\framework\\src\\Illuminate\\Pipeline\\Pipeline.php(167): Illuminate\\Cookie\\Middleware\\AddQueuedCookiesToResponse->handle(Object(Illuminate\\Http\\Request), Object(Closure))
#36 C:\\xampp\\htdocs\\kazimotoawards\\vendor\\laravel\\framework\\src\\Illuminate\\Cookie\\Middleware\\EncryptCookies.php(67): Illuminate\\Pipeline\\Pipeline->Illuminate\\Pipeline\\{closure}(Object(Illuminate\\Http\\Request))
#37 C:\\xampp\\htdocs\\kazimotoawards\\vendor\\laravel\\framework\\src\\Illuminate\\Pipeline\\Pipeline.php(167): Illuminate\\Cookie\\Middleware\\EncryptCookies->handle(Object(Illuminate\\Http\\Request), Object(Closure))
#38 C:\\xampp\\htdocs\\kazimotoawards\\vendor\\laravel\\framework\\src\\Illuminate\\Pipeline\\Pipeline.php(103): Illuminate\\Pipeline\\Pipeline->Illuminate\\Pipeline\\{closure}(Object(Illuminate\\Http\\Request))
#39 C:\\xampp\\htdocs\\kazimotoawards\\vendor\\laravel\\framework\\src\\Illuminate\\Routing\\Router.php(719): Illuminate\\Pipeline\\Pipeline->then(Object(Closure))
#40 C:\\xampp\\htdocs\\kazimotoawards\\vendor\\laravel\\framework\\src\\Illuminate\\Routing\\Router.php(698): Illuminate\\Routing\\Router->runRouteWithinStack(Object(Illuminate\\Routing\\Route), Object(Illuminate\\Http\\Request))
#41 C:\\xampp\\htdocs\\kazimotoawards\\vendor\\laravel\\framework\\src\\Illuminate\\Routing\\Router.php(662): Illuminate\\Routing\\Router->runRoute(Object(Illuminate\\Http\\Request), Object(Illuminate\\Routing\\Route))
#42 C:\\xampp\\htdocs\\kazimotoawards\\vendor\\laravel\\framework\\src\\Illuminate\\Routing\\Router.php(651): Illuminate\\Routing\\Router->dispatchToRoute(Object(Illuminate\\Http\\Request))
#43 C:\\xampp\\htdocs\\kazimotoawards\\vendor\\laravel\\framework\\src\\Illuminate\\Foundation\\Http\\Kernel.php(167): Illuminate\\Routing\\Router->dispatch(Object(Illuminate\\Http\\Request))
#44 C:\\xampp\\htdocs\\kazimotoawards\\vendor\\laravel\\framework\\src\\Illuminate\\Pipeline\\Pipeline.php(128): Illuminate\\Foundation\\Http\\Kernel->Illuminate\\Foundation\\Http\\{closure}(Object(Illuminate\\Http\\Request))
#45 C:\\xampp\\htdocs\\kazimotoawards\\vendor\\laravel\\framework\\src\\Illuminate\\Foundation\\Http\\Middleware\\TransformsRequest.php(21): Illuminate\\Pipeline\\Pipeline->Illuminate\\Pipeline\\{closure}(Object(Illuminate\\Http\\Request))
#46 C:\\xampp\\htdocs\\kazimotoawards\\vendor\\laravel\\framework\\src\\Illuminate\\Foundation\\Http\\Middleware\\ConvertEmptyStringsToNull.php(31): Illuminate\\Foundation\\Http\\Middleware\\TransformsRequest->handle(Object(Illuminate\\Http\\Request), Object(Closure))
#47 C:\\xampp\\htdocs\\kazimotoawards\\vendor\\laravel\\framework\\src\\Illuminate\\Pipeline\\Pipeline.php(167): Illuminate\\Foundation\\Http\\Middleware\\ConvertEmptyStringsToNull->handle(Object(Illuminate\\Http\\Request), Object(Closure))
#48 C:\\xampp\\htdocs\\kazimotoawards\\vendor\\laravel\\framework\\src\\Illuminate\\Foundation\\Http\\Middleware\\TransformsRequest.php(21): Illuminate\\Pipeline\\Pipeline->Illuminate\\Pipeline\\{closure}(Object(Illuminate\\Http\\Request))
#49 C:\\xampp\\htdocs\\kazimotoawards\\vendor\\laravel\\framework\\src\\Illuminate\\Foundation\\Http\\Middleware\\TrimStrings.php(40): Illuminate\\Foundation\\Http\\Middleware\\TransformsRequest->handle(Object(Illuminate\\Http\\Request), Object(Closure))
#50 C:\\xampp\\htdocs\\kazimotoawards\\vendor\\laravel\\framework\\src\\Illuminate\\Pipeline\\Pipeline.php(167): Illuminate\\Foundation\\Http\\Middleware\\TrimStrings->handle(Object(Illuminate\\Http\\Request), Object(Closure))
#51 C:\\xampp\\htdocs\\kazimotoawards\\vendor\\laravel\\framework\\src\\Illuminate\\Foundation\\Http\\Middleware\\ValidatePostSize.php(27): Illuminate\\Pipeline\\Pipeline->Illuminate\\Pipeline\\{closure}(Object(Illuminate\\Http\\Request))
#52 C:\\xampp\\htdocs\\kazimotoawards\\vendor\\laravel\\framework\\src\\Illuminate\\Pipeline\\Pipeline.php(167): Illuminate\\Foundation\\Http\\Middleware\\ValidatePostSize->handle(Object(Illuminate\\Http\\Request), Object(Closure))
#53 C:\\xampp\\htdocs\\kazimotoawards\\vendor\\laravel\\framework\\src\\Illuminate\\Foundation\\Http\\Middleware\\PreventRequestsDuringMaintenance.php(86): Illuminate\\Pipeline\\Pipeline->Illuminate\\Pipeline\\{closure}(Object(Illuminate\\Http\\Request))
#54 C:\\xampp\\htdocs\\kazimotoawards\\vendor\\laravel\\framework\\src\\Illuminate\\Pipeline\\Pipeline.php(167): Illuminate\\Foundation\\Http\\Middleware\\PreventRequestsDuringMaintenance->handle(Object(Illuminate\\Http\\Request), Object(Closure))
#55 C:\\xampp\\htdocs\\kazimotoawards\\vendor\\fruitcake\\laravel-cors\\src\\HandleCors.php(38): Illuminate\\Pipeline\\Pipeline->Illuminate\\Pipeline\\{closure}(Object(Illuminate\\Http\\Request))
#56 C:\\xampp\\htdocs\\kazimotoawards\\vendor\\laravel\\framework\\src\\Illuminate\\Pipeline\\Pipeline.php(167): Fruitcake\\Cors\\HandleCors->handle(Object(Illuminate\\Http\\Request), Object(Closure))
#57 C:\\xampp\\htdocs\\kazimotoawards\\vendor\\fideloper\\proxy\\src\\TrustProxies.php(57): Illuminate\\Pipeline\\Pipeline->Illuminate\\Pipeline\\{closure}(Object(Illuminate\\Http\\Request))
#58 C:\\xampp\\htdocs\\kazimotoawards\\vendor\\laravel\\framework\\src\\Illuminate\\Pipeline\\Pipeline.php(167): Fideloper\\Proxy\\TrustProxies->handle(Object(Illuminate\\Http\\Request), Object(Closure))
#59 C:\\xampp\\htdocs\\kazimotoawards\\vendor\\laravel\\framework\\src\\Illuminate\\Pipeline\\Pipeline.php(103): Illuminate\\Pipeline\\Pipeline->Illuminate\\Pipeline\\{closure}(Object(Illuminate\\Http\\Request))
#60 C:\\xampp\\htdocs\\kazimotoawards\\vendor\\laravel\\framework\\src\\Illuminate\\Foundation\\Http\\Kernel.php(142): Illuminate\\Pipeline\\Pipeline->then(Object(Closure))
#61 C:\\xampp\\htdocs\\kazimotoawards\\vendor\\laravel\\framework\\src\\Illuminate\\Foundation\\Http\\Kernel.php(111): Illuminate\\Foundation\\Http\\Kernel->sendRequestThroughRouter(Object(Illuminate\\Http\\Request))
#62 C:\\xampp\\htdocs\\kazimotoawards\\public\\index.php(51): Illuminate\\Foundation\\Http\\Kernel->handle(Object(Illuminate\\Http\\Request))
#63 C:\\xampp\\htdocs\\kazimotoawards\\server.php(21): require_once('C:\\\\xampp\\\\htdocs...')
#64 {main}
"} 
[2025-08-11 05:15:42] local.ERROR: SQLSTATE[HY000] [2002] No connection could be made because the target machine actively refused it (SQL: select * from `donors` where `status` = Active) {"exception":"[object] (Illuminate\\Database\\QueryException(code: 2002): SQLSTATE[HY000] [2002] No connection could be made because the target machine actively refused it (SQL: select * from `donors` where `status` = Active) at C:\\xampp\\htdocs\\kazimotoawards\\vendor\\laravel\\framework\\src\\Illuminate\\Database\\Connection.php:712)
[stacktrace]
#0 C:\\xampp\\htdocs\\kazimotoawards\\vendor\\laravel\\framework\\src\\Illuminate\\Database\\Connection.php(672): Illuminate\\Database\\Connection->runQueryCallback('select * from `...', Array, Object(Closure))
#1 C:\\xampp\\htdocs\\kazimotoawards\\vendor\\laravel\\framework\\src\\Illuminate\\Database\\Connection.php(359): Illuminate\\Database\\Connection->run('select * from `...', Array, Object(Closure))
#2 C:\\xampp\\htdocs\\kazimotoawards\\vendor\\laravel\\framework\\src\\Illuminate\\Database\\Query\\Builder.php(2413): Illuminate\\Database\\Connection->select('select * from `...', Array, true)
#3 C:\\xampp\\htdocs\\kazimotoawards\\vendor\\laravel\\framework\\src\\Illuminate\\Database\\Query\\Builder.php(2402): Illuminate\\Database\\Query\\Builder->runSelect()
#4 C:\\xampp\\htdocs\\kazimotoawards\\vendor\\laravel\\framework\\src\\Illuminate\\Database\\Query\\Builder.php(2936): Illuminate\\Database\\Query\\Builder->Illuminate\\Database\\Query\\{closure}()
#5 C:\\xampp\\htdocs\\kazimotoawards\\vendor\\laravel\\framework\\src\\Illuminate\\Database\\Query\\Builder.php(2401): Illuminate\\Database\\Query\\Builder->onceWithColumns(Array, Object(Closure))
#6 C:\\xampp\\htdocs\\kazimotoawards\\vendor\\laravel\\framework\\src\\Illuminate\\Database\\Eloquent\\Builder.php(625): Illuminate\\Database\\Query\\Builder->get(Array)
#7 C:\\xampp\\htdocs\\kazimotoawards\\vendor\\laravel\\framework\\src\\Illuminate\\Database\\Eloquent\\Builder.php(609): Illuminate\\Database\\Eloquent\\Builder->getModels(Array)
#8 C:\\xampp\\htdocs\\kazimotoawards\\app\\Http\\Controllers\\websiteController.php(32): Illuminate\\Database\\Eloquent\\Builder->get()
#9 C:\\xampp\\htdocs\\kazimotoawards\\vendor\\laravel\\framework\\src\\Illuminate\\Routing\\Controller.php(54): App\\Http\\Controllers\\WebsiteController->index()
#10 C:\\xampp\\htdocs\\kazimotoawards\\vendor\\laravel\\framework\\src\\Illuminate\\Routing\\ControllerDispatcher.php(45): Illuminate\\Routing\\Controller->callAction('index', Array)
#11 C:\\xampp\\htdocs\\kazimotoawards\\vendor\\laravel\\framework\\src\\Illuminate\\Routing\\Route.php(261): Illuminate\\Routing\\ControllerDispatcher->dispatch(Object(Illuminate\\Routing\\Route), Object(App\\Http\\Controllers\\WebsiteController), 'index')
#12 C:\\xampp\\htdocs\\kazimotoawards\\vendor\\laravel\\framework\\src\\Illuminate\\Routing\\Route.php(205): Illuminate\\Routing\\Route->runController()
#13 C:\\xampp\\htdocs\\kazimotoawards\\vendor\\laravel\\framework\\src\\Illuminate\\Routing\\Router.php(721): Illuminate\\Routing\\Route->run()
#14 C:\\xampp\\htdocs\\kazimotoawards\\vendor\\laravel\\framework\\src\\Illuminate\\Pipeline\\Pipeline.php(128): Illuminate\\Routing\\Router->Illuminate\\Routing\\{closure}(Object(Illuminate\\Http\\Request))
#15 C:\\xampp\\htdocs\\kazimotoawards\\vendor\\laravel\\framework\\src\\Illuminate\\Routing\\Middleware\\SubstituteBindings.php(50): Illuminate\\Pipeline\\Pipeline->Illuminate\\Pipeline\\{closure}(Object(Illuminate\\Http\\Request))
#16 C:\\xampp\\htdocs\\kazimotoawards\\vendor\\laravel\\framework\\src\\Illuminate\\Pipeline\\Pipeline.php(167): Illuminate\\Routing\\Middleware\\SubstituteBindings->handle(Object(Illuminate\\Http\\Request), Object(Closure))
#17 C:\\xampp\\htdocs\\kazimotoawards\\vendor\\laravel\\framework\\src\\Illuminate\\Foundation\\Http\\Middleware\\VerifyCsrfToken.php(78): Illuminate\\Pipeline\\Pipeline->Illuminate\\Pipeline\\{closure}(Object(Illuminate\\Http\\Request))
#18 C:\\xampp\\htdocs\\kazimotoawards\\vendor\\laravel\\framework\\src\\Illuminate\\Pipeline\\Pipeline.php(167): Illuminate\\Foundation\\Http\\Middleware\\VerifyCsrfToken->handle(Object(Illuminate\\Http\\Request), Object(Closure))
#19 C:\\xampp\\htdocs\\kazimotoawards\\vendor\\laravel\\framework\\src\\Illuminate\\View\\Middleware\\ShareErrorsFromSession.php(49): Illuminate\\Pipeline\\Pipeline->Illuminate\\Pipeline\\{closure}(Object(Illuminate\\Http\\Request))
#20 C:\\xampp\\htdocs\\kazimotoawards\\vendor\\laravel\\framework\\src\\Illuminate\\Pipeline\\Pipeline.php(167): Illuminate\\View\\Middleware\\ShareErrorsFromSession->handle(Object(Illuminate\\Http\\Request), Object(Closure))
#21 C:\\xampp\\htdocs\\kazimotoawards\\vendor\\laravel\\framework\\src\\Illuminate\\Session\\Middleware\\StartSession.php(121): Illuminate\\Pipeline\\Pipeline->Illuminate\\Pipeline\\{closure}(Object(Illuminate\\Http\\Request))
#22 C:\\xampp\\htdocs\\kazimotoawards\\vendor\\laravel\\framework\\src\\Illuminate\\Session\\Middleware\\StartSession.php(64): Illuminate\\Session\\Middleware\\StartSession->handleStatefulRequest(Object(Illuminate\\Http\\Request), Object(Illuminate\\Session\\Store), Object(Closure))
#23 C:\\xampp\\htdocs\\kazimotoawards\\vendor\\laravel\\framework\\src\\Illuminate\\Pipeline\\Pipeline.php(167): Illuminate\\Session\\Middleware\\StartSession->handle(Object(Illuminate\\Http\\Request), Object(Closure))
#24 C:\\xampp\\htdocs\\kazimotoawards\\vendor\\laravel\\framework\\src\\Illuminate\\Cookie\\Middleware\\AddQueuedCookiesToResponse.php(37): Illuminate\\Pipeline\\Pipeline->Illuminate\\Pipeline\\{closure}(Object(Illuminate\\Http\\Request))
#25 C:\\xampp\\htdocs\\kazimotoawards\\vendor\\laravel\\framework\\src\\Illuminate\\Pipeline\\Pipeline.php(167): Illuminate\\Cookie\\Middleware\\AddQueuedCookiesToResponse->handle(Object(Illuminate\\Http\\Request), Object(Closure))
#26 C:\\xampp\\htdocs\\kazimotoawards\\vendor\\laravel\\framework\\src\\Illuminate\\Cookie\\Middleware\\EncryptCookies.php(67): Illuminate\\Pipeline\\Pipeline->Illuminate\\Pipeline\\{closure}(Object(Illuminate\\Http\\Request))
#27 C:\\xampp\\htdocs\\kazimotoawards\\vendor\\laravel\\framework\\src\\Illuminate\\Pipeline\\Pipeline.php(167): Illuminate\\Cookie\\Middleware\\EncryptCookies->handle(Object(Illuminate\\Http\\Request), Object(Closure))
#28 C:\\xampp\\htdocs\\kazimotoawards\\vendor\\laravel\\framework\\src\\Illuminate\\Pipeline\\Pipeline.php(103): Illuminate\\Pipeline\\Pipeline->Illuminate\\Pipeline\\{closure}(Object(Illuminate\\Http\\Request))
#29 C:\\xampp\\htdocs\\kazimotoawards\\vendor\\laravel\\framework\\src\\Illuminate\\Routing\\Router.php(719): Illuminate\\Pipeline\\Pipeline->then(Object(Closure))
#30 C:\\xampp\\htdocs\\kazimotoawards\\vendor\\laravel\\framework\\src\\Illuminate\\Routing\\Router.php(698): Illuminate\\Routing\\Router->runRouteWithinStack(Object(Illuminate\\Routing\\Route), Object(Illuminate\\Http\\Request))
#31 C:\\xampp\\htdocs\\kazimotoawards\\vendor\\laravel\\framework\\src\\Illuminate\\Routing\\Router.php(662): Illuminate\\Routing\\Router->runRoute(Object(Illuminate\\Http\\Request), Object(Illuminate\\Routing\\Route))
#32 C:\\xampp\\htdocs\\kazimotoawards\\vendor\\laravel\\framework\\src\\Illuminate\\Routing\\Router.php(651): Illuminate\\Routing\\Router->dispatchToRoute(Object(Illuminate\\Http\\Request))
#33 C:\\xampp\\htdocs\\kazimotoawards\\vendor\\laravel\\framework\\src\\Illuminate\\Foundation\\Http\\Kernel.php(167): Illuminate\\Routing\\Router->dispatch(Object(Illuminate\\Http\\Request))
#34 C:\\xampp\\htdocs\\kazimotoawards\\vendor\\laravel\\framework\\src\\Illuminate\\Pipeline\\Pipeline.php(128): Illuminate\\Foundation\\Http\\Kernel->Illuminate\\Foundation\\Http\\{closure}(Object(Illuminate\\Http\\Request))
#35 C:\\xampp\\htdocs\\kazimotoawards\\vendor\\laravel\\framework\\src\\Illuminate\\Foundation\\Http\\Middleware\\TransformsRequest.php(21): Illuminate\\Pipeline\\Pipeline->Illuminate\\Pipeline\\{closure}(Object(Illuminate\\Http\\Request))
#36 C:\\xampp\\htdocs\\kazimotoawards\\vendor\\laravel\\framework\\src\\Illuminate\\Foundation\\Http\\Middleware\\ConvertEmptyStringsToNull.php(31): Illuminate\\Foundation\\Http\\Middleware\\TransformsRequest->handle(Object(Illuminate\\Http\\Request), Object(Closure))
#37 C:\\xampp\\htdocs\\kazimotoawards\\vendor\\laravel\\framework\\src\\Illuminate\\Pipeline\\Pipeline.php(167): Illuminate\\Foundation\\Http\\Middleware\\ConvertEmptyStringsToNull->handle(Object(Illuminate\\Http\\Request), Object(Closure))
#38 C:\\xampp\\htdocs\\kazimotoawards\\vendor\\laravel\\framework\\src\\Illuminate\\Foundation\\Http\\Middleware\\TransformsRequest.php(21): Illuminate\\Pipeline\\Pipeline->Illuminate\\Pipeline\\{closure}(Object(Illuminate\\Http\\Request))
#39 C:\\xampp\\htdocs\\kazimotoawards\\vendor\\laravel\\framework\\src\\Illuminate\\Foundation\\Http\\Middleware\\TrimStrings.php(40): Illuminate\\Foundation\\Http\\Middleware\\TransformsRequest->handle(Object(Illuminate\\Http\\Request), Object(Closure))
#40 C:\\xampp\\htdocs\\kazimotoawards\\vendor\\laravel\\framework\\src\\Illuminate\\Pipeline\\Pipeline.php(167): Illuminate\\Foundation\\Http\\Middleware\\TrimStrings->handle(Object(Illuminate\\Http\\Request), Object(Closure))
#41 C:\\xampp\\htdocs\\kazimotoawards\\vendor\\laravel\\framework\\src\\Illuminate\\Foundation\\Http\\Middleware\\ValidatePostSize.php(27): Illuminate\\Pipeline\\Pipeline->Illuminate\\Pipeline\\{closure}(Object(Illuminate\\Http\\Request))
#42 C:\\xampp\\htdocs\\kazimotoawards\\vendor\\laravel\\framework\\src\\Illuminate\\Pipeline\\Pipeline.php(167): Illuminate\\Foundation\\Http\\Middleware\\ValidatePostSize->handle(Object(Illuminate\\Http\\Request), Object(Closure))
#43 C:\\xampp\\htdocs\\kazimotoawards\\vendor\\laravel\\framework\\src\\Illuminate\\Foundation\\Http\\Middleware\\PreventRequestsDuringMaintenance.php(86): Illuminate\\Pipeline\\Pipeline->Illuminate\\Pipeline\\{closure}(Object(Illuminate\\Http\\Request))
#44 C:\\xampp\\htdocs\\kazimotoawards\\vendor\\laravel\\framework\\src\\Illuminate\\Pipeline\\Pipeline.php(167): Illuminate\\Foundation\\Http\\Middleware\\PreventRequestsDuringMaintenance->handle(Object(Illuminate\\Http\\Request), Object(Closure))
#45 C:\\xampp\\htdocs\\kazimotoawards\\vendor\\fruitcake\\laravel-cors\\src\\HandleCors.php(38): Illuminate\\Pipeline\\Pipeline->Illuminate\\Pipeline\\{closure}(Object(Illuminate\\Http\\Request))
#46 C:\\xampp\\htdocs\\kazimotoawards\\vendor\\laravel\\framework\\src\\Illuminate\\Pipeline\\Pipeline.php(167): Fruitcake\\Cors\\HandleCors->handle(Object(Illuminate\\Http\\Request), Object(Closure))
#47 C:\\xampp\\htdocs\\kazimotoawards\\vendor\\fideloper\\proxy\\src\\TrustProxies.php(57): Illuminate\\Pipeline\\Pipeline->Illuminate\\Pipeline\\{closure}(Object(Illuminate\\Http\\Request))
#48 C:\\xampp\\htdocs\\kazimotoawards\\vendor\\laravel\\framework\\src\\Illuminate\\Pipeline\\Pipeline.php(167): Fideloper\\Proxy\\TrustProxies->handle(Object(Illuminate\\Http\\Request), Object(Closure))
#49 C:\\xampp\\htdocs\\kazimotoawards\\vendor\\laravel\\framework\\src\\Illuminate\\Pipeline\\Pipeline.php(103): Illuminate\\Pipeline\\Pipeline->Illuminate\\Pipeline\\{closure}(Object(Illuminate\\Http\\Request))
#50 C:\\xampp\\htdocs\\kazimotoawards\\vendor\\laravel\\framework\\src\\Illuminate\\Foundation\\Http\\Kernel.php(142): Illuminate\\Pipeline\\Pipeline->then(Object(Closure))
#51 C:\\xampp\\htdocs\\kazimotoawards\\vendor\\laravel\\framework\\src\\Illuminate\\Foundation\\Http\\Kernel.php(111): Illuminate\\Foundation\\Http\\Kernel->sendRequestThroughRouter(Object(Illuminate\\Http\\Request))
#52 C:\\xampp\\htdocs\\kazimotoawards\\public\\index.php(51): Illuminate\\Foundation\\Http\\Kernel->handle(Object(Illuminate\\Http\\Request))
#53 C:\\xampp\\htdocs\\kazimotoawards\\server.php(21): require_once('C:\\\\xampp\\\\htdocs...')
#54 {main}

[previous exception] [object] (PDOException(code: 2002): SQLSTATE[HY000] [2002] No connection could be made because the target machine actively refused it at C:\\xampp\\htdocs\\kazimotoawards\\vendor\\laravel\\framework\\src\\Illuminate\\Database\\Connectors\\Connector.php:70)
[stacktrace]
#0 C:\\xampp\\htdocs\\kazimotoawards\\vendor\\laravel\\framework\\src\\Illuminate\\Database\\Connectors\\Connector.php(70): PDO->__construct('mysql:host=127....', 'root', Object(SensitiveParameterValue), Array)
#1 C:\\xampp\\htdocs\\kazimotoawards\\vendor\\laravel\\framework\\src\\Illuminate\\Database\\Connectors\\Connector.php(45): Illuminate\\Database\\Connectors\\Connector->createPdoConnection('mysql:host=127....', 'root', '', Array)
#2 C:\\xampp\\htdocs\\kazimotoawards\\vendor\\laravel\\framework\\src\\Illuminate\\Database\\Connectors\\MySqlConnector.php(24): Illuminate\\Database\\Connectors\\Connector->createConnection('mysql:host=127....', Array, Array)
#3 C:\\xampp\\htdocs\\kazimotoawards\\vendor\\laravel\\framework\\src\\Illuminate\\Database\\Connectors\\ConnectionFactory.php(184): Illuminate\\Database\\Connectors\\MySqlConnector->connect(Array)
#4 [internal function]: Illuminate\\Database\\Connectors\\ConnectionFactory->Illuminate\\Database\\Connectors\\{closure}()
#5 C:\\xampp\\htdocs\\kazimotoawards\\vendor\\laravel\\framework\\src\\Illuminate\\Database\\Connection.php(1064): call_user_func(Object(Closure))
#6 C:\\xampp\\htdocs\\kazimotoawards\\vendor\\laravel\\framework\\src\\Illuminate\\Database\\Connection.php(1100): Illuminate\\Database\\Connection->getPdo()
#7 C:\\xampp\\htdocs\\kazimotoawards\\vendor\\laravel\\framework\\src\\Illuminate\\Database\\Connection.php(442): Illuminate\\Database\\Connection->getReadPdo()
#8 C:\\xampp\\htdocs\\kazimotoawards\\vendor\\laravel\\framework\\src\\Illuminate\\Database\\Connection.php(368): Illuminate\\Database\\Connection->getPdoForSelect(true)
#9 C:\\xampp\\htdocs\\kazimotoawards\\vendor\\laravel\\framework\\src\\Illuminate\\Database\\Connection.php(705): Illuminate\\Database\\Connection->Illuminate\\Database\\{closure}('select * from `...', Array)
#10 C:\\xampp\\htdocs\\kazimotoawards\\vendor\\laravel\\framework\\src\\Illuminate\\Database\\Connection.php(672): Illuminate\\Database\\Connection->runQueryCallback('select * from `...', Array, Object(Closure))
#11 C:\\xampp\\htdocs\\kazimotoawards\\vendor\\laravel\\framework\\src\\Illuminate\\Database\\Connection.php(359): Illuminate\\Database\\Connection->run('select * from `...', Array, Object(Closure))
#12 C:\\xampp\\htdocs\\kazimotoawards\\vendor\\laravel\\framework\\src\\Illuminate\\Database\\Query\\Builder.php(2413): Illuminate\\Database\\Connection->select('select * from `...', Array, true)
#13 C:\\xampp\\htdocs\\kazimotoawards\\vendor\\laravel\\framework\\src\\Illuminate\\Database\\Query\\Builder.php(2402): Illuminate\\Database\\Query\\Builder->runSelect()
#14 C:\\xampp\\htdocs\\kazimotoawards\\vendor\\laravel\\framework\\src\\Illuminate\\Database\\Query\\Builder.php(2936): Illuminate\\Database\\Query\\Builder->Illuminate\\Database\\Query\\{closure}()
#15 C:\\xampp\\htdocs\\kazimotoawards\\vendor\\laravel\\framework\\src\\Illuminate\\Database\\Query\\Builder.php(2401): Illuminate\\Database\\Query\\Builder->onceWithColumns(Array, Object(Closure))
#16 C:\\xampp\\htdocs\\kazimotoawards\\vendor\\laravel\\framework\\src\\Illuminate\\Database\\Eloquent\\Builder.php(625): Illuminate\\Database\\Query\\Builder->get(Array)
#17 C:\\xampp\\htdocs\\kazimotoawards\\vendor\\laravel\\framework\\src\\Illuminate\\Database\\Eloquent\\Builder.php(609): Illuminate\\Database\\Eloquent\\Builder->getModels(Array)
#18 C:\\xampp\\htdocs\\kazimotoawards\\app\\Http\\Controllers\\websiteController.php(32): Illuminate\\Database\\Eloquent\\Builder->get()
#19 C:\\xampp\\htdocs\\kazimotoawards\\vendor\\laravel\\framework\\src\\Illuminate\\Routing\\Controller.php(54): App\\Http\\Controllers\\WebsiteController->index()
#20 C:\\xampp\\htdocs\\kazimotoawards\\vendor\\laravel\\framework\\src\\Illuminate\\Routing\\ControllerDispatcher.php(45): Illuminate\\Routing\\Controller->callAction('index', Array)
#21 C:\\xampp\\htdocs\\kazimotoawards\\vendor\\laravel\\framework\\src\\Illuminate\\Routing\\Route.php(261): Illuminate\\Routing\\ControllerDispatcher->dispatch(Object(Illuminate\\Routing\\Route), Object(App\\Http\\Controllers\\WebsiteController), 'index')
#22 C:\\xampp\\htdocs\\kazimotoawards\\vendor\\laravel\\framework\\src\\Illuminate\\Routing\\Route.php(205): Illuminate\\Routing\\Route->runController()
#23 C:\\xampp\\htdocs\\kazimotoawards\\vendor\\laravel\\framework\\src\\Illuminate\\Routing\\Router.php(721): Illuminate\\Routing\\Route->run()
#24 C:\\xampp\\htdocs\\kazimotoawards\\vendor\\laravel\\framework\\src\\Illuminate\\Pipeline\\Pipeline.php(128): Illuminate\\Routing\\Router->Illuminate\\Routing\\{closure}(Object(Illuminate\\Http\\Request))
#25 C:\\xampp\\htdocs\\kazimotoawards\\vendor\\laravel\\framework\\src\\Illuminate\\Routing\\Middleware\\SubstituteBindings.php(50): Illuminate\\Pipeline\\Pipeline->Illuminate\\Pipeline\\{closure}(Object(Illuminate\\Http\\Request))
#26 C:\\xampp\\htdocs\\kazimotoawards\\vendor\\laravel\\framework\\src\\Illuminate\\Pipeline\\Pipeline.php(167): Illuminate\\Routing\\Middleware\\SubstituteBindings->handle(Object(Illuminate\\Http\\Request), Object(Closure))
#27 C:\\xampp\\htdocs\\kazimotoawards\\vendor\\laravel\\framework\\src\\Illuminate\\Foundation\\Http\\Middleware\\VerifyCsrfToken.php(78): Illuminate\\Pipeline\\Pipeline->Illuminate\\Pipeline\\{closure}(Object(Illuminate\\Http\\Request))
#28 C:\\xampp\\htdocs\\kazimotoawards\\vendor\\laravel\\framework\\src\\Illuminate\\Pipeline\\Pipeline.php(167): Illuminate\\Foundation\\Http\\Middleware\\VerifyCsrfToken->handle(Object(Illuminate\\Http\\Request), Object(Closure))
#29 C:\\xampp\\htdocs\\kazimotoawards\\vendor\\laravel\\framework\\src\\Illuminate\\View\\Middleware\\ShareErrorsFromSession.php(49): Illuminate\\Pipeline\\Pipeline->Illuminate\\Pipeline\\{closure}(Object(Illuminate\\Http\\Request))
#30 C:\\xampp\\htdocs\\kazimotoawards\\vendor\\laravel\\framework\\src\\Illuminate\\Pipeline\\Pipeline.php(167): Illuminate\\View\\Middleware\\ShareErrorsFromSession->handle(Object(Illuminate\\Http\\Request), Object(Closure))
#31 C:\\xampp\\htdocs\\kazimotoawards\\vendor\\laravel\\framework\\src\\Illuminate\\Session\\Middleware\\StartSession.php(121): Illuminate\\Pipeline\\Pipeline->Illuminate\\Pipeline\\{closure}(Object(Illuminate\\Http\\Request))
#32 C:\\xampp\\htdocs\\kazimotoawards\\vendor\\laravel\\framework\\src\\Illuminate\\Session\\Middleware\\StartSession.php(64): Illuminate\\Session\\Middleware\\StartSession->handleStatefulRequest(Object(Illuminate\\Http\\Request), Object(Illuminate\\Session\\Store), Object(Closure))
#33 C:\\xampp\\htdocs\\kazimotoawards\\vendor\\laravel\\framework\\src\\Illuminate\\Pipeline\\Pipeline.php(167): Illuminate\\Session\\Middleware\\StartSession->handle(Object(Illuminate\\Http\\Request), Object(Closure))
#34 C:\\xampp\\htdocs\\kazimotoawards\\vendor\\laravel\\framework\\src\\Illuminate\\Cookie\\Middleware\\AddQueuedCookiesToResponse.php(37): Illuminate\\Pipeline\\Pipeline->Illuminate\\Pipeline\\{closure}(Object(Illuminate\\Http\\Request))
#35 C:\\xampp\\htdocs\\kazimotoawards\\vendor\\laravel\\framework\\src\\Illuminate\\Pipeline\\Pipeline.php(167): Illuminate\\Cookie\\Middleware\\AddQueuedCookiesToResponse->handle(Object(Illuminate\\Http\\Request), Object(Closure))
#36 C:\\xampp\\htdocs\\kazimotoawards\\vendor\\laravel\\framework\\src\\Illuminate\\Cookie\\Middleware\\EncryptCookies.php(67): Illuminate\\Pipeline\\Pipeline->Illuminate\\Pipeline\\{closure}(Object(Illuminate\\Http\\Request))
#37 C:\\xampp\\htdocs\\kazimotoawards\\vendor\\laravel\\framework\\src\\Illuminate\\Pipeline\\Pipeline.php(167): Illuminate\\Cookie\\Middleware\\EncryptCookies->handle(Object(Illuminate\\Http\\Request), Object(Closure))
#38 C:\\xampp\\htdocs\\kazimotoawards\\vendor\\laravel\\framework\\src\\Illuminate\\Pipeline\\Pipeline.php(103): Illuminate\\Pipeline\\Pipeline->Illuminate\\Pipeline\\{closure}(Object(Illuminate\\Http\\Request))
#39 C:\\xampp\\htdocs\\kazimotoawards\\vendor\\laravel\\framework\\src\\Illuminate\\Routing\\Router.php(719): Illuminate\\Pipeline\\Pipeline->then(Object(Closure))
#40 C:\\xampp\\htdocs\\kazimotoawards\\vendor\\laravel\\framework\\src\\Illuminate\\Routing\\Router.php(698): Illuminate\\Routing\\Router->runRouteWithinStack(Object(Illuminate\\Routing\\Route), Object(Illuminate\\Http\\Request))
#41 C:\\xampp\\htdocs\\kazimotoawards\\vendor\\laravel\\framework\\src\\Illuminate\\Routing\\Router.php(662): Illuminate\\Routing\\Router->runRoute(Object(Illuminate\\Http\\Request), Object(Illuminate\\Routing\\Route))
#42 C:\\xampp\\htdocs\\kazimotoawards\\vendor\\laravel\\framework\\src\\Illuminate\\Routing\\Router.php(651): Illuminate\\Routing\\Router->dispatchToRoute(Object(Illuminate\\Http\\Request))
#43 C:\\xampp\\htdocs\\kazimotoawards\\vendor\\laravel\\framework\\src\\Illuminate\\Foundation\\Http\\Kernel.php(167): Illuminate\\Routing\\Router->dispatch(Object(Illuminate\\Http\\Request))
#44 C:\\xampp\\htdocs\\kazimotoawards\\vendor\\laravel\\framework\\src\\Illuminate\\Pipeline\\Pipeline.php(128): Illuminate\\Foundation\\Http\\Kernel->Illuminate\\Foundation\\Http\\{closure}(Object(Illuminate\\Http\\Request))
#45 C:\\xampp\\htdocs\\kazimotoawards\\vendor\\laravel\\framework\\src\\Illuminate\\Foundation\\Http\\Middleware\\TransformsRequest.php(21): Illuminate\\Pipeline\\Pipeline->Illuminate\\Pipeline\\{closure}(Object(Illuminate\\Http\\Request))
#46 C:\\xampp\\htdocs\\kazimotoawards\\vendor\\laravel\\framework\\src\\Illuminate\\Foundation\\Http\\Middleware\\ConvertEmptyStringsToNull.php(31): Illuminate\\Foundation\\Http\\Middleware\\TransformsRequest->handle(Object(Illuminate\\Http\\Request), Object(Closure))
#47 C:\\xampp\\htdocs\\kazimotoawards\\vendor\\laravel\\framework\\src\\Illuminate\\Pipeline\\Pipeline.php(167): Illuminate\\Foundation\\Http\\Middleware\\ConvertEmptyStringsToNull->handle(Object(Illuminate\\Http\\Request), Object(Closure))
#48 C:\\xampp\\htdocs\\kazimotoawards\\vendor\\laravel\\framework\\src\\Illuminate\\Foundation\\Http\\Middleware\\TransformsRequest.php(21): Illuminate\\Pipeline\\Pipeline->Illuminate\\Pipeline\\{closure}(Object(Illuminate\\Http\\Request))
#49 C:\\xampp\\htdocs\\kazimotoawards\\vendor\\laravel\\framework\\src\\Illuminate\\Foundation\\Http\\Middleware\\TrimStrings.php(40): Illuminate\\Foundation\\Http\\Middleware\\TransformsRequest->handle(Object(Illuminate\\Http\\Request), Object(Closure))
#50 C:\\xampp\\htdocs\\kazimotoawards\\vendor\\laravel\\framework\\src\\Illuminate\\Pipeline\\Pipeline.php(167): Illuminate\\Foundation\\Http\\Middleware\\TrimStrings->handle(Object(Illuminate\\Http\\Request), Object(Closure))
#51 C:\\xampp\\htdocs\\kazimotoawards\\vendor\\laravel\\framework\\src\\Illuminate\\Foundation\\Http\\Middleware\\ValidatePostSize.php(27): Illuminate\\Pipeline\\Pipeline->Illuminate\\Pipeline\\{closure}(Object(Illuminate\\Http\\Request))
#52 C:\\xampp\\htdocs\\kazimotoawards\\vendor\\laravel\\framework\\src\\Illuminate\\Pipeline\\Pipeline.php(167): Illuminate\\Foundation\\Http\\Middleware\\ValidatePostSize->handle(Object(Illuminate\\Http\\Request), Object(Closure))
#53 C:\\xampp\\htdocs\\kazimotoawards\\vendor\\laravel\\framework\\src\\Illuminate\\Foundation\\Http\\Middleware\\PreventRequestsDuringMaintenance.php(86): Illuminate\\Pipeline\\Pipeline->Illuminate\\Pipeline\\{closure}(Object(Illuminate\\Http\\Request))
#54 C:\\xampp\\htdocs\\kazimotoawards\\vendor\\laravel\\framework\\src\\Illuminate\\Pipeline\\Pipeline.php(167): Illuminate\\Foundation\\Http\\Middleware\\PreventRequestsDuringMaintenance->handle(Object(Illuminate\\Http\\Request), Object(Closure))
#55 C:\\xampp\\htdocs\\kazimotoawards\\vendor\\fruitcake\\laravel-cors\\src\\HandleCors.php(38): Illuminate\\Pipeline\\Pipeline->Illuminate\\Pipeline\\{closure}(Object(Illuminate\\Http\\Request))
#56 C:\\xampp\\htdocs\\kazimotoawards\\vendor\\laravel\\framework\\src\\Illuminate\\Pipeline\\Pipeline.php(167): Fruitcake\\Cors\\HandleCors->handle(Object(Illuminate\\Http\\Request), Object(Closure))
#57 C:\\xampp\\htdocs\\kazimotoawards\\vendor\\fideloper\\proxy\\src\\TrustProxies.php(57): Illuminate\\Pipeline\\Pipeline->Illuminate\\Pipeline\\{closure}(Object(Illuminate\\Http\\Request))
#58 C:\\xampp\\htdocs\\kazimotoawards\\vendor\\laravel\\framework\\src\\Illuminate\\Pipeline\\Pipeline.php(167): Fideloper\\Proxy\\TrustProxies->handle(Object(Illuminate\\Http\\Request), Object(Closure))
#59 C:\\xampp\\htdocs\\kazimotoawards\\vendor\\laravel\\framework\\src\\Illuminate\\Pipeline\\Pipeline.php(103): Illuminate\\Pipeline\\Pipeline->Illuminate\\Pipeline\\{closure}(Object(Illuminate\\Http\\Request))
#60 C:\\xampp\\htdocs\\kazimotoawards\\vendor\\laravel\\framework\\src\\Illuminate\\Foundation\\Http\\Kernel.php(142): Illuminate\\Pipeline\\Pipeline->then(Object(Closure))
#61 C:\\xampp\\htdocs\\kazimotoawards\\vendor\\laravel\\framework\\src\\Illuminate\\Foundation\\Http\\Kernel.php(111): Illuminate\\Foundation\\Http\\Kernel->sendRequestThroughRouter(Object(Illuminate\\Http\\Request))
#62 C:\\xampp\\htdocs\\kazimotoawards\\public\\index.php(51): Illuminate\\Foundation\\Http\\Kernel->handle(Object(Illuminate\\Http\\Request))
#63 C:\\xampp\\htdocs\\kazimotoawards\\server.php(21): require_once('C:\\\\xampp\\\\htdocs...')
#64 {main}
"} 
[2025-08-11 09:08:18] local.ERROR: syntax error, unexpected token "else" {"exception":"[object] (ParseError(code: 0): syntax error, unexpected token \"else\" at C:\\xampp\\htdocs\\kazimotoawards\\app\\Http\\Controllers\\ContestantController.php:256)
[stacktrace]
#0 C:\\xampp\\htdocs\\kazimotoawards\\vendor\\composer\\ClassLoader.php(427): Composer\\Autoload\\{closure}('C:\\\\xampp\\\\htdocs...')
#1 [internal function]: Composer\\Autoload\\ClassLoader->loadClass('App\\\\Http\\\\Contro...')
#2 C:\\xampp\\htdocs\\kazimotoawards\\vendor\\laravel\\framework\\src\\Illuminate\\Container\\Container.php(877): ReflectionClass->__construct('App\\\\Http\\\\Contro...')
#3 C:\\xampp\\htdocs\\kazimotoawards\\vendor\\laravel\\framework\\src\\Illuminate\\Container\\Container.php(758): Illuminate\\Container\\Container->build('App\\\\Http\\\\Contro...')
#4 C:\\xampp\\htdocs\\kazimotoawards\\vendor\\laravel\\framework\\src\\Illuminate\\Foundation\\Application.php(853): Illuminate\\Container\\Container->resolve('App\\\\Http\\\\Contro...', Array, true)
#5 C:\\xampp\\htdocs\\kazimotoawards\\vendor\\laravel\\framework\\src\\Illuminate\\Container\\Container.php(694): Illuminate\\Foundation\\Application->resolve('App\\\\Http\\\\Contro...', Array)
#6 C:\\xampp\\htdocs\\kazimotoawards\\vendor\\laravel\\framework\\src\\Illuminate\\Foundation\\Application.php(838): Illuminate\\Container\\Container->make('App\\\\Http\\\\Contro...', Array)
#7 C:\\xampp\\htdocs\\kazimotoawards\\vendor\\laravel\\framework\\src\\Illuminate\\Routing\\Route.php(276): Illuminate\\Foundation\\Application->make('App\\\\Http\\\\Contro...')
#8 C:\\xampp\\htdocs\\kazimotoawards\\vendor\\laravel\\framework\\src\\Illuminate\\Routing\\Route.php(1080): Illuminate\\Routing\\Route->getController()
#9 C:\\xampp\\htdocs\\kazimotoawards\\vendor\\laravel\\framework\\src\\Illuminate\\Routing\\Route.php(1023): Illuminate\\Routing\\Route->controllerMiddleware()
#10 C:\\xampp\\htdocs\\kazimotoawards\\vendor\\laravel\\framework\\src\\Illuminate\\Routing\\Router.php(734): Illuminate\\Routing\\Route->gatherMiddleware()
#11 C:\\xampp\\htdocs\\kazimotoawards\\vendor\\laravel\\framework\\src\\Illuminate\\Routing\\Router.php(714): Illuminate\\Routing\\Router->gatherRouteMiddleware(Object(Illuminate\\Routing\\Route))
#12 C:\\xampp\\htdocs\\kazimotoawards\\vendor\\laravel\\framework\\src\\Illuminate\\Routing\\Router.php(698): Illuminate\\Routing\\Router->runRouteWithinStack(Object(Illuminate\\Routing\\Route), Object(Illuminate\\Http\\Request))
#13 C:\\xampp\\htdocs\\kazimotoawards\\vendor\\laravel\\framework\\src\\Illuminate\\Routing\\Router.php(662): Illuminate\\Routing\\Router->runRoute(Object(Illuminate\\Http\\Request), Object(Illuminate\\Routing\\Route))
#14 C:\\xampp\\htdocs\\kazimotoawards\\vendor\\laravel\\framework\\src\\Illuminate\\Routing\\Router.php(651): Illuminate\\Routing\\Router->dispatchToRoute(Object(Illuminate\\Http\\Request))
#15 C:\\xampp\\htdocs\\kazimotoawards\\vendor\\laravel\\framework\\src\\Illuminate\\Foundation\\Http\\Kernel.php(167): Illuminate\\Routing\\Router->dispatch(Object(Illuminate\\Http\\Request))
#16 C:\\xampp\\htdocs\\kazimotoawards\\vendor\\laravel\\framework\\src\\Illuminate\\Pipeline\\Pipeline.php(128): Illuminate\\Foundation\\Http\\Kernel->Illuminate\\Foundation\\Http\\{closure}(Object(Illuminate\\Http\\Request))
#17 C:\\xampp\\htdocs\\kazimotoawards\\vendor\\laravel\\framework\\src\\Illuminate\\Foundation\\Http\\Middleware\\TransformsRequest.php(21): Illuminate\\Pipeline\\Pipeline->Illuminate\\Pipeline\\{closure}(Object(Illuminate\\Http\\Request))
#18 C:\\xampp\\htdocs\\kazimotoawards\\vendor\\laravel\\framework\\src\\Illuminate\\Foundation\\Http\\Middleware\\ConvertEmptyStringsToNull.php(31): Illuminate\\Foundation\\Http\\Middleware\\TransformsRequest->handle(Object(Illuminate\\Http\\Request), Object(Closure))
#19 C:\\xampp\\htdocs\\kazimotoawards\\vendor\\laravel\\framework\\src\\Illuminate\\Pipeline\\Pipeline.php(167): Illuminate\\Foundation\\Http\\Middleware\\ConvertEmptyStringsToNull->handle(Object(Illuminate\\Http\\Request), Object(Closure))
#20 C:\\xampp\\htdocs\\kazimotoawards\\vendor\\laravel\\framework\\src\\Illuminate\\Foundation\\Http\\Middleware\\TransformsRequest.php(21): Illuminate\\Pipeline\\Pipeline->Illuminate\\Pipeline\\{closure}(Object(Illuminate\\Http\\Request))
#21 C:\\xampp\\htdocs\\kazimotoawards\\vendor\\laravel\\framework\\src\\Illuminate\\Foundation\\Http\\Middleware\\TrimStrings.php(40): Illuminate\\Foundation\\Http\\Middleware\\TransformsRequest->handle(Object(Illuminate\\Http\\Request), Object(Closure))
#22 C:\\xampp\\htdocs\\kazimotoawards\\vendor\\laravel\\framework\\src\\Illuminate\\Pipeline\\Pipeline.php(167): Illuminate\\Foundation\\Http\\Middleware\\TrimStrings->handle(Object(Illuminate\\Http\\Request), Object(Closure))
#23 C:\\xampp\\htdocs\\kazimotoawards\\vendor\\laravel\\framework\\src\\Illuminate\\Foundation\\Http\\Middleware\\ValidatePostSize.php(27): Illuminate\\Pipeline\\Pipeline->Illuminate\\Pipeline\\{closure}(Object(Illuminate\\Http\\Request))
#24 C:\\xampp\\htdocs\\kazimotoawards\\vendor\\laravel\\framework\\src\\Illuminate\\Pipeline\\Pipeline.php(167): Illuminate\\Foundation\\Http\\Middleware\\ValidatePostSize->handle(Object(Illuminate\\Http\\Request), Object(Closure))
#25 C:\\xampp\\htdocs\\kazimotoawards\\vendor\\laravel\\framework\\src\\Illuminate\\Foundation\\Http\\Middleware\\PreventRequestsDuringMaintenance.php(86): Illuminate\\Pipeline\\Pipeline->Illuminate\\Pipeline\\{closure}(Object(Illuminate\\Http\\Request))
#26 C:\\xampp\\htdocs\\kazimotoawards\\vendor\\laravel\\framework\\src\\Illuminate\\Pipeline\\Pipeline.php(167): Illuminate\\Foundation\\Http\\Middleware\\PreventRequestsDuringMaintenance->handle(Object(Illuminate\\Http\\Request), Object(Closure))
#27 C:\\xampp\\htdocs\\kazimotoawards\\vendor\\fruitcake\\laravel-cors\\src\\HandleCors.php(38): Illuminate\\Pipeline\\Pipeline->Illuminate\\Pipeline\\{closure}(Object(Illuminate\\Http\\Request))
#28 C:\\xampp\\htdocs\\kazimotoawards\\vendor\\laravel\\framework\\src\\Illuminate\\Pipeline\\Pipeline.php(167): Fruitcake\\Cors\\HandleCors->handle(Object(Illuminate\\Http\\Request), Object(Closure))
#29 C:\\xampp\\htdocs\\kazimotoawards\\vendor\\fideloper\\proxy\\src\\TrustProxies.php(57): Illuminate\\Pipeline\\Pipeline->Illuminate\\Pipeline\\{closure}(Object(Illuminate\\Http\\Request))
#30 C:\\xampp\\htdocs\\kazimotoawards\\vendor\\laravel\\framework\\src\\Illuminate\\Pipeline\\Pipeline.php(167): Fideloper\\Proxy\\TrustProxies->handle(Object(Illuminate\\Http\\Request), Object(Closure))
#31 C:\\xampp\\htdocs\\kazimotoawards\\vendor\\laravel\\framework\\src\\Illuminate\\Pipeline\\Pipeline.php(103): Illuminate\\Pipeline\\Pipeline->Illuminate\\Pipeline\\{closure}(Object(Illuminate\\Http\\Request))
#32 C:\\xampp\\htdocs\\kazimotoawards\\vendor\\laravel\\framework\\src\\Illuminate\\Foundation\\Http\\Kernel.php(142): Illuminate\\Pipeline\\Pipeline->then(Object(Closure))
#33 C:\\xampp\\htdocs\\kazimotoawards\\vendor\\laravel\\framework\\src\\Illuminate\\Foundation\\Http\\Kernel.php(111): Illuminate\\Foundation\\Http\\Kernel->sendRequestThroughRouter(Object(Illuminate\\Http\\Request))
#34 C:\\xampp\\htdocs\\kazimotoawards\\public\\index.php(51): Illuminate\\Foundation\\Http\\Kernel->handle(Object(Illuminate\\Http\\Request))
#35 C:\\xampp\\htdocs\\kazimotoawards\\server.php(21): require_once('C:\\\\xampp\\\\htdocs...')
#36 {main}
"} 
[2025-08-11 17:50:27] local.ERROR: SQLSTATE[HY000] [2002] No connection could be made because the target machine actively refused it (SQL: select * from `donors` where `status` = Active) {"exception":"[object] (Illuminate\\Database\\QueryException(code: 2002): SQLSTATE[HY000] [2002] No connection could be made because the target machine actively refused it (SQL: select * from `donors` where `status` = Active) at C:\\xampp\\htdocs\\kazimotoawards\\vendor\\laravel\\framework\\src\\Illuminate\\Database\\Connection.php:712)
[stacktrace]
#0 C:\\xampp\\htdocs\\kazimotoawards\\vendor\\laravel\\framework\\src\\Illuminate\\Database\\Connection.php(672): Illuminate\\Database\\Connection->runQueryCallback('select * from `...', Array, Object(Closure))
#1 C:\\xampp\\htdocs\\kazimotoawards\\vendor\\laravel\\framework\\src\\Illuminate\\Database\\Connection.php(359): Illuminate\\Database\\Connection->run('select * from `...', Array, Object(Closure))
#2 C:\\xampp\\htdocs\\kazimotoawards\\vendor\\laravel\\framework\\src\\Illuminate\\Database\\Query\\Builder.php(2413): Illuminate\\Database\\Connection->select('select * from `...', Array, true)
#3 C:\\xampp\\htdocs\\kazimotoawards\\vendor\\laravel\\framework\\src\\Illuminate\\Database\\Query\\Builder.php(2402): Illuminate\\Database\\Query\\Builder->runSelect()
#4 C:\\xampp\\htdocs\\kazimotoawards\\vendor\\laravel\\framework\\src\\Illuminate\\Database\\Query\\Builder.php(2936): Illuminate\\Database\\Query\\Builder->Illuminate\\Database\\Query\\{closure}()
#5 C:\\xampp\\htdocs\\kazimotoawards\\vendor\\laravel\\framework\\src\\Illuminate\\Database\\Query\\Builder.php(2401): Illuminate\\Database\\Query\\Builder->onceWithColumns(Array, Object(Closure))
#6 C:\\xampp\\htdocs\\kazimotoawards\\vendor\\laravel\\framework\\src\\Illuminate\\Database\\Eloquent\\Builder.php(625): Illuminate\\Database\\Query\\Builder->get(Array)
#7 C:\\xampp\\htdocs\\kazimotoawards\\vendor\\laravel\\framework\\src\\Illuminate\\Database\\Eloquent\\Builder.php(609): Illuminate\\Database\\Eloquent\\Builder->getModels(Array)
#8 C:\\xampp\\htdocs\\kazimotoawards\\app\\Http\\Controllers\\websiteController.php(32): Illuminate\\Database\\Eloquent\\Builder->get()
#9 C:\\xampp\\htdocs\\kazimotoawards\\vendor\\laravel\\framework\\src\\Illuminate\\Routing\\Controller.php(54): App\\Http\\Controllers\\WebsiteController->index()
#10 C:\\xampp\\htdocs\\kazimotoawards\\vendor\\laravel\\framework\\src\\Illuminate\\Routing\\ControllerDispatcher.php(45): Illuminate\\Routing\\Controller->callAction('index', Array)
#11 C:\\xampp\\htdocs\\kazimotoawards\\vendor\\laravel\\framework\\src\\Illuminate\\Routing\\Route.php(261): Illuminate\\Routing\\ControllerDispatcher->dispatch(Object(Illuminate\\Routing\\Route), Object(App\\Http\\Controllers\\WebsiteController), 'index')
#12 C:\\xampp\\htdocs\\kazimotoawards\\vendor\\laravel\\framework\\src\\Illuminate\\Routing\\Route.php(205): Illuminate\\Routing\\Route->runController()
#13 C:\\xampp\\htdocs\\kazimotoawards\\vendor\\laravel\\framework\\src\\Illuminate\\Routing\\Router.php(721): Illuminate\\Routing\\Route->run()
#14 C:\\xampp\\htdocs\\kazimotoawards\\vendor\\laravel\\framework\\src\\Illuminate\\Pipeline\\Pipeline.php(128): Illuminate\\Routing\\Router->Illuminate\\Routing\\{closure}(Object(Illuminate\\Http\\Request))
#15 C:\\xampp\\htdocs\\kazimotoawards\\vendor\\laravel\\framework\\src\\Illuminate\\Routing\\Middleware\\SubstituteBindings.php(50): Illuminate\\Pipeline\\Pipeline->Illuminate\\Pipeline\\{closure}(Object(Illuminate\\Http\\Request))
#16 C:\\xampp\\htdocs\\kazimotoawards\\vendor\\laravel\\framework\\src\\Illuminate\\Pipeline\\Pipeline.php(167): Illuminate\\Routing\\Middleware\\SubstituteBindings->handle(Object(Illuminate\\Http\\Request), Object(Closure))
#17 C:\\xampp\\htdocs\\kazimotoawards\\vendor\\laravel\\framework\\src\\Illuminate\\Foundation\\Http\\Middleware\\VerifyCsrfToken.php(78): Illuminate\\Pipeline\\Pipeline->Illuminate\\Pipeline\\{closure}(Object(Illuminate\\Http\\Request))
#18 C:\\xampp\\htdocs\\kazimotoawards\\vendor\\laravel\\framework\\src\\Illuminate\\Pipeline\\Pipeline.php(167): Illuminate\\Foundation\\Http\\Middleware\\VerifyCsrfToken->handle(Object(Illuminate\\Http\\Request), Object(Closure))
#19 C:\\xampp\\htdocs\\kazimotoawards\\vendor\\laravel\\framework\\src\\Illuminate\\View\\Middleware\\ShareErrorsFromSession.php(49): Illuminate\\Pipeline\\Pipeline->Illuminate\\Pipeline\\{closure}(Object(Illuminate\\Http\\Request))
#20 C:\\xampp\\htdocs\\kazimotoawards\\vendor\\laravel\\framework\\src\\Illuminate\\Pipeline\\Pipeline.php(167): Illuminate\\View\\Middleware\\ShareErrorsFromSession->handle(Object(Illuminate\\Http\\Request), Object(Closure))
#21 C:\\xampp\\htdocs\\kazimotoawards\\vendor\\laravel\\framework\\src\\Illuminate\\Session\\Middleware\\StartSession.php(121): Illuminate\\Pipeline\\Pipeline->Illuminate\\Pipeline\\{closure}(Object(Illuminate\\Http\\Request))
#22 C:\\xampp\\htdocs\\kazimotoawards\\vendor\\laravel\\framework\\src\\Illuminate\\Session\\Middleware\\StartSession.php(64): Illuminate\\Session\\Middleware\\StartSession->handleStatefulRequest(Object(Illuminate\\Http\\Request), Object(Illuminate\\Session\\Store), Object(Closure))
#23 C:\\xampp\\htdocs\\kazimotoawards\\vendor\\laravel\\framework\\src\\Illuminate\\Pipeline\\Pipeline.php(167): Illuminate\\Session\\Middleware\\StartSession->handle(Object(Illuminate\\Http\\Request), Object(Closure))
#24 C:\\xampp\\htdocs\\kazimotoawards\\vendor\\laravel\\framework\\src\\Illuminate\\Cookie\\Middleware\\AddQueuedCookiesToResponse.php(37): Illuminate\\Pipeline\\Pipeline->Illuminate\\Pipeline\\{closure}(Object(Illuminate\\Http\\Request))
#25 C:\\xampp\\htdocs\\kazimotoawards\\vendor\\laravel\\framework\\src\\Illuminate\\Pipeline\\Pipeline.php(167): Illuminate\\Cookie\\Middleware\\AddQueuedCookiesToResponse->handle(Object(Illuminate\\Http\\Request), Object(Closure))
#26 C:\\xampp\\htdocs\\kazimotoawards\\vendor\\laravel\\framework\\src\\Illuminate\\Cookie\\Middleware\\EncryptCookies.php(67): Illuminate\\Pipeline\\Pipeline->Illuminate\\Pipeline\\{closure}(Object(Illuminate\\Http\\Request))
#27 C:\\xampp\\htdocs\\kazimotoawards\\vendor\\laravel\\framework\\src\\Illuminate\\Pipeline\\Pipeline.php(167): Illuminate\\Cookie\\Middleware\\EncryptCookies->handle(Object(Illuminate\\Http\\Request), Object(Closure))
#28 C:\\xampp\\htdocs\\kazimotoawards\\vendor\\laravel\\framework\\src\\Illuminate\\Pipeline\\Pipeline.php(103): Illuminate\\Pipeline\\Pipeline->Illuminate\\Pipeline\\{closure}(Object(Illuminate\\Http\\Request))
#29 C:\\xampp\\htdocs\\kazimotoawards\\vendor\\laravel\\framework\\src\\Illuminate\\Routing\\Router.php(719): Illuminate\\Pipeline\\Pipeline->then(Object(Closure))
#30 C:\\xampp\\htdocs\\kazimotoawards\\vendor\\laravel\\framework\\src\\Illuminate\\Routing\\Router.php(698): Illuminate\\Routing\\Router->runRouteWithinStack(Object(Illuminate\\Routing\\Route), Object(Illuminate\\Http\\Request))
#31 C:\\xampp\\htdocs\\kazimotoawards\\vendor\\laravel\\framework\\src\\Illuminate\\Routing\\Router.php(662): Illuminate\\Routing\\Router->runRoute(Object(Illuminate\\Http\\Request), Object(Illuminate\\Routing\\Route))
#32 C:\\xampp\\htdocs\\kazimotoawards\\vendor\\laravel\\framework\\src\\Illuminate\\Routing\\Router.php(651): Illuminate\\Routing\\Router->dispatchToRoute(Object(Illuminate\\Http\\Request))
#33 C:\\xampp\\htdocs\\kazimotoawards\\vendor\\laravel\\framework\\src\\Illuminate\\Foundation\\Http\\Kernel.php(167): Illuminate\\Routing\\Router->dispatch(Object(Illuminate\\Http\\Request))
#34 C:\\xampp\\htdocs\\kazimotoawards\\vendor\\laravel\\framework\\src\\Illuminate\\Pipeline\\Pipeline.php(128): Illuminate\\Foundation\\Http\\Kernel->Illuminate\\Foundation\\Http\\{closure}(Object(Illuminate\\Http\\Request))
#35 C:\\xampp\\htdocs\\kazimotoawards\\vendor\\laravel\\framework\\src\\Illuminate\\Foundation\\Http\\Middleware\\TransformsRequest.php(21): Illuminate\\Pipeline\\Pipeline->Illuminate\\Pipeline\\{closure}(Object(Illuminate\\Http\\Request))
#36 C:\\xampp\\htdocs\\kazimotoawards\\vendor\\laravel\\framework\\src\\Illuminate\\Foundation\\Http\\Middleware\\ConvertEmptyStringsToNull.php(31): Illuminate\\Foundation\\Http\\Middleware\\TransformsRequest->handle(Object(Illuminate\\Http\\Request), Object(Closure))
#37 C:\\xampp\\htdocs\\kazimotoawards\\vendor\\laravel\\framework\\src\\Illuminate\\Pipeline\\Pipeline.php(167): Illuminate\\Foundation\\Http\\Middleware\\ConvertEmptyStringsToNull->handle(Object(Illuminate\\Http\\Request), Object(Closure))
#38 C:\\xampp\\htdocs\\kazimotoawards\\vendor\\laravel\\framework\\src\\Illuminate\\Foundation\\Http\\Middleware\\TransformsRequest.php(21): Illuminate\\Pipeline\\Pipeline->Illuminate\\Pipeline\\{closure}(Object(Illuminate\\Http\\Request))
#39 C:\\xampp\\htdocs\\kazimotoawards\\vendor\\laravel\\framework\\src\\Illuminate\\Foundation\\Http\\Middleware\\TrimStrings.php(40): Illuminate\\Foundation\\Http\\Middleware\\TransformsRequest->handle(Object(Illuminate\\Http\\Request), Object(Closure))
#40 C:\\xampp\\htdocs\\kazimotoawards\\vendor\\laravel\\framework\\src\\Illuminate\\Pipeline\\Pipeline.php(167): Illuminate\\Foundation\\Http\\Middleware\\TrimStrings->handle(Object(Illuminate\\Http\\Request), Object(Closure))
#41 C:\\xampp\\htdocs\\kazimotoawards\\vendor\\laravel\\framework\\src\\Illuminate\\Foundation\\Http\\Middleware\\ValidatePostSize.php(27): Illuminate\\Pipeline\\Pipeline->Illuminate\\Pipeline\\{closure}(Object(Illuminate\\Http\\Request))
#42 C:\\xampp\\htdocs\\kazimotoawards\\vendor\\laravel\\framework\\src\\Illuminate\\Pipeline\\Pipeline.php(167): Illuminate\\Foundation\\Http\\Middleware\\ValidatePostSize->handle(Object(Illuminate\\Http\\Request), Object(Closure))
#43 C:\\xampp\\htdocs\\kazimotoawards\\vendor\\laravel\\framework\\src\\Illuminate\\Foundation\\Http\\Middleware\\PreventRequestsDuringMaintenance.php(86): Illuminate\\Pipeline\\Pipeline->Illuminate\\Pipeline\\{closure}(Object(Illuminate\\Http\\Request))
#44 C:\\xampp\\htdocs\\kazimotoawards\\vendor\\laravel\\framework\\src\\Illuminate\\Pipeline\\Pipeline.php(167): Illuminate\\Foundation\\Http\\Middleware\\PreventRequestsDuringMaintenance->handle(Object(Illuminate\\Http\\Request), Object(Closure))
#45 C:\\xampp\\htdocs\\kazimotoawards\\vendor\\fruitcake\\laravel-cors\\src\\HandleCors.php(38): Illuminate\\Pipeline\\Pipeline->Illuminate\\Pipeline\\{closure}(Object(Illuminate\\Http\\Request))
#46 C:\\xampp\\htdocs\\kazimotoawards\\vendor\\laravel\\framework\\src\\Illuminate\\Pipeline\\Pipeline.php(167): Fruitcake\\Cors\\HandleCors->handle(Object(Illuminate\\Http\\Request), Object(Closure))
#47 C:\\xampp\\htdocs\\kazimotoawards\\vendor\\fideloper\\proxy\\src\\TrustProxies.php(57): Illuminate\\Pipeline\\Pipeline->Illuminate\\Pipeline\\{closure}(Object(Illuminate\\Http\\Request))
#48 C:\\xampp\\htdocs\\kazimotoawards\\vendor\\laravel\\framework\\src\\Illuminate\\Pipeline\\Pipeline.php(167): Fideloper\\Proxy\\TrustProxies->handle(Object(Illuminate\\Http\\Request), Object(Closure))
#49 C:\\xampp\\htdocs\\kazimotoawards\\vendor\\laravel\\framework\\src\\Illuminate\\Pipeline\\Pipeline.php(103): Illuminate\\Pipeline\\Pipeline->Illuminate\\Pipeline\\{closure}(Object(Illuminate\\Http\\Request))
#50 C:\\xampp\\htdocs\\kazimotoawards\\vendor\\laravel\\framework\\src\\Illuminate\\Foundation\\Http\\Kernel.php(142): Illuminate\\Pipeline\\Pipeline->then(Object(Closure))
#51 C:\\xampp\\htdocs\\kazimotoawards\\vendor\\laravel\\framework\\src\\Illuminate\\Foundation\\Http\\Kernel.php(111): Illuminate\\Foundation\\Http\\Kernel->sendRequestThroughRouter(Object(Illuminate\\Http\\Request))
#52 C:\\xampp\\htdocs\\kazimotoawards\\public\\index.php(51): Illuminate\\Foundation\\Http\\Kernel->handle(Object(Illuminate\\Http\\Request))
#53 C:\\xampp\\htdocs\\kazimotoawards\\server.php(21): require_once('C:\\\\xampp\\\\htdocs...')
#54 {main}

[previous exception] [object] (PDOException(code: 2002): SQLSTATE[HY000] [2002] No connection could be made because the target machine actively refused it at C:\\xampp\\htdocs\\kazimotoawards\\vendor\\laravel\\framework\\src\\Illuminate\\Database\\Connectors\\Connector.php:70)
[stacktrace]
#0 C:\\xampp\\htdocs\\kazimotoawards\\vendor\\laravel\\framework\\src\\Illuminate\\Database\\Connectors\\Connector.php(70): PDO->__construct('mysql:host=127....', 'root', Object(SensitiveParameterValue), Array)
#1 C:\\xampp\\htdocs\\kazimotoawards\\vendor\\laravel\\framework\\src\\Illuminate\\Database\\Connectors\\Connector.php(45): Illuminate\\Database\\Connectors\\Connector->createPdoConnection('mysql:host=127....', 'root', '', Array)
#2 C:\\xampp\\htdocs\\kazimotoawards\\vendor\\laravel\\framework\\src\\Illuminate\\Database\\Connectors\\MySqlConnector.php(24): Illuminate\\Database\\Connectors\\Connector->createConnection('mysql:host=127....', Array, Array)
#3 C:\\xampp\\htdocs\\kazimotoawards\\vendor\\laravel\\framework\\src\\Illuminate\\Database\\Connectors\\ConnectionFactory.php(184): Illuminate\\Database\\Connectors\\MySqlConnector->connect(Array)
#4 [internal function]: Illuminate\\Database\\Connectors\\ConnectionFactory->Illuminate\\Database\\Connectors\\{closure}()
#5 C:\\xampp\\htdocs\\kazimotoawards\\vendor\\laravel\\framework\\src\\Illuminate\\Database\\Connection.php(1064): call_user_func(Object(Closure))
#6 C:\\xampp\\htdocs\\kazimotoawards\\vendor\\laravel\\framework\\src\\Illuminate\\Database\\Connection.php(1100): Illuminate\\Database\\Connection->getPdo()
#7 C:\\xampp\\htdocs\\kazimotoawards\\vendor\\laravel\\framework\\src\\Illuminate\\Database\\Connection.php(442): Illuminate\\Database\\Connection->getReadPdo()
#8 C:\\xampp\\htdocs\\kazimotoawards\\vendor\\laravel\\framework\\src\\Illuminate\\Database\\Connection.php(368): Illuminate\\Database\\Connection->getPdoForSelect(true)
#9 C:\\xampp\\htdocs\\kazimotoawards\\vendor\\laravel\\framework\\src\\Illuminate\\Database\\Connection.php(705): Illuminate\\Database\\Connection->Illuminate\\Database\\{closure}('select * from `...', Array)
#10 C:\\xampp\\htdocs\\kazimotoawards\\vendor\\laravel\\framework\\src\\Illuminate\\Database\\Connection.php(672): Illuminate\\Database\\Connection->runQueryCallback('select * from `...', Array, Object(Closure))
#11 C:\\xampp\\htdocs\\kazimotoawards\\vendor\\laravel\\framework\\src\\Illuminate\\Database\\Connection.php(359): Illuminate\\Database\\Connection->run('select * from `...', Array, Object(Closure))
#12 C:\\xampp\\htdocs\\kazimotoawards\\vendor\\laravel\\framework\\src\\Illuminate\\Database\\Query\\Builder.php(2413): Illuminate\\Database\\Connection->select('select * from `...', Array, true)
#13 C:\\xampp\\htdocs\\kazimotoawards\\vendor\\laravel\\framework\\src\\Illuminate\\Database\\Query\\Builder.php(2402): Illuminate\\Database\\Query\\Builder->runSelect()
#14 C:\\xampp\\htdocs\\kazimotoawards\\vendor\\laravel\\framework\\src\\Illuminate\\Database\\Query\\Builder.php(2936): Illuminate\\Database\\Query\\Builder->Illuminate\\Database\\Query\\{closure}()
#15 C:\\xampp\\htdocs\\kazimotoawards\\vendor\\laravel\\framework\\src\\Illuminate\\Database\\Query\\Builder.php(2401): Illuminate\\Database\\Query\\Builder->onceWithColumns(Array, Object(Closure))
#16 C:\\xampp\\htdocs\\kazimotoawards\\vendor\\laravel\\framework\\src\\Illuminate\\Database\\Eloquent\\Builder.php(625): Illuminate\\Database\\Query\\Builder->get(Array)
#17 C:\\xampp\\htdocs\\kazimotoawards\\vendor\\laravel\\framework\\src\\Illuminate\\Database\\Eloquent\\Builder.php(609): Illuminate\\Database\\Eloquent\\Builder->getModels(Array)
#18 C:\\xampp\\htdocs\\kazimotoawards\\app\\Http\\Controllers\\websiteController.php(32): Illuminate\\Database\\Eloquent\\Builder->get()
#19 C:\\xampp\\htdocs\\kazimotoawards\\vendor\\laravel\\framework\\src\\Illuminate\\Routing\\Controller.php(54): App\\Http\\Controllers\\WebsiteController->index()
#20 C:\\xampp\\htdocs\\kazimotoawards\\vendor\\laravel\\framework\\src\\Illuminate\\Routing\\ControllerDispatcher.php(45): Illuminate\\Routing\\Controller->callAction('index', Array)
#21 C:\\xampp\\htdocs\\kazimotoawards\\vendor\\laravel\\framework\\src\\Illuminate\\Routing\\Route.php(261): Illuminate\\Routing\\ControllerDispatcher->dispatch(Object(Illuminate\\Routing\\Route), Object(App\\Http\\Controllers\\WebsiteController), 'index')
#22 C:\\xampp\\htdocs\\kazimotoawards\\vendor\\laravel\\framework\\src\\Illuminate\\Routing\\Route.php(205): Illuminate\\Routing\\Route->runController()
#23 C:\\xampp\\htdocs\\kazimotoawards\\vendor\\laravel\\framework\\src\\Illuminate\\Routing\\Router.php(721): Illuminate\\Routing\\Route->run()
#24 C:\\xampp\\htdocs\\kazimotoawards\\vendor\\laravel\\framework\\src\\Illuminate\\Pipeline\\Pipeline.php(128): Illuminate\\Routing\\Router->Illuminate\\Routing\\{closure}(Object(Illuminate\\Http\\Request))
#25 C:\\xampp\\htdocs\\kazimotoawards\\vendor\\laravel\\framework\\src\\Illuminate\\Routing\\Middleware\\SubstituteBindings.php(50): Illuminate\\Pipeline\\Pipeline->Illuminate\\Pipeline\\{closure}(Object(Illuminate\\Http\\Request))
#26 C:\\xampp\\htdocs\\kazimotoawards\\vendor\\laravel\\framework\\src\\Illuminate\\Pipeline\\Pipeline.php(167): Illuminate\\Routing\\Middleware\\SubstituteBindings->handle(Object(Illuminate\\Http\\Request), Object(Closure))
#27 C:\\xampp\\htdocs\\kazimotoawards\\vendor\\laravel\\framework\\src\\Illuminate\\Foundation\\Http\\Middleware\\VerifyCsrfToken.php(78): Illuminate\\Pipeline\\Pipeline->Illuminate\\Pipeline\\{closure}(Object(Illuminate\\Http\\Request))
#28 C:\\xampp\\htdocs\\kazimotoawards\\vendor\\laravel\\framework\\src\\Illuminate\\Pipeline\\Pipeline.php(167): Illuminate\\Foundation\\Http\\Middleware\\VerifyCsrfToken->handle(Object(Illuminate\\Http\\Request), Object(Closure))
#29 C:\\xampp\\htdocs\\kazimotoawards\\vendor\\laravel\\framework\\src\\Illuminate\\View\\Middleware\\ShareErrorsFromSession.php(49): Illuminate\\Pipeline\\Pipeline->Illuminate\\Pipeline\\{closure}(Object(Illuminate\\Http\\Request))
#30 C:\\xampp\\htdocs\\kazimotoawards\\vendor\\laravel\\framework\\src\\Illuminate\\Pipeline\\Pipeline.php(167): Illuminate\\View\\Middleware\\ShareErrorsFromSession->handle(Object(Illuminate\\Http\\Request), Object(Closure))
#31 C:\\xampp\\htdocs\\kazimotoawards\\vendor\\laravel\\framework\\src\\Illuminate\\Session\\Middleware\\StartSession.php(121): Illuminate\\Pipeline\\Pipeline->Illuminate\\Pipeline\\{closure}(Object(Illuminate\\Http\\Request))
#32 C:\\xampp\\htdocs\\kazimotoawards\\vendor\\laravel\\framework\\src\\Illuminate\\Session\\Middleware\\StartSession.php(64): Illuminate\\Session\\Middleware\\StartSession->handleStatefulRequest(Object(Illuminate\\Http\\Request), Object(Illuminate\\Session\\Store), Object(Closure))
#33 C:\\xampp\\htdocs\\kazimotoawards\\vendor\\laravel\\framework\\src\\Illuminate\\Pipeline\\Pipeline.php(167): Illuminate\\Session\\Middleware\\StartSession->handle(Object(Illuminate\\Http\\Request), Object(Closure))
#34 C:\\xampp\\htdocs\\kazimotoawards\\vendor\\laravel\\framework\\src\\Illuminate\\Cookie\\Middleware\\AddQueuedCookiesToResponse.php(37): Illuminate\\Pipeline\\Pipeline->Illuminate\\Pipeline\\{closure}(Object(Illuminate\\Http\\Request))
#35 C:\\xampp\\htdocs\\kazimotoawards\\vendor\\laravel\\framework\\src\\Illuminate\\Pipeline\\Pipeline.php(167): Illuminate\\Cookie\\Middleware\\AddQueuedCookiesToResponse->handle(Object(Illuminate\\Http\\Request), Object(Closure))
#36 C:\\xampp\\htdocs\\kazimotoawards\\vendor\\laravel\\framework\\src\\Illuminate\\Cookie\\Middleware\\EncryptCookies.php(67): Illuminate\\Pipeline\\Pipeline->Illuminate\\Pipeline\\{closure}(Object(Illuminate\\Http\\Request))
#37 C:\\xampp\\htdocs\\kazimotoawards\\vendor\\laravel\\framework\\src\\Illuminate\\Pipeline\\Pipeline.php(167): Illuminate\\Cookie\\Middleware\\EncryptCookies->handle(Object(Illuminate\\Http\\Request), Object(Closure))
#38 C:\\xampp\\htdocs\\kazimotoawards\\vendor\\laravel\\framework\\src\\Illuminate\\Pipeline\\Pipeline.php(103): Illuminate\\Pipeline\\Pipeline->Illuminate\\Pipeline\\{closure}(Object(Illuminate\\Http\\Request))
#39 C:\\xampp\\htdocs\\kazimotoawards\\vendor\\laravel\\framework\\src\\Illuminate\\Routing\\Router.php(719): Illuminate\\Pipeline\\Pipeline->then(Object(Closure))
#40 C:\\xampp\\htdocs\\kazimotoawards\\vendor\\laravel\\framework\\src\\Illuminate\\Routing\\Router.php(698): Illuminate\\Routing\\Router->runRouteWithinStack(Object(Illuminate\\Routing\\Route), Object(Illuminate\\Http\\Request))
#41 C:\\xampp\\htdocs\\kazimotoawards\\vendor\\laravel\\framework\\src\\Illuminate\\Routing\\Router.php(662): Illuminate\\Routing\\Router->runRoute(Object(Illuminate\\Http\\Request), Object(Illuminate\\Routing\\Route))
#42 C:\\xampp\\htdocs\\kazimotoawards\\vendor\\laravel\\framework\\src\\Illuminate\\Routing\\Router.php(651): Illuminate\\Routing\\Router->dispatchToRoute(Object(Illuminate\\Http\\Request))
#43 C:\\xampp\\htdocs\\kazimotoawards\\vendor\\laravel\\framework\\src\\Illuminate\\Foundation\\Http\\Kernel.php(167): Illuminate\\Routing\\Router->dispatch(Object(Illuminate\\Http\\Request))
#44 C:\\xampp\\htdocs\\kazimotoawards\\vendor\\laravel\\framework\\src\\Illuminate\\Pipeline\\Pipeline.php(128): Illuminate\\Foundation\\Http\\Kernel->Illuminate\\Foundation\\Http\\{closure}(Object(Illuminate\\Http\\Request))
#45 C:\\xampp\\htdocs\\kazimotoawards\\vendor\\laravel\\framework\\src\\Illuminate\\Foundation\\Http\\Middleware\\TransformsRequest.php(21): Illuminate\\Pipeline\\Pipeline->Illuminate\\Pipeline\\{closure}(Object(Illuminate\\Http\\Request))
#46 C:\\xampp\\htdocs\\kazimotoawards\\vendor\\laravel\\framework\\src\\Illuminate\\Foundation\\Http\\Middleware\\ConvertEmptyStringsToNull.php(31): Illuminate\\Foundation\\Http\\Middleware\\TransformsRequest->handle(Object(Illuminate\\Http\\Request), Object(Closure))
#47 C:\\xampp\\htdocs\\kazimotoawards\\vendor\\laravel\\framework\\src\\Illuminate\\Pipeline\\Pipeline.php(167): Illuminate\\Foundation\\Http\\Middleware\\ConvertEmptyStringsToNull->handle(Object(Illuminate\\Http\\Request), Object(Closure))
#48 C:\\xampp\\htdocs\\kazimotoawards\\vendor\\laravel\\framework\\src\\Illuminate\\Foundation\\Http\\Middleware\\TransformsRequest.php(21): Illuminate\\Pipeline\\Pipeline->Illuminate\\Pipeline\\{closure}(Object(Illuminate\\Http\\Request))
#49 C:\\xampp\\htdocs\\kazimotoawards\\vendor\\laravel\\framework\\src\\Illuminate\\Foundation\\Http\\Middleware\\TrimStrings.php(40): Illuminate\\Foundation\\Http\\Middleware\\TransformsRequest->handle(Object(Illuminate\\Http\\Request), Object(Closure))
#50 C:\\xampp\\htdocs\\kazimotoawards\\vendor\\laravel\\framework\\src\\Illuminate\\Pipeline\\Pipeline.php(167): Illuminate\\Foundation\\Http\\Middleware\\TrimStrings->handle(Object(Illuminate\\Http\\Request), Object(Closure))
#51 C:\\xampp\\htdocs\\kazimotoawards\\vendor\\laravel\\framework\\src\\Illuminate\\Foundation\\Http\\Middleware\\ValidatePostSize.php(27): Illuminate\\Pipeline\\Pipeline->Illuminate\\Pipeline\\{closure}(Object(Illuminate\\Http\\Request))
#52 C:\\xampp\\htdocs\\kazimotoawards\\vendor\\laravel\\framework\\src\\Illuminate\\Pipeline\\Pipeline.php(167): Illuminate\\Foundation\\Http\\Middleware\\ValidatePostSize->handle(Object(Illuminate\\Http\\Request), Object(Closure))
#53 C:\\xampp\\htdocs\\kazimotoawards\\vendor\\laravel\\framework\\src\\Illuminate\\Foundation\\Http\\Middleware\\PreventRequestsDuringMaintenance.php(86): Illuminate\\Pipeline\\Pipeline->Illuminate\\Pipeline\\{closure}(Object(Illuminate\\Http\\Request))
#54 C:\\xampp\\htdocs\\kazimotoawards\\vendor\\laravel\\framework\\src\\Illuminate\\Pipeline\\Pipeline.php(167): Illuminate\\Foundation\\Http\\Middleware\\PreventRequestsDuringMaintenance->handle(Object(Illuminate\\Http\\Request), Object(Closure))
#55 C:\\xampp\\htdocs\\kazimotoawards\\vendor\\fruitcake\\laravel-cors\\src\\HandleCors.php(38): Illuminate\\Pipeline\\Pipeline->Illuminate\\Pipeline\\{closure}(Object(Illuminate\\Http\\Request))
#56 C:\\xampp\\htdocs\\kazimotoawards\\vendor\\laravel\\framework\\src\\Illuminate\\Pipeline\\Pipeline.php(167): Fruitcake\\Cors\\HandleCors->handle(Object(Illuminate\\Http\\Request), Object(Closure))
#57 C:\\xampp\\htdocs\\kazimotoawards\\vendor\\fideloper\\proxy\\src\\TrustProxies.php(57): Illuminate\\Pipeline\\Pipeline->Illuminate\\Pipeline\\{closure}(Object(Illuminate\\Http\\Request))
#58 C:\\xampp\\htdocs\\kazimotoawards\\vendor\\laravel\\framework\\src\\Illuminate\\Pipeline\\Pipeline.php(167): Fideloper\\Proxy\\TrustProxies->handle(Object(Illuminate\\Http\\Request), Object(Closure))
#59 C:\\xampp\\htdocs\\kazimotoawards\\vendor\\laravel\\framework\\src\\Illuminate\\Pipeline\\Pipeline.php(103): Illuminate\\Pipeline\\Pipeline->Illuminate\\Pipeline\\{closure}(Object(Illuminate\\Http\\Request))
#60 C:\\xampp\\htdocs\\kazimotoawards\\vendor\\laravel\\framework\\src\\Illuminate\\Foundation\\Http\\Kernel.php(142): Illuminate\\Pipeline\\Pipeline->then(Object(Closure))
#61 C:\\xampp\\htdocs\\kazimotoawards\\vendor\\laravel\\framework\\src\\Illuminate\\Foundation\\Http\\Kernel.php(111): Illuminate\\Foundation\\Http\\Kernel->sendRequestThroughRouter(Object(Illuminate\\Http\\Request))
#62 C:\\xampp\\htdocs\\kazimotoawards\\public\\index.php(51): Illuminate\\Foundation\\Http\\Kernel->handle(Object(Illuminate\\Http\\Request))
#63 C:\\xampp\\htdocs\\kazimotoawards\\server.php(21): require_once('C:\\\\xampp\\\\htdocs...')
#64 {main}
"} 
[2025-08-11 17:50:34] local.ERROR: SQLSTATE[HY000] [2002] No connection could be made because the target machine actively refused it (SQL: select * from `donors` where `status` = Active) {"exception":"[object] (Illuminate\\Database\\QueryException(code: 2002): SQLSTATE[HY000] [2002] No connection could be made because the target machine actively refused it (SQL: select * from `donors` where `status` = Active) at C:\\xampp\\htdocs\\kazimotoawards\\vendor\\laravel\\framework\\src\\Illuminate\\Database\\Connection.php:712)
[stacktrace]
#0 C:\\xampp\\htdocs\\kazimotoawards\\vendor\\laravel\\framework\\src\\Illuminate\\Database\\Connection.php(672): Illuminate\\Database\\Connection->runQueryCallback('select * from `...', Array, Object(Closure))
#1 C:\\xampp\\htdocs\\kazimotoawards\\vendor\\laravel\\framework\\src\\Illuminate\\Database\\Connection.php(359): Illuminate\\Database\\Connection->run('select * from `...', Array, Object(Closure))
#2 C:\\xampp\\htdocs\\kazimotoawards\\vendor\\laravel\\framework\\src\\Illuminate\\Database\\Query\\Builder.php(2413): Illuminate\\Database\\Connection->select('select * from `...', Array, true)
#3 C:\\xampp\\htdocs\\kazimotoawards\\vendor\\laravel\\framework\\src\\Illuminate\\Database\\Query\\Builder.php(2402): Illuminate\\Database\\Query\\Builder->runSelect()
#4 C:\\xampp\\htdocs\\kazimotoawards\\vendor\\laravel\\framework\\src\\Illuminate\\Database\\Query\\Builder.php(2936): Illuminate\\Database\\Query\\Builder->Illuminate\\Database\\Query\\{closure}()
#5 C:\\xampp\\htdocs\\kazimotoawards\\vendor\\laravel\\framework\\src\\Illuminate\\Database\\Query\\Builder.php(2401): Illuminate\\Database\\Query\\Builder->onceWithColumns(Array, Object(Closure))
#6 C:\\xampp\\htdocs\\kazimotoawards\\vendor\\laravel\\framework\\src\\Illuminate\\Database\\Eloquent\\Builder.php(625): Illuminate\\Database\\Query\\Builder->get(Array)
#7 C:\\xampp\\htdocs\\kazimotoawards\\vendor\\laravel\\framework\\src\\Illuminate\\Database\\Eloquent\\Builder.php(609): Illuminate\\Database\\Eloquent\\Builder->getModels(Array)
#8 C:\\xampp\\htdocs\\kazimotoawards\\app\\Http\\Controllers\\websiteController.php(32): Illuminate\\Database\\Eloquent\\Builder->get()
#9 C:\\xampp\\htdocs\\kazimotoawards\\vendor\\laravel\\framework\\src\\Illuminate\\Routing\\Controller.php(54): App\\Http\\Controllers\\WebsiteController->index()
#10 C:\\xampp\\htdocs\\kazimotoawards\\vendor\\laravel\\framework\\src\\Illuminate\\Routing\\ControllerDispatcher.php(45): Illuminate\\Routing\\Controller->callAction('index', Array)
#11 C:\\xampp\\htdocs\\kazimotoawards\\vendor\\laravel\\framework\\src\\Illuminate\\Routing\\Route.php(261): Illuminate\\Routing\\ControllerDispatcher->dispatch(Object(Illuminate\\Routing\\Route), Object(App\\Http\\Controllers\\WebsiteController), 'index')
#12 C:\\xampp\\htdocs\\kazimotoawards\\vendor\\laravel\\framework\\src\\Illuminate\\Routing\\Route.php(205): Illuminate\\Routing\\Route->runController()
#13 C:\\xampp\\htdocs\\kazimotoawards\\vendor\\laravel\\framework\\src\\Illuminate\\Routing\\Router.php(721): Illuminate\\Routing\\Route->run()
#14 C:\\xampp\\htdocs\\kazimotoawards\\vendor\\laravel\\framework\\src\\Illuminate\\Pipeline\\Pipeline.php(128): Illuminate\\Routing\\Router->Illuminate\\Routing\\{closure}(Object(Illuminate\\Http\\Request))
#15 C:\\xampp\\htdocs\\kazimotoawards\\vendor\\laravel\\framework\\src\\Illuminate\\Routing\\Middleware\\SubstituteBindings.php(50): Illuminate\\Pipeline\\Pipeline->Illuminate\\Pipeline\\{closure}(Object(Illuminate\\Http\\Request))
#16 C:\\xampp\\htdocs\\kazimotoawards\\vendor\\laravel\\framework\\src\\Illuminate\\Pipeline\\Pipeline.php(167): Illuminate\\Routing\\Middleware\\SubstituteBindings->handle(Object(Illuminate\\Http\\Request), Object(Closure))
#17 C:\\xampp\\htdocs\\kazimotoawards\\vendor\\laravel\\framework\\src\\Illuminate\\Foundation\\Http\\Middleware\\VerifyCsrfToken.php(78): Illuminate\\Pipeline\\Pipeline->Illuminate\\Pipeline\\{closure}(Object(Illuminate\\Http\\Request))
#18 C:\\xampp\\htdocs\\kazimotoawards\\vendor\\laravel\\framework\\src\\Illuminate\\Pipeline\\Pipeline.php(167): Illuminate\\Foundation\\Http\\Middleware\\VerifyCsrfToken->handle(Object(Illuminate\\Http\\Request), Object(Closure))
#19 C:\\xampp\\htdocs\\kazimotoawards\\vendor\\laravel\\framework\\src\\Illuminate\\View\\Middleware\\ShareErrorsFromSession.php(49): Illuminate\\Pipeline\\Pipeline->Illuminate\\Pipeline\\{closure}(Object(Illuminate\\Http\\Request))
#20 C:\\xampp\\htdocs\\kazimotoawards\\vendor\\laravel\\framework\\src\\Illuminate\\Pipeline\\Pipeline.php(167): Illuminate\\View\\Middleware\\ShareErrorsFromSession->handle(Object(Illuminate\\Http\\Request), Object(Closure))
#21 C:\\xampp\\htdocs\\kazimotoawards\\vendor\\laravel\\framework\\src\\Illuminate\\Session\\Middleware\\StartSession.php(121): Illuminate\\Pipeline\\Pipeline->Illuminate\\Pipeline\\{closure}(Object(Illuminate\\Http\\Request))
#22 C:\\xampp\\htdocs\\kazimotoawards\\vendor\\laravel\\framework\\src\\Illuminate\\Session\\Middleware\\StartSession.php(64): Illuminate\\Session\\Middleware\\StartSession->handleStatefulRequest(Object(Illuminate\\Http\\Request), Object(Illuminate\\Session\\Store), Object(Closure))
#23 C:\\xampp\\htdocs\\kazimotoawards\\vendor\\laravel\\framework\\src\\Illuminate\\Pipeline\\Pipeline.php(167): Illuminate\\Session\\Middleware\\StartSession->handle(Object(Illuminate\\Http\\Request), Object(Closure))
#24 C:\\xampp\\htdocs\\kazimotoawards\\vendor\\laravel\\framework\\src\\Illuminate\\Cookie\\Middleware\\AddQueuedCookiesToResponse.php(37): Illuminate\\Pipeline\\Pipeline->Illuminate\\Pipeline\\{closure}(Object(Illuminate\\Http\\Request))
#25 C:\\xampp\\htdocs\\kazimotoawards\\vendor\\laravel\\framework\\src\\Illuminate\\Pipeline\\Pipeline.php(167): Illuminate\\Cookie\\Middleware\\AddQueuedCookiesToResponse->handle(Object(Illuminate\\Http\\Request), Object(Closure))
#26 C:\\xampp\\htdocs\\kazimotoawards\\vendor\\laravel\\framework\\src\\Illuminate\\Cookie\\Middleware\\EncryptCookies.php(67): Illuminate\\Pipeline\\Pipeline->Illuminate\\Pipeline\\{closure}(Object(Illuminate\\Http\\Request))
#27 C:\\xampp\\htdocs\\kazimotoawards\\vendor\\laravel\\framework\\src\\Illuminate\\Pipeline\\Pipeline.php(167): Illuminate\\Cookie\\Middleware\\EncryptCookies->handle(Object(Illuminate\\Http\\Request), Object(Closure))
#28 C:\\xampp\\htdocs\\kazimotoawards\\vendor\\laravel\\framework\\src\\Illuminate\\Pipeline\\Pipeline.php(103): Illuminate\\Pipeline\\Pipeline->Illuminate\\Pipeline\\{closure}(Object(Illuminate\\Http\\Request))
#29 C:\\xampp\\htdocs\\kazimotoawards\\vendor\\laravel\\framework\\src\\Illuminate\\Routing\\Router.php(719): Illuminate\\Pipeline\\Pipeline->then(Object(Closure))
#30 C:\\xampp\\htdocs\\kazimotoawards\\vendor\\laravel\\framework\\src\\Illuminate\\Routing\\Router.php(698): Illuminate\\Routing\\Router->runRouteWithinStack(Object(Illuminate\\Routing\\Route), Object(Illuminate\\Http\\Request))
#31 C:\\xampp\\htdocs\\kazimotoawards\\vendor\\laravel\\framework\\src\\Illuminate\\Routing\\Router.php(662): Illuminate\\Routing\\Router->runRoute(Object(Illuminate\\Http\\Request), Object(Illuminate\\Routing\\Route))
#32 C:\\xampp\\htdocs\\kazimotoawards\\vendor\\laravel\\framework\\src\\Illuminate\\Routing\\Router.php(651): Illuminate\\Routing\\Router->dispatchToRoute(Object(Illuminate\\Http\\Request))
#33 C:\\xampp\\htdocs\\kazimotoawards\\vendor\\laravel\\framework\\src\\Illuminate\\Foundation\\Http\\Kernel.php(167): Illuminate\\Routing\\Router->dispatch(Object(Illuminate\\Http\\Request))
#34 C:\\xampp\\htdocs\\kazimotoawards\\vendor\\laravel\\framework\\src\\Illuminate\\Pipeline\\Pipeline.php(128): Illuminate\\Foundation\\Http\\Kernel->Illuminate\\Foundation\\Http\\{closure}(Object(Illuminate\\Http\\Request))
#35 C:\\xampp\\htdocs\\kazimotoawards\\vendor\\laravel\\framework\\src\\Illuminate\\Foundation\\Http\\Middleware\\TransformsRequest.php(21): Illuminate\\Pipeline\\Pipeline->Illuminate\\Pipeline\\{closure}(Object(Illuminate\\Http\\Request))
#36 C:\\xampp\\htdocs\\kazimotoawards\\vendor\\laravel\\framework\\src\\Illuminate\\Foundation\\Http\\Middleware\\ConvertEmptyStringsToNull.php(31): Illuminate\\Foundation\\Http\\Middleware\\TransformsRequest->handle(Object(Illuminate\\Http\\Request), Object(Closure))
#37 C:\\xampp\\htdocs\\kazimotoawards\\vendor\\laravel\\framework\\src\\Illuminate\\Pipeline\\Pipeline.php(167): Illuminate\\Foundation\\Http\\Middleware\\ConvertEmptyStringsToNull->handle(Object(Illuminate\\Http\\Request), Object(Closure))
#38 C:\\xampp\\htdocs\\kazimotoawards\\vendor\\laravel\\framework\\src\\Illuminate\\Foundation\\Http\\Middleware\\TransformsRequest.php(21): Illuminate\\Pipeline\\Pipeline->Illuminate\\Pipeline\\{closure}(Object(Illuminate\\Http\\Request))
#39 C:\\xampp\\htdocs\\kazimotoawards\\vendor\\laravel\\framework\\src\\Illuminate\\Foundation\\Http\\Middleware\\TrimStrings.php(40): Illuminate\\Foundation\\Http\\Middleware\\TransformsRequest->handle(Object(Illuminate\\Http\\Request), Object(Closure))
#40 C:\\xampp\\htdocs\\kazimotoawards\\vendor\\laravel\\framework\\src\\Illuminate\\Pipeline\\Pipeline.php(167): Illuminate\\Foundation\\Http\\Middleware\\TrimStrings->handle(Object(Illuminate\\Http\\Request), Object(Closure))
#41 C:\\xampp\\htdocs\\kazimotoawards\\vendor\\laravel\\framework\\src\\Illuminate\\Foundation\\Http\\Middleware\\ValidatePostSize.php(27): Illuminate\\Pipeline\\Pipeline->Illuminate\\Pipeline\\{closure}(Object(Illuminate\\Http\\Request))
#42 C:\\xampp\\htdocs\\kazimotoawards\\vendor\\laravel\\framework\\src\\Illuminate\\Pipeline\\Pipeline.php(167): Illuminate\\Foundation\\Http\\Middleware\\ValidatePostSize->handle(Object(Illuminate\\Http\\Request), Object(Closure))
#43 C:\\xampp\\htdocs\\kazimotoawards\\vendor\\laravel\\framework\\src\\Illuminate\\Foundation\\Http\\Middleware\\PreventRequestsDuringMaintenance.php(86): Illuminate\\Pipeline\\Pipeline->Illuminate\\Pipeline\\{closure}(Object(Illuminate\\Http\\Request))
#44 C:\\xampp\\htdocs\\kazimotoawards\\vendor\\laravel\\framework\\src\\Illuminate\\Pipeline\\Pipeline.php(167): Illuminate\\Foundation\\Http\\Middleware\\PreventRequestsDuringMaintenance->handle(Object(Illuminate\\Http\\Request), Object(Closure))
#45 C:\\xampp\\htdocs\\kazimotoawards\\vendor\\fruitcake\\laravel-cors\\src\\HandleCors.php(38): Illuminate\\Pipeline\\Pipeline->Illuminate\\Pipeline\\{closure}(Object(Illuminate\\Http\\Request))
#46 C:\\xampp\\htdocs\\kazimotoawards\\vendor\\laravel\\framework\\src\\Illuminate\\Pipeline\\Pipeline.php(167): Fruitcake\\Cors\\HandleCors->handle(Object(Illuminate\\Http\\Request), Object(Closure))
#47 C:\\xampp\\htdocs\\kazimotoawards\\vendor\\fideloper\\proxy\\src\\TrustProxies.php(57): Illuminate\\Pipeline\\Pipeline->Illuminate\\Pipeline\\{closure}(Object(Illuminate\\Http\\Request))
#48 C:\\xampp\\htdocs\\kazimotoawards\\vendor\\laravel\\framework\\src\\Illuminate\\Pipeline\\Pipeline.php(167): Fideloper\\Proxy\\TrustProxies->handle(Object(Illuminate\\Http\\Request), Object(Closure))
#49 C:\\xampp\\htdocs\\kazimotoawards\\vendor\\laravel\\framework\\src\\Illuminate\\Pipeline\\Pipeline.php(103): Illuminate\\Pipeline\\Pipeline->Illuminate\\Pipeline\\{closure}(Object(Illuminate\\Http\\Request))
#50 C:\\xampp\\htdocs\\kazimotoawards\\vendor\\laravel\\framework\\src\\Illuminate\\Foundation\\Http\\Kernel.php(142): Illuminate\\Pipeline\\Pipeline->then(Object(Closure))
#51 C:\\xampp\\htdocs\\kazimotoawards\\vendor\\laravel\\framework\\src\\Illuminate\\Foundation\\Http\\Kernel.php(111): Illuminate\\Foundation\\Http\\Kernel->sendRequestThroughRouter(Object(Illuminate\\Http\\Request))
#52 C:\\xampp\\htdocs\\kazimotoawards\\public\\index.php(51): Illuminate\\Foundation\\Http\\Kernel->handle(Object(Illuminate\\Http\\Request))
#53 C:\\xampp\\htdocs\\kazimotoawards\\server.php(21): require_once('C:\\\\xampp\\\\htdocs...')
#54 {main}

[previous exception] [object] (PDOException(code: 2002): SQLSTATE[HY000] [2002] No connection could be made because the target machine actively refused it at C:\\xampp\\htdocs\\kazimotoawards\\vendor\\laravel\\framework\\src\\Illuminate\\Database\\Connectors\\Connector.php:70)
[stacktrace]
#0 C:\\xampp\\htdocs\\kazimotoawards\\vendor\\laravel\\framework\\src\\Illuminate\\Database\\Connectors\\Connector.php(70): PDO->__construct('mysql:host=127....', 'root', Object(SensitiveParameterValue), Array)
#1 C:\\xampp\\htdocs\\kazimotoawards\\vendor\\laravel\\framework\\src\\Illuminate\\Database\\Connectors\\Connector.php(45): Illuminate\\Database\\Connectors\\Connector->createPdoConnection('mysql:host=127....', 'root', '', Array)
#2 C:\\xampp\\htdocs\\kazimotoawards\\vendor\\laravel\\framework\\src\\Illuminate\\Database\\Connectors\\MySqlConnector.php(24): Illuminate\\Database\\Connectors\\Connector->createConnection('mysql:host=127....', Array, Array)
#3 C:\\xampp\\htdocs\\kazimotoawards\\vendor\\laravel\\framework\\src\\Illuminate\\Database\\Connectors\\ConnectionFactory.php(184): Illuminate\\Database\\Connectors\\MySqlConnector->connect(Array)
#4 [internal function]: Illuminate\\Database\\Connectors\\ConnectionFactory->Illuminate\\Database\\Connectors\\{closure}()
#5 C:\\xampp\\htdocs\\kazimotoawards\\vendor\\laravel\\framework\\src\\Illuminate\\Database\\Connection.php(1064): call_user_func(Object(Closure))
#6 C:\\xampp\\htdocs\\kazimotoawards\\vendor\\laravel\\framework\\src\\Illuminate\\Database\\Connection.php(1100): Illuminate\\Database\\Connection->getPdo()
#7 C:\\xampp\\htdocs\\kazimotoawards\\vendor\\laravel\\framework\\src\\Illuminate\\Database\\Connection.php(442): Illuminate\\Database\\Connection->getReadPdo()
#8 C:\\xampp\\htdocs\\kazimotoawards\\vendor\\laravel\\framework\\src\\Illuminate\\Database\\Connection.php(368): Illuminate\\Database\\Connection->getPdoForSelect(true)
#9 C:\\xampp\\htdocs\\kazimotoawards\\vendor\\laravel\\framework\\src\\Illuminate\\Database\\Connection.php(705): Illuminate\\Database\\Connection->Illuminate\\Database\\{closure}('select * from `...', Array)
#10 C:\\xampp\\htdocs\\kazimotoawards\\vendor\\laravel\\framework\\src\\Illuminate\\Database\\Connection.php(672): Illuminate\\Database\\Connection->runQueryCallback('select * from `...', Array, Object(Closure))
#11 C:\\xampp\\htdocs\\kazimotoawards\\vendor\\laravel\\framework\\src\\Illuminate\\Database\\Connection.php(359): Illuminate\\Database\\Connection->run('select * from `...', Array, Object(Closure))
#12 C:\\xampp\\htdocs\\kazimotoawards\\vendor\\laravel\\framework\\src\\Illuminate\\Database\\Query\\Builder.php(2413): Illuminate\\Database\\Connection->select('select * from `...', Array, true)
#13 C:\\xampp\\htdocs\\kazimotoawards\\vendor\\laravel\\framework\\src\\Illuminate\\Database\\Query\\Builder.php(2402): Illuminate\\Database\\Query\\Builder->runSelect()
#14 C:\\xampp\\htdocs\\kazimotoawards\\vendor\\laravel\\framework\\src\\Illuminate\\Database\\Query\\Builder.php(2936): Illuminate\\Database\\Query\\Builder->Illuminate\\Database\\Query\\{closure}()
#15 C:\\xampp\\htdocs\\kazimotoawards\\vendor\\laravel\\framework\\src\\Illuminate\\Database\\Query\\Builder.php(2401): Illuminate\\Database\\Query\\Builder->onceWithColumns(Array, Object(Closure))
#16 C:\\xampp\\htdocs\\kazimotoawards\\vendor\\laravel\\framework\\src\\Illuminate\\Database\\Eloquent\\Builder.php(625): Illuminate\\Database\\Query\\Builder->get(Array)
#17 C:\\xampp\\htdocs\\kazimotoawards\\vendor\\laravel\\framework\\src\\Illuminate\\Database\\Eloquent\\Builder.php(609): Illuminate\\Database\\Eloquent\\Builder->getModels(Array)
#18 C:\\xampp\\htdocs\\kazimotoawards\\app\\Http\\Controllers\\websiteController.php(32): Illuminate\\Database\\Eloquent\\Builder->get()
#19 C:\\xampp\\htdocs\\kazimotoawards\\vendor\\laravel\\framework\\src\\Illuminate\\Routing\\Controller.php(54): App\\Http\\Controllers\\WebsiteController->index()
#20 C:\\xampp\\htdocs\\kazimotoawards\\vendor\\laravel\\framework\\src\\Illuminate\\Routing\\ControllerDispatcher.php(45): Illuminate\\Routing\\Controller->callAction('index', Array)
#21 C:\\xampp\\htdocs\\kazimotoawards\\vendor\\laravel\\framework\\src\\Illuminate\\Routing\\Route.php(261): Illuminate\\Routing\\ControllerDispatcher->dispatch(Object(Illuminate\\Routing\\Route), Object(App\\Http\\Controllers\\WebsiteController), 'index')
#22 C:\\xampp\\htdocs\\kazimotoawards\\vendor\\laravel\\framework\\src\\Illuminate\\Routing\\Route.php(205): Illuminate\\Routing\\Route->runController()
#23 C:\\xampp\\htdocs\\kazimotoawards\\vendor\\laravel\\framework\\src\\Illuminate\\Routing\\Router.php(721): Illuminate\\Routing\\Route->run()
#24 C:\\xampp\\htdocs\\kazimotoawards\\vendor\\laravel\\framework\\src\\Illuminate\\Pipeline\\Pipeline.php(128): Illuminate\\Routing\\Router->Illuminate\\Routing\\{closure}(Object(Illuminate\\Http\\Request))
#25 C:\\xampp\\htdocs\\kazimotoawards\\vendor\\laravel\\framework\\src\\Illuminate\\Routing\\Middleware\\SubstituteBindings.php(50): Illuminate\\Pipeline\\Pipeline->Illuminate\\Pipeline\\{closure}(Object(Illuminate\\Http\\Request))
#26 C:\\xampp\\htdocs\\kazimotoawards\\vendor\\laravel\\framework\\src\\Illuminate\\Pipeline\\Pipeline.php(167): Illuminate\\Routing\\Middleware\\SubstituteBindings->handle(Object(Illuminate\\Http\\Request), Object(Closure))
#27 C:\\xampp\\htdocs\\kazimotoawards\\vendor\\laravel\\framework\\src\\Illuminate\\Foundation\\Http\\Middleware\\VerifyCsrfToken.php(78): Illuminate\\Pipeline\\Pipeline->Illuminate\\Pipeline\\{closure}(Object(Illuminate\\Http\\Request))
#28 C:\\xampp\\htdocs\\kazimotoawards\\vendor\\laravel\\framework\\src\\Illuminate\\Pipeline\\Pipeline.php(167): Illuminate\\Foundation\\Http\\Middleware\\VerifyCsrfToken->handle(Object(Illuminate\\Http\\Request), Object(Closure))
#29 C:\\xampp\\htdocs\\kazimotoawards\\vendor\\laravel\\framework\\src\\Illuminate\\View\\Middleware\\ShareErrorsFromSession.php(49): Illuminate\\Pipeline\\Pipeline->Illuminate\\Pipeline\\{closure}(Object(Illuminate\\Http\\Request))
#30 C:\\xampp\\htdocs\\kazimotoawards\\vendor\\laravel\\framework\\src\\Illuminate\\Pipeline\\Pipeline.php(167): Illuminate\\View\\Middleware\\ShareErrorsFromSession->handle(Object(Illuminate\\Http\\Request), Object(Closure))
#31 C:\\xampp\\htdocs\\kazimotoawards\\vendor\\laravel\\framework\\src\\Illuminate\\Session\\Middleware\\StartSession.php(121): Illuminate\\Pipeline\\Pipeline->Illuminate\\Pipeline\\{closure}(Object(Illuminate\\Http\\Request))
#32 C:\\xampp\\htdocs\\kazimotoawards\\vendor\\laravel\\framework\\src\\Illuminate\\Session\\Middleware\\StartSession.php(64): Illuminate\\Session\\Middleware\\StartSession->handleStatefulRequest(Object(Illuminate\\Http\\Request), Object(Illuminate\\Session\\Store), Object(Closure))
#33 C:\\xampp\\htdocs\\kazimotoawards\\vendor\\laravel\\framework\\src\\Illuminate\\Pipeline\\Pipeline.php(167): Illuminate\\Session\\Middleware\\StartSession->handle(Object(Illuminate\\Http\\Request), Object(Closure))
#34 C:\\xampp\\htdocs\\kazimotoawards\\vendor\\laravel\\framework\\src\\Illuminate\\Cookie\\Middleware\\AddQueuedCookiesToResponse.php(37): Illuminate\\Pipeline\\Pipeline->Illuminate\\Pipeline\\{closure}(Object(Illuminate\\Http\\Request))
#35 C:\\xampp\\htdocs\\kazimotoawards\\vendor\\laravel\\framework\\src\\Illuminate\\Pipeline\\Pipeline.php(167): Illuminate\\Cookie\\Middleware\\AddQueuedCookiesToResponse->handle(Object(Illuminate\\Http\\Request), Object(Closure))
#36 C:\\xampp\\htdocs\\kazimotoawards\\vendor\\laravel\\framework\\src\\Illuminate\\Cookie\\Middleware\\EncryptCookies.php(67): Illuminate\\Pipeline\\Pipeline->Illuminate\\Pipeline\\{closure}(Object(Illuminate\\Http\\Request))
#37 C:\\xampp\\htdocs\\kazimotoawards\\vendor\\laravel\\framework\\src\\Illuminate\\Pipeline\\Pipeline.php(167): Illuminate\\Cookie\\Middleware\\EncryptCookies->handle(Object(Illuminate\\Http\\Request), Object(Closure))
#38 C:\\xampp\\htdocs\\kazimotoawards\\vendor\\laravel\\framework\\src\\Illuminate\\Pipeline\\Pipeline.php(103): Illuminate\\Pipeline\\Pipeline->Illuminate\\Pipeline\\{closure}(Object(Illuminate\\Http\\Request))
#39 C:\\xampp\\htdocs\\kazimotoawards\\vendor\\laravel\\framework\\src\\Illuminate\\Routing\\Router.php(719): Illuminate\\Pipeline\\Pipeline->then(Object(Closure))
#40 C:\\xampp\\htdocs\\kazimotoawards\\vendor\\laravel\\framework\\src\\Illuminate\\Routing\\Router.php(698): Illuminate\\Routing\\Router->runRouteWithinStack(Object(Illuminate\\Routing\\Route), Object(Illuminate\\Http\\Request))
#41 C:\\xampp\\htdocs\\kazimotoawards\\vendor\\laravel\\framework\\src\\Illuminate\\Routing\\Router.php(662): Illuminate\\Routing\\Router->runRoute(Object(Illuminate\\Http\\Request), Object(Illuminate\\Routing\\Route))
#42 C:\\xampp\\htdocs\\kazimotoawards\\vendor\\laravel\\framework\\src\\Illuminate\\Routing\\Router.php(651): Illuminate\\Routing\\Router->dispatchToRoute(Object(Illuminate\\Http\\Request))
#43 C:\\xampp\\htdocs\\kazimotoawards\\vendor\\laravel\\framework\\src\\Illuminate\\Foundation\\Http\\Kernel.php(167): Illuminate\\Routing\\Router->dispatch(Object(Illuminate\\Http\\Request))
#44 C:\\xampp\\htdocs\\kazimotoawards\\vendor\\laravel\\framework\\src\\Illuminate\\Pipeline\\Pipeline.php(128): Illuminate\\Foundation\\Http\\Kernel->Illuminate\\Foundation\\Http\\{closure}(Object(Illuminate\\Http\\Request))
#45 C:\\xampp\\htdocs\\kazimotoawards\\vendor\\laravel\\framework\\src\\Illuminate\\Foundation\\Http\\Middleware\\TransformsRequest.php(21): Illuminate\\Pipeline\\Pipeline->Illuminate\\Pipeline\\{closure}(Object(Illuminate\\Http\\Request))
#46 C:\\xampp\\htdocs\\kazimotoawards\\vendor\\laravel\\framework\\src\\Illuminate\\Foundation\\Http\\Middleware\\ConvertEmptyStringsToNull.php(31): Illuminate\\Foundation\\Http\\Middleware\\TransformsRequest->handle(Object(Illuminate\\Http\\Request), Object(Closure))
#47 C:\\xampp\\htdocs\\kazimotoawards\\vendor\\laravel\\framework\\src\\Illuminate\\Pipeline\\Pipeline.php(167): Illuminate\\Foundation\\Http\\Middleware\\ConvertEmptyStringsToNull->handle(Object(Illuminate\\Http\\Request), Object(Closure))
#48 C:\\xampp\\htdocs\\kazimotoawards\\vendor\\laravel\\framework\\src\\Illuminate\\Foundation\\Http\\Middleware\\TransformsRequest.php(21): Illuminate\\Pipeline\\Pipeline->Illuminate\\Pipeline\\{closure}(Object(Illuminate\\Http\\Request))
#49 C:\\xampp\\htdocs\\kazimotoawards\\vendor\\laravel\\framework\\src\\Illuminate\\Foundation\\Http\\Middleware\\TrimStrings.php(40): Illuminate\\Foundation\\Http\\Middleware\\TransformsRequest->handle(Object(Illuminate\\Http\\Request), Object(Closure))
#50 C:\\xampp\\htdocs\\kazimotoawards\\vendor\\laravel\\framework\\src\\Illuminate\\Pipeline\\Pipeline.php(167): Illuminate\\Foundation\\Http\\Middleware\\TrimStrings->handle(Object(Illuminate\\Http\\Request), Object(Closure))
#51 C:\\xampp\\htdocs\\kazimotoawards\\vendor\\laravel\\framework\\src\\Illuminate\\Foundation\\Http\\Middleware\\ValidatePostSize.php(27): Illuminate\\Pipeline\\Pipeline->Illuminate\\Pipeline\\{closure}(Object(Illuminate\\Http\\Request))
#52 C:\\xampp\\htdocs\\kazimotoawards\\vendor\\laravel\\framework\\src\\Illuminate\\Pipeline\\Pipeline.php(167): Illuminate\\Foundation\\Http\\Middleware\\ValidatePostSize->handle(Object(Illuminate\\Http\\Request), Object(Closure))
#53 C:\\xampp\\htdocs\\kazimotoawards\\vendor\\laravel\\framework\\src\\Illuminate\\Foundation\\Http\\Middleware\\PreventRequestsDuringMaintenance.php(86): Illuminate\\Pipeline\\Pipeline->Illuminate\\Pipeline\\{closure}(Object(Illuminate\\Http\\Request))
#54 C:\\xampp\\htdocs\\kazimotoawards\\vendor\\laravel\\framework\\src\\Illuminate\\Pipeline\\Pipeline.php(167): Illuminate\\Foundation\\Http\\Middleware\\PreventRequestsDuringMaintenance->handle(Object(Illuminate\\Http\\Request), Object(Closure))
#55 C:\\xampp\\htdocs\\kazimotoawards\\vendor\\fruitcake\\laravel-cors\\src\\HandleCors.php(38): Illuminate\\Pipeline\\Pipeline->Illuminate\\Pipeline\\{closure}(Object(Illuminate\\Http\\Request))
#56 C:\\xampp\\htdocs\\kazimotoawards\\vendor\\laravel\\framework\\src\\Illuminate\\Pipeline\\Pipeline.php(167): Fruitcake\\Cors\\HandleCors->handle(Object(Illuminate\\Http\\Request), Object(Closure))
#57 C:\\xampp\\htdocs\\kazimotoawards\\vendor\\fideloper\\proxy\\src\\TrustProxies.php(57): Illuminate\\Pipeline\\Pipeline->Illuminate\\Pipeline\\{closure}(Object(Illuminate\\Http\\Request))
#58 C:\\xampp\\htdocs\\kazimotoawards\\vendor\\laravel\\framework\\src\\Illuminate\\Pipeline\\Pipeline.php(167): Fideloper\\Proxy\\TrustProxies->handle(Object(Illuminate\\Http\\Request), Object(Closure))
#59 C:\\xampp\\htdocs\\kazimotoawards\\vendor\\laravel\\framework\\src\\Illuminate\\Pipeline\\Pipeline.php(103): Illuminate\\Pipeline\\Pipeline->Illuminate\\Pipeline\\{closure}(Object(Illuminate\\Http\\Request))
#60 C:\\xampp\\htdocs\\kazimotoawards\\vendor\\laravel\\framework\\src\\Illuminate\\Foundation\\Http\\Kernel.php(142): Illuminate\\Pipeline\\Pipeline->then(Object(Closure))
#61 C:\\xampp\\htdocs\\kazimotoawards\\vendor\\laravel\\framework\\src\\Illuminate\\Foundation\\Http\\Kernel.php(111): Illuminate\\Foundation\\Http\\Kernel->sendRequestThroughRouter(Object(Illuminate\\Http\\Request))
#62 C:\\xampp\\htdocs\\kazimotoawards\\public\\index.php(51): Illuminate\\Foundation\\Http\\Kernel->handle(Object(Illuminate\\Http\\Request))
#63 C:\\xampp\\htdocs\\kazimotoawards\\server.php(21): require_once('C:\\\\xampp\\\\htdocs...')
#64 {main}
"} 
[2025-08-11 18:03:11] local.ERROR: Attempt to read property "mission" on null (View: C:\xampp\htdocs\kazimotoawards\resources\views\website\aboutusw\aboutusw.blade.php) {"view":{"view":"C:\\xampp\\htdocs\\kazimotoawards\\resources\\views/website/aboutusw/aboutusw.blade.php","data":{"errors":"<pre class=sf-dump id=sf-dump-594733220 data-indent-pad=\"  \"><span class=sf-dump-note>Illuminate\\Support\\ViewErrorBag</span> {<a class=sf-dump-ref>#2021</a><samp data-depth=1 class=sf-dump-expanded>
  #<span class=sf-dump-protected title=\"Protected property\">bags</span>: []
</samp>}
</pre><script>Sfdump(\"sf-dump-594733220\", {\"maxDepth\":3,\"maxStringLength\":160})</script>
","yearExperience":"<pre class=sf-dump id=sf-dump-1311670047 data-indent-pad=\"  \"><span class=sf-dump-num>33</span>
</pre><script>Sfdump(\"sf-dump-1311670047\", {\"maxDepth\":3,\"maxStringLength\":160})</script>
","aboutusw":"<pre class=sf-dump id=sf-dump-397842097 data-indent-pad=\"  \"><span class=sf-dump-const>null</span>
</pre><script>Sfdump(\"sf-dump-397842097\", {\"maxDepth\":3,\"maxStringLength\":160})</script>
","currYear":"<pre class=sf-dump id=sf-dump-873868011 data-indent-pad=\"  \">\"<span class=sf-dump-str title=\"4 characters\">2025</span>\"
</pre><script>Sfdump(\"sf-dump-873868011\", {\"maxDepth\":3,\"maxStringLength\":160})</script>
","userCount":"<pre class=sf-dump id=sf-dump-113517221 data-indent-pad=\"  \"><span class=sf-dump-const>null</span>
</pre><script>Sfdump(\"sf-dump-113517221\", {\"maxDepth\":3,\"maxStringLength\":160})</script>
","user":"<pre class=sf-dump id=sf-dump-385590016 data-indent-pad=\"  \"><span class=sf-dump-const>null</span>
</pre><script>Sfdump(\"sf-dump-385590016\", {\"maxDepth\":3,\"maxStringLength\":160})</script>
","awards_view_data":"<pre class=sf-dump id=sf-dump-497453734 data-indent-pad=\"  \"><span class=sf-dump-note>Illuminate\\Database\\Eloquent\\Collection</span> {<a class=sf-dump-ref>#2049</a><samp data-depth=1 class=sf-dump-expanded>
  #<span class=sf-dump-protected title=\"Protected property\">items</span>: <span class=sf-dump-note>array:4</span> [<samp data-depth=2 class=sf-dump-compact>
    <span class=sf-dump-index>0</span> => <span class=sf-dump-note title=\"App\\Models\\award
\"><span class=\"sf-dump-ellipsis sf-dump-ellipsis-note\">App\\Models</span><span class=\"sf-dump-ellipsis sf-dump-ellipsis-note\">\\</span>award</span> {<a class=sf-dump-ref>#2050</a><samp data-depth=3 class=sf-dump-compact>
      #<span class=sf-dump-protected title=\"Protected property\">connection</span>: \"<span class=sf-dump-str title=\"5 characters\">mysql</span>\"
      #<span class=sf-dump-protected title=\"Protected property\">table</span>: \"<span class=sf-dump-str title=\"6 characters\">awards</span>\"
      #<span class=sf-dump-protected title=\"Protected property\">primaryKey</span>: \"<span class=sf-dump-str title=\"2 characters\">id</span>\"
      #<span class=sf-dump-protected title=\"Protected property\">keyType</span>: \"<span class=sf-dump-str title=\"3 characters\">int</span>\"
      +<span class=sf-dump-public title=\"Public property\">incrementing</span>: <span class=sf-dump-const>true</span>
      #<span class=sf-dump-protected title=\"Protected property\">with</span>: []
      #<span class=sf-dump-protected title=\"Protected property\">withCount</span>: []
      +<span class=sf-dump-public title=\"Public property\">preventsLazyLoading</span>: <span class=sf-dump-const>false</span>
      #<span class=sf-dump-protected title=\"Protected property\">perPage</span>: <span class=sf-dump-num>15</span>
      +<span class=sf-dump-public title=\"Public property\">exists</span>: <span class=sf-dump-const>true</span>
      +<span class=sf-dump-public title=\"Public property\">wasRecentlyCreated</span>: <span class=sf-dump-const>false</span>
      #<span class=sf-dump-protected title=\"Protected property\">escapeWhenCastingToString</span>: <span class=sf-dump-const>false</span>
      #<span class=sf-dump-protected title=\"Protected property\">attributes</span>: <span class=sf-dump-note>array:1</span> [ &#8230;1]
      #<span class=sf-dump-protected title=\"Protected property\">original</span>: <span class=sf-dump-note>array:1</span> [ &#8230;1]
      #<span class=sf-dump-protected title=\"Protected property\">changes</span>: []
      #<span class=sf-dump-protected title=\"Protected property\">casts</span>: []
      #<span class=sf-dump-protected title=\"Protected property\">classCastCache</span>: []
      #<span class=sf-dump-protected title=\"Protected property\">attributeCastCache</span>: []
      #<span class=sf-dump-protected title=\"Protected property\">dates</span>: []
      #<span class=sf-dump-protected title=\"Protected property\">dateFormat</span>: <span class=sf-dump-const>null</span>
      #<span class=sf-dump-protected title=\"Protected property\">appends</span>: []
      #<span class=sf-dump-protected title=\"Protected property\">dispatchesEvents</span>: []
      #<span class=sf-dump-protected title=\"Protected property\">observables</span>: []
      #<span class=sf-dump-protected title=\"Protected property\">relations</span>: []
      #<span class=sf-dump-protected title=\"Protected property\">touches</span>: []
      +<span class=sf-dump-public title=\"Public property\">timestamps</span>: <span class=sf-dump-const>true</span>
      #<span class=sf-dump-protected title=\"Protected property\">hidden</span>: []
      #<span class=sf-dump-protected title=\"Protected property\">visible</span>: []
      #<span class=sf-dump-protected title=\"Protected property\">fillable</span>: <span class=sf-dump-note>array:6</span> [ &#8230;6]
      #<span class=sf-dump-protected title=\"Protected property\">guarded</span>: <span class=sf-dump-note>array:1</span> [ &#8230;1]
    </samp>}
    <span class=sf-dump-index>1</span> => <span class=sf-dump-note title=\"App\\Models\\award
\"><span class=\"sf-dump-ellipsis sf-dump-ellipsis-note\">App\\Models</span><span class=\"sf-dump-ellipsis sf-dump-ellipsis-note\">\\</span>award</span> {<a class=sf-dump-ref>#2051</a><samp data-depth=3 class=sf-dump-compact>
      #<span class=sf-dump-protected title=\"Protected property\">connection</span>: \"<span class=sf-dump-str title=\"5 characters\">mysql</span>\"
      #<span class=sf-dump-protected title=\"Protected property\">table</span>: \"<span class=sf-dump-str title=\"6 characters\">awards</span>\"
      #<span class=sf-dump-protected title=\"Protected property\">primaryKey</span>: \"<span class=sf-dump-str title=\"2 characters\">id</span>\"
      #<span class=sf-dump-protected title=\"Protected property\">keyType</span>: \"<span class=sf-dump-str title=\"3 characters\">int</span>\"
      +<span class=sf-dump-public title=\"Public property\">incrementing</span>: <span class=sf-dump-const>true</span>
      #<span class=sf-dump-protected title=\"Protected property\">with</span>: []
      #<span class=sf-dump-protected title=\"Protected property\">withCount</span>: []
      +<span class=sf-dump-public title=\"Public property\">preventsLazyLoading</span>: <span class=sf-dump-const>false</span>
      #<span class=sf-dump-protected title=\"Protected property\">perPage</span>: <span class=sf-dump-num>15</span>
      +<span class=sf-dump-public title=\"Public property\">exists</span>: <span class=sf-dump-const>true</span>
      +<span class=sf-dump-public title=\"Public property\">wasRecentlyCreated</span>: <span class=sf-dump-const>false</span>
      #<span class=sf-dump-protected title=\"Protected property\">escapeWhenCastingToString</span>: <span class=sf-dump-const>false</span>
      #<span class=sf-dump-protected title=\"Protected property\">attributes</span>: <span class=sf-dump-note>array:1</span> [ &#8230;1]
      #<span class=sf-dump-protected title=\"Protected property\">original</span>: <span class=sf-dump-note>array:1</span> [ &#8230;1]
      #<span class=sf-dump-protected title=\"Protected property\">changes</span>: []
      #<span class=sf-dump-protected title=\"Protected property\">casts</span>: []
      #<span class=sf-dump-protected title=\"Protected property\">classCastCache</span>: []
      #<span class=sf-dump-protected title=\"Protected property\">attributeCastCache</span>: []
      #<span class=sf-dump-protected title=\"Protected property\">dates</span>: []
      #<span class=sf-dump-protected title=\"Protected property\">dateFormat</span>: <span class=sf-dump-const>null</span>
      #<span class=sf-dump-protected title=\"Protected property\">appends</span>: []
      #<span class=sf-dump-protected title=\"Protected property\">dispatchesEvents</span>: []
      #<span class=sf-dump-protected title=\"Protected property\">observables</span>: []
      #<span class=sf-dump-protected title=\"Protected property\">relations</span>: []
      #<span class=sf-dump-protected title=\"Protected property\">touches</span>: []
      +<span class=sf-dump-public title=\"Public property\">timestamps</span>: <span class=sf-dump-const>true</span>
      #<span class=sf-dump-protected title=\"Protected property\">hidden</span>: []
      #<span class=sf-dump-protected title=\"Protected property\">visible</span>: []
      #<span class=sf-dump-protected title=\"Protected property\">fillable</span>: <span class=sf-dump-note>array:6</span> [ &#8230;6]
      #<span class=sf-dump-protected title=\"Protected property\">guarded</span>: <span class=sf-dump-note>array:1</span> [ &#8230;1]
    </samp>}
    <span class=sf-dump-index>2</span> => <span class=sf-dump-note title=\"App\\Models\\award
\"><span class=\"sf-dump-ellipsis sf-dump-ellipsis-note\">App\\Models</span><span class=\"sf-dump-ellipsis sf-dump-ellipsis-note\">\\</span>award</span> {<a class=sf-dump-ref>#2052</a><samp data-depth=3 class=sf-dump-compact>
      #<span class=sf-dump-protected title=\"Protected property\">connection</span>: \"<span class=sf-dump-str title=\"5 characters\">mysql</span>\"
      #<span class=sf-dump-protected title=\"Protected property\">table</span>: \"<span class=sf-dump-str title=\"6 characters\">awards</span>\"
      #<span class=sf-dump-protected title=\"Protected property\">primaryKey</span>: \"<span class=sf-dump-str title=\"2 characters\">id</span>\"
      #<span class=sf-dump-protected title=\"Protected property\">keyType</span>: \"<span class=sf-dump-str title=\"3 characters\">int</span>\"
      +<span class=sf-dump-public title=\"Public property\">incrementing</span>: <span class=sf-dump-const>true</span>
      #<span class=sf-dump-protected title=\"Protected property\">with</span>: []
      #<span class=sf-dump-protected title=\"Protected property\">withCount</span>: []
      +<span class=sf-dump-public title=\"Public property\">preventsLazyLoading</span>: <span class=sf-dump-const>false</span>
      #<span class=sf-dump-protected title=\"Protected property\">perPage</span>: <span class=sf-dump-num>15</span>
      +<span class=sf-dump-public title=\"Public property\">exists</span>: <span class=sf-dump-const>true</span>
      +<span class=sf-dump-public title=\"Public property\">wasRecentlyCreated</span>: <span class=sf-dump-const>false</span>
      #<span class=sf-dump-protected title=\"Protected property\">escapeWhenCastingToString</span>: <span class=sf-dump-const>false</span>
      #<span class=sf-dump-protected title=\"Protected property\">attributes</span>: <span class=sf-dump-note>array:1</span> [ &#8230;1]
      #<span class=sf-dump-protected title=\"Protected property\">original</span>: <span class=sf-dump-note>array:1</span> [ &#8230;1]
      #<span class=sf-dump-protected title=\"Protected property\">changes</span>: []
      #<span class=sf-dump-protected title=\"Protected property\">casts</span>: []
      #<span class=sf-dump-protected title=\"Protected property\">classCastCache</span>: []
      #<span class=sf-dump-protected title=\"Protected property\">attributeCastCache</span>: []
      #<span class=sf-dump-protected title=\"Protected property\">dates</span>: []
      #<span class=sf-dump-protected title=\"Protected property\">dateFormat</span>: <span class=sf-dump-const>null</span>
      #<span class=sf-dump-protected title=\"Protected property\">appends</span>: []
      #<span class=sf-dump-protected title=\"Protected property\">dispatchesEvents</span>: []
      #<span class=sf-dump-protected title=\"Protected property\">observables</span>: []
      #<span class=sf-dump-protected title=\"Protected property\">relations</span>: []
      #<span class=sf-dump-protected title=\"Protected property\">touches</span>: []
      +<span class=sf-dump-public title=\"Public property\">timestamps</span>: <span class=sf-dump-const>true</span>
      #<span class=sf-dump-protected title=\"Protected property\">hidden</span>: []
      #<span class=sf-dump-protected title=\"Protected property\">visible</span>: []
      #<span class=sf-dump-protected title=\"Protected property\">fillable</span>: <span class=sf-dump-note>array:6</span> [ &#8230;6]
      #<span class=sf-dump-protected title=\"Protected property\">guarded</span>: <span class=sf-dump-note>array:1</span> [ &#8230;1]
    </samp>}
    <span class=sf-dump-index>3</span> => <span class=sf-dump-note title=\"App\\Models\\award
\"><span class=\"sf-dump-ellipsis sf-dump-ellipsis-note\">App\\Models</span><span class=\"sf-dump-ellipsis sf-dump-ellipsis-note\">\\</span>award</span> {<a class=sf-dump-ref>#2053</a><samp data-depth=3 class=sf-dump-compact>
      #<span class=sf-dump-protected title=\"Protected property\">connection</span>: \"<span class=sf-dump-str title=\"5 characters\">mysql</span>\"
      #<span class=sf-dump-protected title=\"Protected property\">table</span>: \"<span class=sf-dump-str title=\"6 characters\">awards</span>\"
      #<span class=sf-dump-protected title=\"Protected property\">primaryKey</span>: \"<span class=sf-dump-str title=\"2 characters\">id</span>\"
      #<span class=sf-dump-protected title=\"Protected property\">keyType</span>: \"<span class=sf-dump-str title=\"3 characters\">int</span>\"
      +<span class=sf-dump-public title=\"Public property\">incrementing</span>: <span class=sf-dump-const>true</span>
      #<span class=sf-dump-protected title=\"Protected property\">with</span>: []
      #<span class=sf-dump-protected title=\"Protected property\">withCount</span>: []
      +<span class=sf-dump-public title=\"Public property\">preventsLazyLoading</span>: <span class=sf-dump-const>false</span>
      #<span class=sf-dump-protected title=\"Protected property\">perPage</span>: <span class=sf-dump-num>15</span>
      +<span class=sf-dump-public title=\"Public property\">exists</span>: <span class=sf-dump-const>true</span>
      +<span class=sf-dump-public title=\"Public property\">wasRecentlyCreated</span>: <span class=sf-dump-const>false</span>
      #<span class=sf-dump-protected title=\"Protected property\">escapeWhenCastingToString</span>: <span class=sf-dump-const>false</span>
      #<span class=sf-dump-protected title=\"Protected property\">attributes</span>: <span class=sf-dump-note>array:1</span> [ &#8230;1]
      #<span class=sf-dump-protected title=\"Protected property\">original</span>: <span class=sf-dump-note>array:1</span> [ &#8230;1]
      #<span class=sf-dump-protected title=\"Protected property\">changes</span>: []
      #<span class=sf-dump-protected title=\"Protected property\">casts</span>: []
      #<span class=sf-dump-protected title=\"Protected property\">classCastCache</span>: []
      #<span class=sf-dump-protected title=\"Protected property\">attributeCastCache</span>: []
      #<span class=sf-dump-protected title=\"Protected property\">dates</span>: []
      #<span class=sf-dump-protected title=\"Protected property\">dateFormat</span>: <span class=sf-dump-const>null</span>
      #<span class=sf-dump-protected title=\"Protected property\">appends</span>: []
      #<span class=sf-dump-protected title=\"Protected property\">dispatchesEvents</span>: []
      #<span class=sf-dump-protected title=\"Protected property\">observables</span>: []
      #<span class=sf-dump-protected title=\"Protected property\">relations</span>: []
      #<span class=sf-dump-protected title=\"Protected property\">touches</span>: []
      +<span class=sf-dump-public title=\"Public property\">timestamps</span>: <span class=sf-dump-const>true</span>
      #<span class=sf-dump-protected title=\"Protected property\">hidden</span>: []
      #<span class=sf-dump-protected title=\"Protected property\">visible</span>: []
      #<span class=sf-dump-protected title=\"Protected property\">fillable</span>: <span class=sf-dump-note>array:6</span> [ &#8230;6]
      #<span class=sf-dump-protected title=\"Protected property\">guarded</span>: <span class=sf-dump-note>array:1</span> [ &#8230;1]
    </samp>}
  </samp>]
  #<span class=sf-dump-protected title=\"Protected property\">escapeWhenCastingToString</span>: <span class=sf-dump-const>false</span>
</samp>}
</pre><script>Sfdump(\"sf-dump-497453734\", {\"maxDepth\":3,\"maxStringLength\":160})</script>
","contact":"<pre class=sf-dump id=sf-dump-1663081571 data-indent-pad=\"  \"><span class=sf-dump-note>App\\Models\\PostBody</span> {<a class=sf-dump-ref>#2043</a><samp data-depth=1 class=sf-dump-expanded>
  #<span class=sf-dump-protected title=\"Protected property\">connection</span>: \"<span class=sf-dump-str title=\"5 characters\">mysql</span>\"
  #<span class=sf-dump-protected title=\"Protected property\">table</span>: \"<span class=sf-dump-str title=\"11 characters\">post_bodies</span>\"
  #<span class=sf-dump-protected title=\"Protected property\">primaryKey</span>: \"<span class=sf-dump-str title=\"2 characters\">id</span>\"
  #<span class=sf-dump-protected title=\"Protected property\">keyType</span>: \"<span class=sf-dump-str title=\"3 characters\">int</span>\"
  +<span class=sf-dump-public title=\"Public property\">incrementing</span>: <span class=sf-dump-const>true</span>
  #<span class=sf-dump-protected title=\"Protected property\">with</span>: []
  #<span class=sf-dump-protected title=\"Protected property\">withCount</span>: []
  +<span class=sf-dump-public title=\"Public property\">preventsLazyLoading</span>: <span class=sf-dump-const>false</span>
  #<span class=sf-dump-protected title=\"Protected property\">perPage</span>: <span class=sf-dump-num>15</span>
  +<span class=sf-dump-public title=\"Public property\">exists</span>: <span class=sf-dump-const>true</span>
  +<span class=sf-dump-public title=\"Public property\">wasRecentlyCreated</span>: <span class=sf-dump-const>false</span>
  #<span class=sf-dump-protected title=\"Protected property\">escapeWhenCastingToString</span>: <span class=sf-dump-const>false</span>
  #<span class=sf-dump-protected title=\"Protected property\">attributes</span>: <span class=sf-dump-note>array:15</span> [<samp data-depth=2 class=sf-dump-compact>
    \"<span class=sf-dump-key>id</span>\" => <span class=sf-dump-num>5</span>
    \"<span class=sf-dump-key>category</span>\" => \"<span class=sf-dump-str title=\"7 characters\">Contact</span>\"
    \"<span class=sf-dump-key>title</span>\" => \"<span class=sf-dump-str title=\"8 characters\">Contacts</span>\"
    \"<span class=sf-dump-key>body</span>\" => <span class=sf-dump-const>null</span>
    \"<span class=sf-dump-key>introduction</span>\" => <span class=sf-dump-const>null</span>
    \"<span class=sf-dump-key>mission</span>\" => <span class=sf-dump-const>null</span>
    \"<span class=sf-dump-key>vission</span>\" => <span class=sf-dump-const>null</span>
    \"<span class=sf-dump-key>objectives</span>\" => <span class=sf-dump-const>null</span>
    \"<span class=sf-dump-key>address</span>\" => \"<span class=sf-dump-str title=\"24 characters\">Mateves -Arusha-Tanzania</span>\"
    \"<span class=sf-dump-key>phone</span>\" => \"<span class=sf-dump-str title=\"16 characters\">+255 742 400 000</span>\"
    \"<span class=sf-dump-key>email</span>\" => \"<span class=sf-dump-str title=\"33 characters\">mariky@hakunamatatabookings.co.tz</span>\"
    \"<span class=sf-dump-key>website</span>\" => \"<span class=sf-dump-str title=\"25 characters\">https://www.hmacademy.net</span>\"
    \"<span class=sf-dump-key>user_id</span>\" => <span class=sf-dump-num>1</span>
    \"<span class=sf-dump-key>created_at</span>\" => \"<span class=sf-dump-str title=\"19 characters\">2021-11-22 10:06:30</span>\"
    \"<span class=sf-dump-key>updated_at</span>\" => \"<span class=sf-dump-str title=\"19 characters\">2024-05-07 08:52:56</span>\"
  </samp>]
  #<span class=sf-dump-protected title=\"Protected property\">original</span>: <span class=sf-dump-note>array:15</span> [<samp data-depth=2 class=sf-dump-compact>
    \"<span class=sf-dump-key>id</span>\" => <span class=sf-dump-num>5</span>
    \"<span class=sf-dump-key>category</span>\" => \"<span class=sf-dump-str title=\"7 characters\">Contact</span>\"
    \"<span class=sf-dump-key>title</span>\" => \"<span class=sf-dump-str title=\"8 characters\">Contacts</span>\"
    \"<span class=sf-dump-key>body</span>\" => <span class=sf-dump-const>null</span>
    \"<span class=sf-dump-key>introduction</span>\" => <span class=sf-dump-const>null</span>
    \"<span class=sf-dump-key>mission</span>\" => <span class=sf-dump-const>null</span>
    \"<span class=sf-dump-key>vission</span>\" => <span class=sf-dump-const>null</span>
    \"<span class=sf-dump-key>objectives</span>\" => <span class=sf-dump-const>null</span>
    \"<span class=sf-dump-key>address</span>\" => \"<span class=sf-dump-str title=\"24 characters\">Mateves -Arusha-Tanzania</span>\"
    \"<span class=sf-dump-key>phone</span>\" => \"<span class=sf-dump-str title=\"16 characters\">+255 742 400 000</span>\"
    \"<span class=sf-dump-key>email</span>\" => \"<span class=sf-dump-str title=\"33 characters\">mariky@hakunamatatabookings.co.tz</span>\"
    \"<span class=sf-dump-key>website</span>\" => \"<span class=sf-dump-str title=\"25 characters\">https://www.hmacademy.net</span>\"
    \"<span class=sf-dump-key>user_id</span>\" => <span class=sf-dump-num>1</span>
    \"<span class=sf-dump-key>created_at</span>\" => \"<span class=sf-dump-str title=\"19 characters\">2021-11-22 10:06:30</span>\"
    \"<span class=sf-dump-key>updated_at</span>\" => \"<span class=sf-dump-str title=\"19 characters\">2024-05-07 08:52:56</span>\"
  </samp>]
  #<span class=sf-dump-protected title=\"Protected property\">changes</span>: []
  #<span class=sf-dump-protected title=\"Protected property\">casts</span>: []
  #<span class=sf-dump-protected title=\"Protected property\">classCastCache</span>: []
  #<span class=sf-dump-protected title=\"Protected property\">attributeCastCache</span>: []
  #<span class=sf-dump-protected title=\"Protected property\">dates</span>: []
  #<span class=sf-dump-protected title=\"Protected property\">dateFormat</span>: <span class=sf-dump-const>null</span>
  #<span class=sf-dump-protected title=\"Protected property\">appends</span>: []
  #<span class=sf-dump-protected title=\"Protected property\">dispatchesEvents</span>: []
  #<span class=sf-dump-protected title=\"Protected property\">observables</span>: []
  #<span class=sf-dump-protected title=\"Protected property\">relations</span>: []
  #<span class=sf-dump-protected title=\"Protected property\">touches</span>: []
  +<span class=sf-dump-public title=\"Public property\">timestamps</span>: <span class=sf-dump-const>true</span>
  #<span class=sf-dump-protected title=\"Protected property\">hidden</span>: []
  #<span class=sf-dump-protected title=\"Protected property\">visible</span>: []
  #<span class=sf-dump-protected title=\"Protected property\">fillable</span>: <span class=sf-dump-note>array:12</span> [<samp data-depth=2 class=sf-dump-compact>
    <span class=sf-dump-index>0</span> => \"<span class=sf-dump-str title=\"8 characters\">category</span>\"
    <span class=sf-dump-index>1</span> => \"<span class=sf-dump-str title=\"5 characters\">title</span>\"
    <span class=sf-dump-index>2</span> => \"<span class=sf-dump-str title=\"4 characters\">body</span>\"
    <span class=sf-dump-index>3</span> => \"<span class=sf-dump-str title=\"12 characters\">introduction</span>\"
    <span class=sf-dump-index>4</span> => \"<span class=sf-dump-str title=\"7 characters\">mission</span>\"
    <span class=sf-dump-index>5</span> => \"<span class=sf-dump-str title=\"7 characters\">vission</span>\"
    <span class=sf-dump-index>6</span> => \"<span class=sf-dump-str title=\"10 characters\">objectives</span>\"
    <span class=sf-dump-index>7</span> => \"<span class=sf-dump-str title=\"7 characters\">address</span>\"
    <span class=sf-dump-index>8</span> => \"<span class=sf-dump-str title=\"5 characters\">phone</span>\"
    <span class=sf-dump-index>9</span> => \"<span class=sf-dump-str title=\"5 characters\">email</span>\"
    <span class=sf-dump-index>10</span> => \"<span class=sf-dump-str title=\"7 characters\">website</span>\"
    <span class=sf-dump-index>11</span> => \"<span class=sf-dump-str title=\"7 characters\">user_id</span>\"
  </samp>]
  #<span class=sf-dump-protected title=\"Protected property\">guarded</span>: <span class=sf-dump-note>array:1</span> [<samp data-depth=2 class=sf-dump-compact>
    <span class=sf-dump-index>0</span> => \"<span class=sf-dump-str>*</span>\"
  </samp>]
</samp>}
</pre><script>Sfdump(\"sf-dump-1663081571\", {\"maxDepth\":3,\"maxStringLength\":160})</script>
","app_contacts":"<pre class=sf-dump id=sf-dump-223349618 data-indent-pad=\"  \"><span class=sf-dump-note>App\\Models\\contacts</span> {<a class=sf-dump-ref>#2055</a><samp data-depth=1 class=sf-dump-expanded>
  #<span class=sf-dump-protected title=\"Protected property\">connection</span>: \"<span class=sf-dump-str title=\"5 characters\">mysql</span>\"
  #<span class=sf-dump-protected title=\"Protected property\">table</span>: \"<span class=sf-dump-str title=\"8 characters\">contacts</span>\"
  #<span class=sf-dump-protected title=\"Protected property\">primaryKey</span>: \"<span class=sf-dump-str title=\"2 characters\">id</span>\"
  #<span class=sf-dump-protected title=\"Protected property\">keyType</span>: \"<span class=sf-dump-str title=\"3 characters\">int</span>\"
  +<span class=sf-dump-public title=\"Public property\">incrementing</span>: <span class=sf-dump-const>true</span>
  #<span class=sf-dump-protected title=\"Protected property\">with</span>: []
  #<span class=sf-dump-protected title=\"Protected property\">withCount</span>: []
  +<span class=sf-dump-public title=\"Public property\">preventsLazyLoading</span>: <span class=sf-dump-const>false</span>
  #<span class=sf-dump-protected title=\"Protected property\">perPage</span>: <span class=sf-dump-num>15</span>
  +<span class=sf-dump-public title=\"Public property\">exists</span>: <span class=sf-dump-const>true</span>
  +<span class=sf-dump-public title=\"Public property\">wasRecentlyCreated</span>: <span class=sf-dump-const>false</span>
  #<span class=sf-dump-protected title=\"Protected property\">escapeWhenCastingToString</span>: <span class=sf-dump-const>false</span>
  #<span class=sf-dump-protected title=\"Protected property\">attributes</span>: <span class=sf-dump-note>array:10</span> [<samp data-depth=2 class=sf-dump-compact>
    \"<span class=sf-dump-key>id</span>\" => <span class=sf-dump-num>1</span>
    \"<span class=sf-dump-key>phone1</span>\" => \"<span class=sf-dump-str title=\"17 characters\">+1 (898) 202-1086</span>\"
    \"<span class=sf-dump-key>phone2</span>\" => \"<span class=sf-dump-str title=\"17 characters\">+1 (196) 497-1279</span>\"
    \"<span class=sf-dump-key>email1</span>\" => \"<span class=sf-dump-str title=\"23 characters\">zanufoho@mailinator.com</span>\"
    \"<span class=sf-dump-key>email2</span>\" => \"<span class=sf-dump-str title=\"21 characters\">dipawi@mailinator.com</span>\"
    \"<span class=sf-dump-key>logo</span>\" => \"<span class=sf-dump-str title=\"20 characters\">logo4_1753897603.png</span>\"
    \"<span class=sf-dump-key>address</span>\" => \"<span class=sf-dump-str title=\"90 characters\">Totam dolorem est voluptatem aut exercitation nesciunt do aut rerum iusto magni cumque sed</span>\"
    \"<span class=sf-dump-key>status</span>\" => \"<span class=sf-dump-str title=\"6 characters\">Active</span>\"
    \"<span class=sf-dump-key>created_at</span>\" => \"<span class=sf-dump-str title=\"19 characters\">2025-07-30 17:43:21</span>\"
    \"<span class=sf-dump-key>updated_at</span>\" => \"<span class=sf-dump-str title=\"19 characters\">2025-07-30 17:46:43</span>\"
  </samp>]
  #<span class=sf-dump-protected title=\"Protected property\">original</span>: <span class=sf-dump-note>array:10</span> [<samp data-depth=2 class=sf-dump-compact>
    \"<span class=sf-dump-key>id</span>\" => <span class=sf-dump-num>1</span>
    \"<span class=sf-dump-key>phone1</span>\" => \"<span class=sf-dump-str title=\"17 characters\">+1 (898) 202-1086</span>\"
    \"<span class=sf-dump-key>phone2</span>\" => \"<span class=sf-dump-str title=\"17 characters\">+1 (196) 497-1279</span>\"
    \"<span class=sf-dump-key>email1</span>\" => \"<span class=sf-dump-str title=\"23 characters\">zanufoho@mailinator.com</span>\"
    \"<span class=sf-dump-key>email2</span>\" => \"<span class=sf-dump-str title=\"21 characters\">dipawi@mailinator.com</span>\"
    \"<span class=sf-dump-key>logo</span>\" => \"<span class=sf-dump-str title=\"20 characters\">logo4_1753897603.png</span>\"
    \"<span class=sf-dump-key>address</span>\" => \"<span class=sf-dump-str title=\"90 characters\">Totam dolorem est voluptatem aut exercitation nesciunt do aut rerum iusto magni cumque sed</span>\"
    \"<span class=sf-dump-key>status</span>\" => \"<span class=sf-dump-str title=\"6 characters\">Active</span>\"
    \"<span class=sf-dump-key>created_at</span>\" => \"<span class=sf-dump-str title=\"19 characters\">2025-07-30 17:43:21</span>\"
    \"<span class=sf-dump-key>updated_at</span>\" => \"<span class=sf-dump-str title=\"19 characters\">2025-07-30 17:46:43</span>\"
  </samp>]
  #<span class=sf-dump-protected title=\"Protected property\">changes</span>: []
  #<span class=sf-dump-protected title=\"Protected property\">casts</span>: []
  #<span class=sf-dump-protected title=\"Protected property\">classCastCache</span>: []
  #<span class=sf-dump-protected title=\"Protected property\">attributeCastCache</span>: []
  #<span class=sf-dump-protected title=\"Protected property\">dates</span>: []
  #<span class=sf-dump-protected title=\"Protected property\">dateFormat</span>: <span class=sf-dump-const>null</span>
  #<span class=sf-dump-protected title=\"Protected property\">appends</span>: []
  #<span class=sf-dump-protected title=\"Protected property\">dispatchesEvents</span>: []
  #<span class=sf-dump-protected title=\"Protected property\">observables</span>: []
  #<span class=sf-dump-protected title=\"Protected property\">relations</span>: []
  #<span class=sf-dump-protected title=\"Protected property\">touches</span>: []
  +<span class=sf-dump-public title=\"Public property\">timestamps</span>: <span class=sf-dump-const>true</span>
  #<span class=sf-dump-protected title=\"Protected property\">hidden</span>: []
  #<span class=sf-dump-protected title=\"Protected property\">visible</span>: []
  #<span class=sf-dump-protected title=\"Protected property\">fillable</span>: <span class=sf-dump-note>array:7</span> [<samp data-depth=2 class=sf-dump-compact>
    <span class=sf-dump-index>0</span> => \"<span class=sf-dump-str title=\"6 characters\">phone1</span>\"
    <span class=sf-dump-index>1</span> => \"<span class=sf-dump-str title=\"6 characters\">phone2</span>\"
    <span class=sf-dump-index>2</span> => \"<span class=sf-dump-str title=\"6 characters\">email1</span>\"
    <span class=sf-dump-index>3</span> => \"<span class=sf-dump-str title=\"6 characters\">email2</span>\"
    <span class=sf-dump-index>4</span> => \"<span class=sf-dump-str title=\"4 characters\">logo</span>\"
    <span class=sf-dump-index>5</span> => \"<span class=sf-dump-str title=\"7 characters\">address</span>\"
    <span class=sf-dump-index>6</span> => \"<span class=sf-dump-str title=\"6 characters\">status</span>\"
  </samp>]
  #<span class=sf-dump-protected title=\"Protected property\">guarded</span>: <span class=sf-dump-note>array:1</span> [<samp data-depth=2 class=sf-dump-compact>
    <span class=sf-dump-index>0</span> => \"<span class=sf-dump-str>*</span>\"
  </samp>]
</samp>}
</pre><script>Sfdump(\"sf-dump-223349618\", {\"maxDepth\":3,\"maxStringLength\":160})</script>
"}},"exception":"[object] (Facade\\Ignition\\Exceptions\\ViewException(code: 0): Attempt to read property \"mission\" on null (View: C:\\xampp\\htdocs\\kazimotoawards\\resources\\views\\website\\aboutusw\\aboutusw.blade.php) at C:\\xampp\\htdocs\\kazimotoawards\\resources\\views/website/aboutusw/aboutusw.blade.php:18)
[stacktrace]
#0 C:\\xampp\\htdocs\\kazimotoawards\\resources\\views/website/aboutusw/aboutusw.blade.php(18): Illuminate\\Foundation\\Bootstrap\\HandleExceptions->handleError(2, 'Attempt to read...', 'C:\\\\xampp\\\\htdocs...', 17)
#1 C:\\xampp\\htdocs\\kazimotoawards\\vendor\\laravel\\framework\\src\\Illuminate\\Filesystem\\Filesystem.php(107): require('C:\\\\xampp\\\\htdocs...')
#2 C:\\xampp\\htdocs\\kazimotoawards\\vendor\\laravel\\framework\\src\\Illuminate\\Filesystem\\Filesystem.php(108): Illuminate\\Filesystem\\Filesystem::Illuminate\\Filesystem\\{closure}()
#3 C:\\xampp\\htdocs\\kazimotoawards\\vendor\\laravel\\framework\\src\\Illuminate\\View\\Engines\\PhpEngine.php(58): Illuminate\\Filesystem\\Filesystem->getRequire('C:\\\\xampp\\\\htdocs...', Array)
#4 C:\\xampp\\htdocs\\kazimotoawards\\vendor\\laravel\\framework\\src\\Illuminate\\View\\Engines\\CompilerEngine.php(61): Illuminate\\View\\Engines\\PhpEngine->evaluatePath('C:\\\\xampp\\\\htdocs...', Array)
#5 C:\\xampp\\htdocs\\kazimotoawards\\vendor\\facade\\ignition\\src\\Views\\Engines\\CompilerEngine.php(37): Illuminate\\View\\Engines\\CompilerEngine->get('C:\\\\xampp\\\\htdocs...', Array)
#6 C:\\xampp\\htdocs\\kazimotoawards\\vendor\\laravel\\framework\\src\\Illuminate\\View\\View.php(139): Facade\\Ignition\\Views\\Engines\\CompilerEngine->get('C:\\\\xampp\\\\htdocs...', Array)
#7 C:\\xampp\\htdocs\\kazimotoawards\\vendor\\laravel\\framework\\src\\Illuminate\\View\\View.php(122): Illuminate\\View\\View->getContents()
#8 C:\\xampp\\htdocs\\kazimotoawards\\vendor\\laravel\\framework\\src\\Illuminate\\View\\View.php(91): Illuminate\\View\\View->renderContents()
#9 C:\\xampp\\htdocs\\kazimotoawards\\vendor\\laravel\\framework\\src\\Illuminate\\Http\\Response.php(69): Illuminate\\View\\View->render()
#10 C:\\xampp\\htdocs\\kazimotoawards\\vendor\\laravel\\framework\\src\\Illuminate\\Http\\Response.php(35): Illuminate\\Http\\Response->setContent(Object(Illuminate\\View\\View))
#11 C:\\xampp\\htdocs\\kazimotoawards\\vendor\\laravel\\framework\\src\\Illuminate\\Routing\\Router.php(820): Illuminate\\Http\\Response->__construct(Object(Illuminate\\View\\View), 200, Array)
#12 C:\\xampp\\htdocs\\kazimotoawards\\vendor\\laravel\\framework\\src\\Illuminate\\Routing\\Router.php(789): Illuminate\\Routing\\Router::toResponse(Object(Illuminate\\Http\\Request), Object(Illuminate\\View\\View))
#13 C:\\xampp\\htdocs\\kazimotoawards\\vendor\\laravel\\framework\\src\\Illuminate\\Routing\\Router.php(720): Illuminate\\Routing\\Router->prepareResponse(Object(Illuminate\\Http\\Request), Object(Illuminate\\View\\View))
#14 C:\\xampp\\htdocs\\kazimotoawards\\vendor\\laravel\\framework\\src\\Illuminate\\Pipeline\\Pipeline.php(128): Illuminate\\Routing\\Router->Illuminate\\Routing\\{closure}(Object(Illuminate\\Http\\Request))
#15 C:\\xampp\\htdocs\\kazimotoawards\\vendor\\laravel\\framework\\src\\Illuminate\\Routing\\Middleware\\SubstituteBindings.php(50): Illuminate\\Pipeline\\Pipeline->Illuminate\\Pipeline\\{closure}(Object(Illuminate\\Http\\Request))
#16 C:\\xampp\\htdocs\\kazimotoawards\\vendor\\laravel\\framework\\src\\Illuminate\\Pipeline\\Pipeline.php(167): Illuminate\\Routing\\Middleware\\SubstituteBindings->handle(Object(Illuminate\\Http\\Request), Object(Closure))
#17 C:\\xampp\\htdocs\\kazimotoawards\\vendor\\laravel\\framework\\src\\Illuminate\\Foundation\\Http\\Middleware\\VerifyCsrfToken.php(78): Illuminate\\Pipeline\\Pipeline->Illuminate\\Pipeline\\{closure}(Object(Illuminate\\Http\\Request))
#18 C:\\xampp\\htdocs\\kazimotoawards\\vendor\\laravel\\framework\\src\\Illuminate\\Pipeline\\Pipeline.php(167): Illuminate\\Foundation\\Http\\Middleware\\VerifyCsrfToken->handle(Object(Illuminate\\Http\\Request), Object(Closure))
#19 C:\\xampp\\htdocs\\kazimotoawards\\vendor\\laravel\\framework\\src\\Illuminate\\View\\Middleware\\ShareErrorsFromSession.php(49): Illuminate\\Pipeline\\Pipeline->Illuminate\\Pipeline\\{closure}(Object(Illuminate\\Http\\Request))
#20 C:\\xampp\\htdocs\\kazimotoawards\\vendor\\laravel\\framework\\src\\Illuminate\\Pipeline\\Pipeline.php(167): Illuminate\\View\\Middleware\\ShareErrorsFromSession->handle(Object(Illuminate\\Http\\Request), Object(Closure))
#21 C:\\xampp\\htdocs\\kazimotoawards\\vendor\\laravel\\framework\\src\\Illuminate\\Session\\Middleware\\StartSession.php(121): Illuminate\\Pipeline\\Pipeline->Illuminate\\Pipeline\\{closure}(Object(Illuminate\\Http\\Request))
#22 C:\\xampp\\htdocs\\kazimotoawards\\vendor\\laravel\\framework\\src\\Illuminate\\Session\\Middleware\\StartSession.php(64): Illuminate\\Session\\Middleware\\StartSession->handleStatefulRequest(Object(Illuminate\\Http\\Request), Object(Illuminate\\Session\\Store), Object(Closure))
#23 C:\\xampp\\htdocs\\kazimotoawards\\vendor\\laravel\\framework\\src\\Illuminate\\Pipeline\\Pipeline.php(167): Illuminate\\Session\\Middleware\\StartSession->handle(Object(Illuminate\\Http\\Request), Object(Closure))
#24 C:\\xampp\\htdocs\\kazimotoawards\\vendor\\laravel\\framework\\src\\Illuminate\\Cookie\\Middleware\\AddQueuedCookiesToResponse.php(37): Illuminate\\Pipeline\\Pipeline->Illuminate\\Pipeline\\{closure}(Object(Illuminate\\Http\\Request))
#25 C:\\xampp\\htdocs\\kazimotoawards\\vendor\\laravel\\framework\\src\\Illuminate\\Pipeline\\Pipeline.php(167): Illuminate\\Cookie\\Middleware\\AddQueuedCookiesToResponse->handle(Object(Illuminate\\Http\\Request), Object(Closure))
#26 C:\\xampp\\htdocs\\kazimotoawards\\vendor\\laravel\\framework\\src\\Illuminate\\Cookie\\Middleware\\EncryptCookies.php(67): Illuminate\\Pipeline\\Pipeline->Illuminate\\Pipeline\\{closure}(Object(Illuminate\\Http\\Request))
#27 C:\\xampp\\htdocs\\kazimotoawards\\vendor\\laravel\\framework\\src\\Illuminate\\Pipeline\\Pipeline.php(167): Illuminate\\Cookie\\Middleware\\EncryptCookies->handle(Object(Illuminate\\Http\\Request), Object(Closure))
#28 C:\\xampp\\htdocs\\kazimotoawards\\vendor\\laravel\\framework\\src\\Illuminate\\Pipeline\\Pipeline.php(103): Illuminate\\Pipeline\\Pipeline->Illuminate\\Pipeline\\{closure}(Object(Illuminate\\Http\\Request))
#29 C:\\xampp\\htdocs\\kazimotoawards\\vendor\\laravel\\framework\\src\\Illuminate\\Routing\\Router.php(719): Illuminate\\Pipeline\\Pipeline->then(Object(Closure))
#30 C:\\xampp\\htdocs\\kazimotoawards\\vendor\\laravel\\framework\\src\\Illuminate\\Routing\\Router.php(698): Illuminate\\Routing\\Router->runRouteWithinStack(Object(Illuminate\\Routing\\Route), Object(Illuminate\\Http\\Request))
#31 C:\\xampp\\htdocs\\kazimotoawards\\vendor\\laravel\\framework\\src\\Illuminate\\Routing\\Router.php(662): Illuminate\\Routing\\Router->runRoute(Object(Illuminate\\Http\\Request), Object(Illuminate\\Routing\\Route))
#32 C:\\xampp\\htdocs\\kazimotoawards\\vendor\\laravel\\framework\\src\\Illuminate\\Routing\\Router.php(651): Illuminate\\Routing\\Router->dispatchToRoute(Object(Illuminate\\Http\\Request))
#33 C:\\xampp\\htdocs\\kazimotoawards\\vendor\\laravel\\framework\\src\\Illuminate\\Foundation\\Http\\Kernel.php(167): Illuminate\\Routing\\Router->dispatch(Object(Illuminate\\Http\\Request))
#34 C:\\xampp\\htdocs\\kazimotoawards\\vendor\\laravel\\framework\\src\\Illuminate\\Pipeline\\Pipeline.php(128): Illuminate\\Foundation\\Http\\Kernel->Illuminate\\Foundation\\Http\\{closure}(Object(Illuminate\\Http\\Request))
#35 C:\\xampp\\htdocs\\kazimotoawards\\vendor\\laravel\\framework\\src\\Illuminate\\Foundation\\Http\\Middleware\\TransformsRequest.php(21): Illuminate\\Pipeline\\Pipeline->Illuminate\\Pipeline\\{closure}(Object(Illuminate\\Http\\Request))
#36 C:\\xampp\\htdocs\\kazimotoawards\\vendor\\laravel\\framework\\src\\Illuminate\\Foundation\\Http\\Middleware\\ConvertEmptyStringsToNull.php(31): Illuminate\\Foundation\\Http\\Middleware\\TransformsRequest->handle(Object(Illuminate\\Http\\Request), Object(Closure))
#37 C:\\xampp\\htdocs\\kazimotoawards\\vendor\\laravel\\framework\\src\\Illuminate\\Pipeline\\Pipeline.php(167): Illuminate\\Foundation\\Http\\Middleware\\ConvertEmptyStringsToNull->handle(Object(Illuminate\\Http\\Request), Object(Closure))
#38 C:\\xampp\\htdocs\\kazimotoawards\\vendor\\laravel\\framework\\src\\Illuminate\\Foundation\\Http\\Middleware\\TransformsRequest.php(21): Illuminate\\Pipeline\\Pipeline->Illuminate\\Pipeline\\{closure}(Object(Illuminate\\Http\\Request))
#39 C:\\xampp\\htdocs\\kazimotoawards\\vendor\\laravel\\framework\\src\\Illuminate\\Foundation\\Http\\Middleware\\TrimStrings.php(40): Illuminate\\Foundation\\Http\\Middleware\\TransformsRequest->handle(Object(Illuminate\\Http\\Request), Object(Closure))
#40 C:\\xampp\\htdocs\\kazimotoawards\\vendor\\laravel\\framework\\src\\Illuminate\\Pipeline\\Pipeline.php(167): Illuminate\\Foundation\\Http\\Middleware\\TrimStrings->handle(Object(Illuminate\\Http\\Request), Object(Closure))
#41 C:\\xampp\\htdocs\\kazimotoawards\\vendor\\laravel\\framework\\src\\Illuminate\\Foundation\\Http\\Middleware\\ValidatePostSize.php(27): Illuminate\\Pipeline\\Pipeline->Illuminate\\Pipeline\\{closure}(Object(Illuminate\\Http\\Request))
#42 C:\\xampp\\htdocs\\kazimotoawards\\vendor\\laravel\\framework\\src\\Illuminate\\Pipeline\\Pipeline.php(167): Illuminate\\Foundation\\Http\\Middleware\\ValidatePostSize->handle(Object(Illuminate\\Http\\Request), Object(Closure))
#43 C:\\xampp\\htdocs\\kazimotoawards\\vendor\\laravel\\framework\\src\\Illuminate\\Foundation\\Http\\Middleware\\PreventRequestsDuringMaintenance.php(86): Illuminate\\Pipeline\\Pipeline->Illuminate\\Pipeline\\{closure}(Object(Illuminate\\Http\\Request))
#44 C:\\xampp\\htdocs\\kazimotoawards\\vendor\\laravel\\framework\\src\\Illuminate\\Pipeline\\Pipeline.php(167): Illuminate\\Foundation\\Http\\Middleware\\PreventRequestsDuringMaintenance->handle(Object(Illuminate\\Http\\Request), Object(Closure))
#45 C:\\xampp\\htdocs\\kazimotoawards\\vendor\\fruitcake\\laravel-cors\\src\\HandleCors.php(38): Illuminate\\Pipeline\\Pipeline->Illuminate\\Pipeline\\{closure}(Object(Illuminate\\Http\\Request))
#46 C:\\xampp\\htdocs\\kazimotoawards\\vendor\\laravel\\framework\\src\\Illuminate\\Pipeline\\Pipeline.php(167): Fruitcake\\Cors\\HandleCors->handle(Object(Illuminate\\Http\\Request), Object(Closure))
#47 C:\\xampp\\htdocs\\kazimotoawards\\vendor\\fideloper\\proxy\\src\\TrustProxies.php(57): Illuminate\\Pipeline\\Pipeline->Illuminate\\Pipeline\\{closure}(Object(Illuminate\\Http\\Request))
#48 C:\\xampp\\htdocs\\kazimotoawards\\vendor\\laravel\\framework\\src\\Illuminate\\Pipeline\\Pipeline.php(167): Fideloper\\Proxy\\TrustProxies->handle(Object(Illuminate\\Http\\Request), Object(Closure))
#49 C:\\xampp\\htdocs\\kazimotoawards\\vendor\\laravel\\framework\\src\\Illuminate\\Pipeline\\Pipeline.php(103): Illuminate\\Pipeline\\Pipeline->Illuminate\\Pipeline\\{closure}(Object(Illuminate\\Http\\Request))
#50 C:\\xampp\\htdocs\\kazimotoawards\\vendor\\laravel\\framework\\src\\Illuminate\\Foundation\\Http\\Kernel.php(142): Illuminate\\Pipeline\\Pipeline->then(Object(Closure))
#51 C:\\xampp\\htdocs\\kazimotoawards\\vendor\\laravel\\framework\\src\\Illuminate\\Foundation\\Http\\Kernel.php(111): Illuminate\\Foundation\\Http\\Kernel->sendRequestThroughRouter(Object(Illuminate\\Http\\Request))
#52 C:\\xampp\\htdocs\\kazimotoawards\\public\\index.php(51): Illuminate\\Foundation\\Http\\Kernel->handle(Object(Illuminate\\Http\\Request))
#53 C:\\xampp\\htdocs\\kazimotoawards\\server.php(21): require_once('C:\\\\xampp\\\\htdocs...')
#54 {main}

[previous exception] [object] (ErrorException(code: 0): Attempt to read property \"mission\" on null at C:\\xampp\\htdocs\\kazimotoawards\\storage\\framework\\views\\9e5707074202bf9ba70d303ec82ce84085463253.php:17)
[stacktrace]
#0 C:\\xampp\\htdocs\\kazimotoawards\\storage\\framework\\views\\9e5707074202bf9ba70d303ec82ce84085463253.php(17): Illuminate\\Foundation\\Bootstrap\\HandleExceptions->handleError(2, 'Attempt to read...', 'C:\\\\xampp\\\\htdocs...', 17)
#1 C:\\xampp\\htdocs\\kazimotoawards\\vendor\\laravel\\framework\\src\\Illuminate\\Filesystem\\Filesystem.php(107): require('C:\\\\xampp\\\\htdocs...')
#2 C:\\xampp\\htdocs\\kazimotoawards\\vendor\\laravel\\framework\\src\\Illuminate\\Filesystem\\Filesystem.php(108): Illuminate\\Filesystem\\Filesystem::Illuminate\\Filesystem\\{closure}()
#3 C:\\xampp\\htdocs\\kazimotoawards\\vendor\\laravel\\framework\\src\\Illuminate\\View\\Engines\\PhpEngine.php(58): Illuminate\\Filesystem\\Filesystem->getRequire('C:\\\\xampp\\\\htdocs...', Array)
#4 C:\\xampp\\htdocs\\kazimotoawards\\vendor\\laravel\\framework\\src\\Illuminate\\View\\Engines\\CompilerEngine.php(61): Illuminate\\View\\Engines\\PhpEngine->evaluatePath('C:\\\\xampp\\\\htdocs...', Array)
#5 C:\\xampp\\htdocs\\kazimotoawards\\vendor\\facade\\ignition\\src\\Views\\Engines\\CompilerEngine.php(37): Illuminate\\View\\Engines\\CompilerEngine->get('C:\\\\xampp\\\\htdocs...', Array)
#6 C:\\xampp\\htdocs\\kazimotoawards\\vendor\\laravel\\framework\\src\\Illuminate\\View\\View.php(139): Facade\\Ignition\\Views\\Engines\\CompilerEngine->get('C:\\\\xampp\\\\htdocs...', Array)
#7 C:\\xampp\\htdocs\\kazimotoawards\\vendor\\laravel\\framework\\src\\Illuminate\\View\\View.php(122): Illuminate\\View\\View->getContents()
#8 C:\\xampp\\htdocs\\kazimotoawards\\vendor\\laravel\\framework\\src\\Illuminate\\View\\View.php(91): Illuminate\\View\\View->renderContents()
#9 C:\\xampp\\htdocs\\kazimotoawards\\vendor\\laravel\\framework\\src\\Illuminate\\Http\\Response.php(69): Illuminate\\View\\View->render()
#10 C:\\xampp\\htdocs\\kazimotoawards\\vendor\\laravel\\framework\\src\\Illuminate\\Http\\Response.php(35): Illuminate\\Http\\Response->setContent(Object(Illuminate\\View\\View))
#11 C:\\xampp\\htdocs\\kazimotoawards\\vendor\\laravel\\framework\\src\\Illuminate\\Routing\\Router.php(820): Illuminate\\Http\\Response->__construct(Object(Illuminate\\View\\View), 200, Array)
#12 C:\\xampp\\htdocs\\kazimotoawards\\vendor\\laravel\\framework\\src\\Illuminate\\Routing\\Router.php(789): Illuminate\\Routing\\Router::toResponse(Object(Illuminate\\Http\\Request), Object(Illuminate\\View\\View))
#13 C:\\xampp\\htdocs\\kazimotoawards\\vendor\\laravel\\framework\\src\\Illuminate\\Routing\\Router.php(720): Illuminate\\Routing\\Router->prepareResponse(Object(Illuminate\\Http\\Request), Object(Illuminate\\View\\View))
#14 C:\\xampp\\htdocs\\kazimotoawards\\vendor\\laravel\\framework\\src\\Illuminate\\Pipeline\\Pipeline.php(128): Illuminate\\Routing\\Router->Illuminate\\Routing\\{closure}(Object(Illuminate\\Http\\Request))
#15 C:\\xampp\\htdocs\\kazimotoawards\\vendor\\laravel\\framework\\src\\Illuminate\\Routing\\Middleware\\SubstituteBindings.php(50): Illuminate\\Pipeline\\Pipeline->Illuminate\\Pipeline\\{closure}(Object(Illuminate\\Http\\Request))
#16 C:\\xampp\\htdocs\\kazimotoawards\\vendor\\laravel\\framework\\src\\Illuminate\\Pipeline\\Pipeline.php(167): Illuminate\\Routing\\Middleware\\SubstituteBindings->handle(Object(Illuminate\\Http\\Request), Object(Closure))
#17 C:\\xampp\\htdocs\\kazimotoawards\\vendor\\laravel\\framework\\src\\Illuminate\\Foundation\\Http\\Middleware\\VerifyCsrfToken.php(78): Illuminate\\Pipeline\\Pipeline->Illuminate\\Pipeline\\{closure}(Object(Illuminate\\Http\\Request))
#18 C:\\xampp\\htdocs\\kazimotoawards\\vendor\\laravel\\framework\\src\\Illuminate\\Pipeline\\Pipeline.php(167): Illuminate\\Foundation\\Http\\Middleware\\VerifyCsrfToken->handle(Object(Illuminate\\Http\\Request), Object(Closure))
#19 C:\\xampp\\htdocs\\kazimotoawards\\vendor\\laravel\\framework\\src\\Illuminate\\View\\Middleware\\ShareErrorsFromSession.php(49): Illuminate\\Pipeline\\Pipeline->Illuminate\\Pipeline\\{closure}(Object(Illuminate\\Http\\Request))
#20 C:\\xampp\\htdocs\\kazimotoawards\\vendor\\laravel\\framework\\src\\Illuminate\\Pipeline\\Pipeline.php(167): Illuminate\\View\\Middleware\\ShareErrorsFromSession->handle(Object(Illuminate\\Http\\Request), Object(Closure))
#21 C:\\xampp\\htdocs\\kazimotoawards\\vendor\\laravel\\framework\\src\\Illuminate\\Session\\Middleware\\StartSession.php(121): Illuminate\\Pipeline\\Pipeline->Illuminate\\Pipeline\\{closure}(Object(Illuminate\\Http\\Request))
#22 C:\\xampp\\htdocs\\kazimotoawards\\vendor\\laravel\\framework\\src\\Illuminate\\Session\\Middleware\\StartSession.php(64): Illuminate\\Session\\Middleware\\StartSession->handleStatefulRequest(Object(Illuminate\\Http\\Request), Object(Illuminate\\Session\\Store), Object(Closure))
#23 C:\\xampp\\htdocs\\kazimotoawards\\vendor\\laravel\\framework\\src\\Illuminate\\Pipeline\\Pipeline.php(167): Illuminate\\Session\\Middleware\\StartSession->handle(Object(Illuminate\\Http\\Request), Object(Closure))
#24 C:\\xampp\\htdocs\\kazimotoawards\\vendor\\laravel\\framework\\src\\Illuminate\\Cookie\\Middleware\\AddQueuedCookiesToResponse.php(37): Illuminate\\Pipeline\\Pipeline->Illuminate\\Pipeline\\{closure}(Object(Illuminate\\Http\\Request))
#25 C:\\xampp\\htdocs\\kazimotoawards\\vendor\\laravel\\framework\\src\\Illuminate\\Pipeline\\Pipeline.php(167): Illuminate\\Cookie\\Middleware\\AddQueuedCookiesToResponse->handle(Object(Illuminate\\Http\\Request), Object(Closure))
#26 C:\\xampp\\htdocs\\kazimotoawards\\vendor\\laravel\\framework\\src\\Illuminate\\Cookie\\Middleware\\EncryptCookies.php(67): Illuminate\\Pipeline\\Pipeline->Illuminate\\Pipeline\\{closure}(Object(Illuminate\\Http\\Request))
#27 C:\\xampp\\htdocs\\kazimotoawards\\vendor\\laravel\\framework\\src\\Illuminate\\Pipeline\\Pipeline.php(167): Illuminate\\Cookie\\Middleware\\EncryptCookies->handle(Object(Illuminate\\Http\\Request), Object(Closure))
#28 C:\\xampp\\htdocs\\kazimotoawards\\vendor\\laravel\\framework\\src\\Illuminate\\Pipeline\\Pipeline.php(103): Illuminate\\Pipeline\\Pipeline->Illuminate\\Pipeline\\{closure}(Object(Illuminate\\Http\\Request))
#29 C:\\xampp\\htdocs\\kazimotoawards\\vendor\\laravel\\framework\\src\\Illuminate\\Routing\\Router.php(719): Illuminate\\Pipeline\\Pipeline->then(Object(Closure))
#30 C:\\xampp\\htdocs\\kazimotoawards\\vendor\\laravel\\framework\\src\\Illuminate\\Routing\\Router.php(698): Illuminate\\Routing\\Router->runRouteWithinStack(Object(Illuminate\\Routing\\Route), Object(Illuminate\\Http\\Request))
#31 C:\\xampp\\htdocs\\kazimotoawards\\vendor\\laravel\\framework\\src\\Illuminate\\Routing\\Router.php(662): Illuminate\\Routing\\Router->runRoute(Object(Illuminate\\Http\\Request), Object(Illuminate\\Routing\\Route))
#32 C:\\xampp\\htdocs\\kazimotoawards\\vendor\\laravel\\framework\\src\\Illuminate\\Routing\\Router.php(651): Illuminate\\Routing\\Router->dispatchToRoute(Object(Illuminate\\Http\\Request))
#33 C:\\xampp\\htdocs\\kazimotoawards\\vendor\\laravel\\framework\\src\\Illuminate\\Foundation\\Http\\Kernel.php(167): Illuminate\\Routing\\Router->dispatch(Object(Illuminate\\Http\\Request))
#34 C:\\xampp\\htdocs\\kazimotoawards\\vendor\\laravel\\framework\\src\\Illuminate\\Pipeline\\Pipeline.php(128): Illuminate\\Foundation\\Http\\Kernel->Illuminate\\Foundation\\Http\\{closure}(Object(Illuminate\\Http\\Request))
#35 C:\\xampp\\htdocs\\kazimotoawards\\vendor\\laravel\\framework\\src\\Illuminate\\Foundation\\Http\\Middleware\\TransformsRequest.php(21): Illuminate\\Pipeline\\Pipeline->Illuminate\\Pipeline\\{closure}(Object(Illuminate\\Http\\Request))
#36 C:\\xampp\\htdocs\\kazimotoawards\\vendor\\laravel\\framework\\src\\Illuminate\\Foundation\\Http\\Middleware\\ConvertEmptyStringsToNull.php(31): Illuminate\\Foundation\\Http\\Middleware\\TransformsRequest->handle(Object(Illuminate\\Http\\Request), Object(Closure))
#37 C:\\xampp\\htdocs\\kazimotoawards\\vendor\\laravel\\framework\\src\\Illuminate\\Pipeline\\Pipeline.php(167): Illuminate\\Foundation\\Http\\Middleware\\ConvertEmptyStringsToNull->handle(Object(Illuminate\\Http\\Request), Object(Closure))
#38 C:\\xampp\\htdocs\\kazimotoawards\\vendor\\laravel\\framework\\src\\Illuminate\\Foundation\\Http\\Middleware\\TransformsRequest.php(21): Illuminate\\Pipeline\\Pipeline->Illuminate\\Pipeline\\{closure}(Object(Illuminate\\Http\\Request))
#39 C:\\xampp\\htdocs\\kazimotoawards\\vendor\\laravel\\framework\\src\\Illuminate\\Foundation\\Http\\Middleware\\TrimStrings.php(40): Illuminate\\Foundation\\Http\\Middleware\\TransformsRequest->handle(Object(Illuminate\\Http\\Request), Object(Closure))
#40 C:\\xampp\\htdocs\\kazimotoawards\\vendor\\laravel\\framework\\src\\Illuminate\\Pipeline\\Pipeline.php(167): Illuminate\\Foundation\\Http\\Middleware\\TrimStrings->handle(Object(Illuminate\\Http\\Request), Object(Closure))
#41 C:\\xampp\\htdocs\\kazimotoawards\\vendor\\laravel\\framework\\src\\Illuminate\\Foundation\\Http\\Middleware\\ValidatePostSize.php(27): Illuminate\\Pipeline\\Pipeline->Illuminate\\Pipeline\\{closure}(Object(Illuminate\\Http\\Request))
#42 C:\\xampp\\htdocs\\kazimotoawards\\vendor\\laravel\\framework\\src\\Illuminate\\Pipeline\\Pipeline.php(167): Illuminate\\Foundation\\Http\\Middleware\\ValidatePostSize->handle(Object(Illuminate\\Http\\Request), Object(Closure))
#43 C:\\xampp\\htdocs\\kazimotoawards\\vendor\\laravel\\framework\\src\\Illuminate\\Foundation\\Http\\Middleware\\PreventRequestsDuringMaintenance.php(86): Illuminate\\Pipeline\\Pipeline->Illuminate\\Pipeline\\{closure}(Object(Illuminate\\Http\\Request))
#44 C:\\xampp\\htdocs\\kazimotoawards\\vendor\\laravel\\framework\\src\\Illuminate\\Pipeline\\Pipeline.php(167): Illuminate\\Foundation\\Http\\Middleware\\PreventRequestsDuringMaintenance->handle(Object(Illuminate\\Http\\Request), Object(Closure))
#45 C:\\xampp\\htdocs\\kazimotoawards\\vendor\\fruitcake\\laravel-cors\\src\\HandleCors.php(38): Illuminate\\Pipeline\\Pipeline->Illuminate\\Pipeline\\{closure}(Object(Illuminate\\Http\\Request))
#46 C:\\xampp\\htdocs\\kazimotoawards\\vendor\\laravel\\framework\\src\\Illuminate\\Pipeline\\Pipeline.php(167): Fruitcake\\Cors\\HandleCors->handle(Object(Illuminate\\Http\\Request), Object(Closure))
#47 C:\\xampp\\htdocs\\kazimotoawards\\vendor\\fideloper\\proxy\\src\\TrustProxies.php(57): Illuminate\\Pipeline\\Pipeline->Illuminate\\Pipeline\\{closure}(Object(Illuminate\\Http\\Request))
#48 C:\\xampp\\htdocs\\kazimotoawards\\vendor\\laravel\\framework\\src\\Illuminate\\Pipeline\\Pipeline.php(167): Fideloper\\Proxy\\TrustProxies->handle(Object(Illuminate\\Http\\Request), Object(Closure))
#49 C:\\xampp\\htdocs\\kazimotoawards\\vendor\\laravel\\framework\\src\\Illuminate\\Pipeline\\Pipeline.php(103): Illuminate\\Pipeline\\Pipeline->Illuminate\\Pipeline\\{closure}(Object(Illuminate\\Http\\Request))
#50 C:\\xampp\\htdocs\\kazimotoawards\\vendor\\laravel\\framework\\src\\Illuminate\\Foundation\\Http\\Kernel.php(142): Illuminate\\Pipeline\\Pipeline->then(Object(Closure))
#51 C:\\xampp\\htdocs\\kazimotoawards\\vendor\\laravel\\framework\\src\\Illuminate\\Foundation\\Http\\Kernel.php(111): Illuminate\\Foundation\\Http\\Kernel->sendRequestThroughRouter(Object(Illuminate\\Http\\Request))
#52 C:\\xampp\\htdocs\\kazimotoawards\\public\\index.php(51): Illuminate\\Foundation\\Http\\Kernel->handle(Object(Illuminate\\Http\\Request))
#53 C:\\xampp\\htdocs\\kazimotoawards\\server.php(21): require_once('C:\\\\xampp\\\\htdocs...')
#54 {main}
"} 
[2025-08-12 11:30:56] local.ERROR: SQLSTATE[HY000] [2002] No connection could be made because the target machine actively refused it (SQL: select * from `donors` where `status` = Active) {"exception":"[object] (Illuminate\\Database\\QueryException(code: 2002): SQLSTATE[HY000] [2002] No connection could be made because the target machine actively refused it (SQL: select * from `donors` where `status` = Active) at C:\\xampp\\htdocs\\kazimotoawards\\vendor\\laravel\\framework\\src\\Illuminate\\Database\\Connection.php:712)
[stacktrace]
#0 C:\\xampp\\htdocs\\kazimotoawards\\vendor\\laravel\\framework\\src\\Illuminate\\Database\\Connection.php(672): Illuminate\\Database\\Connection->runQueryCallback('select * from `...', Array, Object(Closure))
#1 C:\\xampp\\htdocs\\kazimotoawards\\vendor\\laravel\\framework\\src\\Illuminate\\Database\\Connection.php(359): Illuminate\\Database\\Connection->run('select * from `...', Array, Object(Closure))
#2 C:\\xampp\\htdocs\\kazimotoawards\\vendor\\laravel\\framework\\src\\Illuminate\\Database\\Query\\Builder.php(2413): Illuminate\\Database\\Connection->select('select * from `...', Array, true)
#3 C:\\xampp\\htdocs\\kazimotoawards\\vendor\\laravel\\framework\\src\\Illuminate\\Database\\Query\\Builder.php(2402): Illuminate\\Database\\Query\\Builder->runSelect()
#4 C:\\xampp\\htdocs\\kazimotoawards\\vendor\\laravel\\framework\\src\\Illuminate\\Database\\Query\\Builder.php(2936): Illuminate\\Database\\Query\\Builder->Illuminate\\Database\\Query\\{closure}()
#5 C:\\xampp\\htdocs\\kazimotoawards\\vendor\\laravel\\framework\\src\\Illuminate\\Database\\Query\\Builder.php(2401): Illuminate\\Database\\Query\\Builder->onceWithColumns(Array, Object(Closure))
#6 C:\\xampp\\htdocs\\kazimotoawards\\vendor\\laravel\\framework\\src\\Illuminate\\Database\\Eloquent\\Builder.php(625): Illuminate\\Database\\Query\\Builder->get(Array)
#7 C:\\xampp\\htdocs\\kazimotoawards\\vendor\\laravel\\framework\\src\\Illuminate\\Database\\Eloquent\\Builder.php(609): Illuminate\\Database\\Eloquent\\Builder->getModels(Array)
#8 C:\\xampp\\htdocs\\kazimotoawards\\app\\Http\\Controllers\\websiteController.php(32): Illuminate\\Database\\Eloquent\\Builder->get()
#9 C:\\xampp\\htdocs\\kazimotoawards\\vendor\\laravel\\framework\\src\\Illuminate\\Routing\\Controller.php(54): App\\Http\\Controllers\\WebsiteController->index()
#10 C:\\xampp\\htdocs\\kazimotoawards\\vendor\\laravel\\framework\\src\\Illuminate\\Routing\\ControllerDispatcher.php(45): Illuminate\\Routing\\Controller->callAction('index', Array)
#11 C:\\xampp\\htdocs\\kazimotoawards\\vendor\\laravel\\framework\\src\\Illuminate\\Routing\\Route.php(261): Illuminate\\Routing\\ControllerDispatcher->dispatch(Object(Illuminate\\Routing\\Route), Object(App\\Http\\Controllers\\WebsiteController), 'index')
#12 C:\\xampp\\htdocs\\kazimotoawards\\vendor\\laravel\\framework\\src\\Illuminate\\Routing\\Route.php(205): Illuminate\\Routing\\Route->runController()
#13 C:\\xampp\\htdocs\\kazimotoawards\\vendor\\laravel\\framework\\src\\Illuminate\\Routing\\Router.php(721): Illuminate\\Routing\\Route->run()
#14 C:\\xampp\\htdocs\\kazimotoawards\\vendor\\laravel\\framework\\src\\Illuminate\\Pipeline\\Pipeline.php(128): Illuminate\\Routing\\Router->Illuminate\\Routing\\{closure}(Object(Illuminate\\Http\\Request))
#15 C:\\xampp\\htdocs\\kazimotoawards\\vendor\\laravel\\framework\\src\\Illuminate\\Routing\\Middleware\\SubstituteBindings.php(50): Illuminate\\Pipeline\\Pipeline->Illuminate\\Pipeline\\{closure}(Object(Illuminate\\Http\\Request))
#16 C:\\xampp\\htdocs\\kazimotoawards\\vendor\\laravel\\framework\\src\\Illuminate\\Pipeline\\Pipeline.php(167): Illuminate\\Routing\\Middleware\\SubstituteBindings->handle(Object(Illuminate\\Http\\Request), Object(Closure))
#17 C:\\xampp\\htdocs\\kazimotoawards\\vendor\\laravel\\framework\\src\\Illuminate\\Foundation\\Http\\Middleware\\VerifyCsrfToken.php(78): Illuminate\\Pipeline\\Pipeline->Illuminate\\Pipeline\\{closure}(Object(Illuminate\\Http\\Request))
#18 C:\\xampp\\htdocs\\kazimotoawards\\vendor\\laravel\\framework\\src\\Illuminate\\Pipeline\\Pipeline.php(167): Illuminate\\Foundation\\Http\\Middleware\\VerifyCsrfToken->handle(Object(Illuminate\\Http\\Request), Object(Closure))
#19 C:\\xampp\\htdocs\\kazimotoawards\\vendor\\laravel\\framework\\src\\Illuminate\\View\\Middleware\\ShareErrorsFromSession.php(49): Illuminate\\Pipeline\\Pipeline->Illuminate\\Pipeline\\{closure}(Object(Illuminate\\Http\\Request))
#20 C:\\xampp\\htdocs\\kazimotoawards\\vendor\\laravel\\framework\\src\\Illuminate\\Pipeline\\Pipeline.php(167): Illuminate\\View\\Middleware\\ShareErrorsFromSession->handle(Object(Illuminate\\Http\\Request), Object(Closure))
#21 C:\\xampp\\htdocs\\kazimotoawards\\vendor\\laravel\\framework\\src\\Illuminate\\Session\\Middleware\\StartSession.php(121): Illuminate\\Pipeline\\Pipeline->Illuminate\\Pipeline\\{closure}(Object(Illuminate\\Http\\Request))
#22 C:\\xampp\\htdocs\\kazimotoawards\\vendor\\laravel\\framework\\src\\Illuminate\\Session\\Middleware\\StartSession.php(64): Illuminate\\Session\\Middleware\\StartSession->handleStatefulRequest(Object(Illuminate\\Http\\Request), Object(Illuminate\\Session\\Store), Object(Closure))
#23 C:\\xampp\\htdocs\\kazimotoawards\\vendor\\laravel\\framework\\src\\Illuminate\\Pipeline\\Pipeline.php(167): Illuminate\\Session\\Middleware\\StartSession->handle(Object(Illuminate\\Http\\Request), Object(Closure))
#24 C:\\xampp\\htdocs\\kazimotoawards\\vendor\\laravel\\framework\\src\\Illuminate\\Cookie\\Middleware\\AddQueuedCookiesToResponse.php(37): Illuminate\\Pipeline\\Pipeline->Illuminate\\Pipeline\\{closure}(Object(Illuminate\\Http\\Request))
#25 C:\\xampp\\htdocs\\kazimotoawards\\vendor\\laravel\\framework\\src\\Illuminate\\Pipeline\\Pipeline.php(167): Illuminate\\Cookie\\Middleware\\AddQueuedCookiesToResponse->handle(Object(Illuminate\\Http\\Request), Object(Closure))
#26 C:\\xampp\\htdocs\\kazimotoawards\\vendor\\laravel\\framework\\src\\Illuminate\\Cookie\\Middleware\\EncryptCookies.php(67): Illuminate\\Pipeline\\Pipeline->Illuminate\\Pipeline\\{closure}(Object(Illuminate\\Http\\Request))
#27 C:\\xampp\\htdocs\\kazimotoawards\\vendor\\laravel\\framework\\src\\Illuminate\\Pipeline\\Pipeline.php(167): Illuminate\\Cookie\\Middleware\\EncryptCookies->handle(Object(Illuminate\\Http\\Request), Object(Closure))
#28 C:\\xampp\\htdocs\\kazimotoawards\\vendor\\laravel\\framework\\src\\Illuminate\\Pipeline\\Pipeline.php(103): Illuminate\\Pipeline\\Pipeline->Illuminate\\Pipeline\\{closure}(Object(Illuminate\\Http\\Request))
#29 C:\\xampp\\htdocs\\kazimotoawards\\vendor\\laravel\\framework\\src\\Illuminate\\Routing\\Router.php(719): Illuminate\\Pipeline\\Pipeline->then(Object(Closure))
#30 C:\\xampp\\htdocs\\kazimotoawards\\vendor\\laravel\\framework\\src\\Illuminate\\Routing\\Router.php(698): Illuminate\\Routing\\Router->runRouteWithinStack(Object(Illuminate\\Routing\\Route), Object(Illuminate\\Http\\Request))
#31 C:\\xampp\\htdocs\\kazimotoawards\\vendor\\laravel\\framework\\src\\Illuminate\\Routing\\Router.php(662): Illuminate\\Routing\\Router->runRoute(Object(Illuminate\\Http\\Request), Object(Illuminate\\Routing\\Route))
#32 C:\\xampp\\htdocs\\kazimotoawards\\vendor\\laravel\\framework\\src\\Illuminate\\Routing\\Router.php(651): Illuminate\\Routing\\Router->dispatchToRoute(Object(Illuminate\\Http\\Request))
#33 C:\\xampp\\htdocs\\kazimotoawards\\vendor\\laravel\\framework\\src\\Illuminate\\Foundation\\Http\\Kernel.php(167): Illuminate\\Routing\\Router->dispatch(Object(Illuminate\\Http\\Request))
#34 C:\\xampp\\htdocs\\kazimotoawards\\vendor\\laravel\\framework\\src\\Illuminate\\Pipeline\\Pipeline.php(128): Illuminate\\Foundation\\Http\\Kernel->Illuminate\\Foundation\\Http\\{closure}(Object(Illuminate\\Http\\Request))
#35 C:\\xampp\\htdocs\\kazimotoawards\\vendor\\laravel\\framework\\src\\Illuminate\\Foundation\\Http\\Middleware\\TransformsRequest.php(21): Illuminate\\Pipeline\\Pipeline->Illuminate\\Pipeline\\{closure}(Object(Illuminate\\Http\\Request))
#36 C:\\xampp\\htdocs\\kazimotoawards\\vendor\\laravel\\framework\\src\\Illuminate\\Foundation\\Http\\Middleware\\ConvertEmptyStringsToNull.php(31): Illuminate\\Foundation\\Http\\Middleware\\TransformsRequest->handle(Object(Illuminate\\Http\\Request), Object(Closure))
#37 C:\\xampp\\htdocs\\kazimotoawards\\vendor\\laravel\\framework\\src\\Illuminate\\Pipeline\\Pipeline.php(167): Illuminate\\Foundation\\Http\\Middleware\\ConvertEmptyStringsToNull->handle(Object(Illuminate\\Http\\Request), Object(Closure))
#38 C:\\xampp\\htdocs\\kazimotoawards\\vendor\\laravel\\framework\\src\\Illuminate\\Foundation\\Http\\Middleware\\TransformsRequest.php(21): Illuminate\\Pipeline\\Pipeline->Illuminate\\Pipeline\\{closure}(Object(Illuminate\\Http\\Request))
#39 C:\\xampp\\htdocs\\kazimotoawards\\vendor\\laravel\\framework\\src\\Illuminate\\Foundation\\Http\\Middleware\\TrimStrings.php(40): Illuminate\\Foundation\\Http\\Middleware\\TransformsRequest->handle(Object(Illuminate\\Http\\Request), Object(Closure))
#40 C:\\xampp\\htdocs\\kazimotoawards\\vendor\\laravel\\framework\\src\\Illuminate\\Pipeline\\Pipeline.php(167): Illuminate\\Foundation\\Http\\Middleware\\TrimStrings->handle(Object(Illuminate\\Http\\Request), Object(Closure))
#41 C:\\xampp\\htdocs\\kazimotoawards\\vendor\\laravel\\framework\\src\\Illuminate\\Foundation\\Http\\Middleware\\ValidatePostSize.php(27): Illuminate\\Pipeline\\Pipeline->Illuminate\\Pipeline\\{closure}(Object(Illuminate\\Http\\Request))
#42 C:\\xampp\\htdocs\\kazimotoawards\\vendor\\laravel\\framework\\src\\Illuminate\\Pipeline\\Pipeline.php(167): Illuminate\\Foundation\\Http\\Middleware\\ValidatePostSize->handle(Object(Illuminate\\Http\\Request), Object(Closure))
#43 C:\\xampp\\htdocs\\kazimotoawards\\vendor\\laravel\\framework\\src\\Illuminate\\Foundation\\Http\\Middleware\\PreventRequestsDuringMaintenance.php(86): Illuminate\\Pipeline\\Pipeline->Illuminate\\Pipeline\\{closure}(Object(Illuminate\\Http\\Request))
#44 C:\\xampp\\htdocs\\kazimotoawards\\vendor\\laravel\\framework\\src\\Illuminate\\Pipeline\\Pipeline.php(167): Illuminate\\Foundation\\Http\\Middleware\\PreventRequestsDuringMaintenance->handle(Object(Illuminate\\Http\\Request), Object(Closure))
#45 C:\\xampp\\htdocs\\kazimotoawards\\vendor\\fruitcake\\laravel-cors\\src\\HandleCors.php(38): Illuminate\\Pipeline\\Pipeline->Illuminate\\Pipeline\\{closure}(Object(Illuminate\\Http\\Request))
#46 C:\\xampp\\htdocs\\kazimotoawards\\vendor\\laravel\\framework\\src\\Illuminate\\Pipeline\\Pipeline.php(167): Fruitcake\\Cors\\HandleCors->handle(Object(Illuminate\\Http\\Request), Object(Closure))
#47 C:\\xampp\\htdocs\\kazimotoawards\\vendor\\fideloper\\proxy\\src\\TrustProxies.php(57): Illuminate\\Pipeline\\Pipeline->Illuminate\\Pipeline\\{closure}(Object(Illuminate\\Http\\Request))
#48 C:\\xampp\\htdocs\\kazimotoawards\\vendor\\laravel\\framework\\src\\Illuminate\\Pipeline\\Pipeline.php(167): Fideloper\\Proxy\\TrustProxies->handle(Object(Illuminate\\Http\\Request), Object(Closure))
#49 C:\\xampp\\htdocs\\kazimotoawards\\vendor\\laravel\\framework\\src\\Illuminate\\Pipeline\\Pipeline.php(103): Illuminate\\Pipeline\\Pipeline->Illuminate\\Pipeline\\{closure}(Object(Illuminate\\Http\\Request))
#50 C:\\xampp\\htdocs\\kazimotoawards\\vendor\\laravel\\framework\\src\\Illuminate\\Foundation\\Http\\Kernel.php(142): Illuminate\\Pipeline\\Pipeline->then(Object(Closure))
#51 C:\\xampp\\htdocs\\kazimotoawards\\vendor\\laravel\\framework\\src\\Illuminate\\Foundation\\Http\\Kernel.php(111): Illuminate\\Foundation\\Http\\Kernel->sendRequestThroughRouter(Object(Illuminate\\Http\\Request))
#52 C:\\xampp\\htdocs\\kazimotoawards\\public\\index.php(51): Illuminate\\Foundation\\Http\\Kernel->handle(Object(Illuminate\\Http\\Request))
#53 C:\\xampp\\htdocs\\kazimotoawards\\server.php(21): require_once('C:\\\\xampp\\\\htdocs...')
#54 {main}

[previous exception] [object] (PDOException(code: 2002): SQLSTATE[HY000] [2002] No connection could be made because the target machine actively refused it at C:\\xampp\\htdocs\\kazimotoawards\\vendor\\laravel\\framework\\src\\Illuminate\\Database\\Connectors\\Connector.php:70)
[stacktrace]
#0 C:\\xampp\\htdocs\\kazimotoawards\\vendor\\laravel\\framework\\src\\Illuminate\\Database\\Connectors\\Connector.php(70): PDO->__construct('mysql:host=127....', 'root', Object(SensitiveParameterValue), Array)
#1 C:\\xampp\\htdocs\\kazimotoawards\\vendor\\laravel\\framework\\src\\Illuminate\\Database\\Connectors\\Connector.php(45): Illuminate\\Database\\Connectors\\Connector->createPdoConnection('mysql:host=127....', 'root', '', Array)
#2 C:\\xampp\\htdocs\\kazimotoawards\\vendor\\laravel\\framework\\src\\Illuminate\\Database\\Connectors\\MySqlConnector.php(24): Illuminate\\Database\\Connectors\\Connector->createConnection('mysql:host=127....', Array, Array)
#3 C:\\xampp\\htdocs\\kazimotoawards\\vendor\\laravel\\framework\\src\\Illuminate\\Database\\Connectors\\ConnectionFactory.php(184): Illuminate\\Database\\Connectors\\MySqlConnector->connect(Array)
#4 [internal function]: Illuminate\\Database\\Connectors\\ConnectionFactory->Illuminate\\Database\\Connectors\\{closure}()
#5 C:\\xampp\\htdocs\\kazimotoawards\\vendor\\laravel\\framework\\src\\Illuminate\\Database\\Connection.php(1064): call_user_func(Object(Closure))
#6 C:\\xampp\\htdocs\\kazimotoawards\\vendor\\laravel\\framework\\src\\Illuminate\\Database\\Connection.php(1100): Illuminate\\Database\\Connection->getPdo()
#7 C:\\xampp\\htdocs\\kazimotoawards\\vendor\\laravel\\framework\\src\\Illuminate\\Database\\Connection.php(442): Illuminate\\Database\\Connection->getReadPdo()
#8 C:\\xampp\\htdocs\\kazimotoawards\\vendor\\laravel\\framework\\src\\Illuminate\\Database\\Connection.php(368): Illuminate\\Database\\Connection->getPdoForSelect(true)
#9 C:\\xampp\\htdocs\\kazimotoawards\\vendor\\laravel\\framework\\src\\Illuminate\\Database\\Connection.php(705): Illuminate\\Database\\Connection->Illuminate\\Database\\{closure}('select * from `...', Array)
#10 C:\\xampp\\htdocs\\kazimotoawards\\vendor\\laravel\\framework\\src\\Illuminate\\Database\\Connection.php(672): Illuminate\\Database\\Connection->runQueryCallback('select * from `...', Array, Object(Closure))
#11 C:\\xampp\\htdocs\\kazimotoawards\\vendor\\laravel\\framework\\src\\Illuminate\\Database\\Connection.php(359): Illuminate\\Database\\Connection->run('select * from `...', Array, Object(Closure))
#12 C:\\xampp\\htdocs\\kazimotoawards\\vendor\\laravel\\framework\\src\\Illuminate\\Database\\Query\\Builder.php(2413): Illuminate\\Database\\Connection->select('select * from `...', Array, true)
#13 C:\\xampp\\htdocs\\kazimotoawards\\vendor\\laravel\\framework\\src\\Illuminate\\Database\\Query\\Builder.php(2402): Illuminate\\Database\\Query\\Builder->runSelect()
#14 C:\\xampp\\htdocs\\kazimotoawards\\vendor\\laravel\\framework\\src\\Illuminate\\Database\\Query\\Builder.php(2936): Illuminate\\Database\\Query\\Builder->Illuminate\\Database\\Query\\{closure}()
#15 C:\\xampp\\htdocs\\kazimotoawards\\vendor\\laravel\\framework\\src\\Illuminate\\Database\\Query\\Builder.php(2401): Illuminate\\Database\\Query\\Builder->onceWithColumns(Array, Object(Closure))
#16 C:\\xampp\\htdocs\\kazimotoawards\\vendor\\laravel\\framework\\src\\Illuminate\\Database\\Eloquent\\Builder.php(625): Illuminate\\Database\\Query\\Builder->get(Array)
#17 C:\\xampp\\htdocs\\kazimotoawards\\vendor\\laravel\\framework\\src\\Illuminate\\Database\\Eloquent\\Builder.php(609): Illuminate\\Database\\Eloquent\\Builder->getModels(Array)
#18 C:\\xampp\\htdocs\\kazimotoawards\\app\\Http\\Controllers\\websiteController.php(32): Illuminate\\Database\\Eloquent\\Builder->get()
#19 C:\\xampp\\htdocs\\kazimotoawards\\vendor\\laravel\\framework\\src\\Illuminate\\Routing\\Controller.php(54): App\\Http\\Controllers\\WebsiteController->index()
#20 C:\\xampp\\htdocs\\kazimotoawards\\vendor\\laravel\\framework\\src\\Illuminate\\Routing\\ControllerDispatcher.php(45): Illuminate\\Routing\\Controller->callAction('index', Array)
#21 C:\\xampp\\htdocs\\kazimotoawards\\vendor\\laravel\\framework\\src\\Illuminate\\Routing\\Route.php(261): Illuminate\\Routing\\ControllerDispatcher->dispatch(Object(Illuminate\\Routing\\Route), Object(App\\Http\\Controllers\\WebsiteController), 'index')
#22 C:\\xampp\\htdocs\\kazimotoawards\\vendor\\laravel\\framework\\src\\Illuminate\\Routing\\Route.php(205): Illuminate\\Routing\\Route->runController()
#23 C:\\xampp\\htdocs\\kazimotoawards\\vendor\\laravel\\framework\\src\\Illuminate\\Routing\\Router.php(721): Illuminate\\Routing\\Route->run()
#24 C:\\xampp\\htdocs\\kazimotoawards\\vendor\\laravel\\framework\\src\\Illuminate\\Pipeline\\Pipeline.php(128): Illuminate\\Routing\\Router->Illuminate\\Routing\\{closure}(Object(Illuminate\\Http\\Request))
#25 C:\\xampp\\htdocs\\kazimotoawards\\vendor\\laravel\\framework\\src\\Illuminate\\Routing\\Middleware\\SubstituteBindings.php(50): Illuminate\\Pipeline\\Pipeline->Illuminate\\Pipeline\\{closure}(Object(Illuminate\\Http\\Request))
#26 C:\\xampp\\htdocs\\kazimotoawards\\vendor\\laravel\\framework\\src\\Illuminate\\Pipeline\\Pipeline.php(167): Illuminate\\Routing\\Middleware\\SubstituteBindings->handle(Object(Illuminate\\Http\\Request), Object(Closure))
#27 C:\\xampp\\htdocs\\kazimotoawards\\vendor\\laravel\\framework\\src\\Illuminate\\Foundation\\Http\\Middleware\\VerifyCsrfToken.php(78): Illuminate\\Pipeline\\Pipeline->Illuminate\\Pipeline\\{closure}(Object(Illuminate\\Http\\Request))
#28 C:\\xampp\\htdocs\\kazimotoawards\\vendor\\laravel\\framework\\src\\Illuminate\\Pipeline\\Pipeline.php(167): Illuminate\\Foundation\\Http\\Middleware\\VerifyCsrfToken->handle(Object(Illuminate\\Http\\Request), Object(Closure))
#29 C:\\xampp\\htdocs\\kazimotoawards\\vendor\\laravel\\framework\\src\\Illuminate\\View\\Middleware\\ShareErrorsFromSession.php(49): Illuminate\\Pipeline\\Pipeline->Illuminate\\Pipeline\\{closure}(Object(Illuminate\\Http\\Request))
#30 C:\\xampp\\htdocs\\kazimotoawards\\vendor\\laravel\\framework\\src\\Illuminate\\Pipeline\\Pipeline.php(167): Illuminate\\View\\Middleware\\ShareErrorsFromSession->handle(Object(Illuminate\\Http\\Request), Object(Closure))
#31 C:\\xampp\\htdocs\\kazimotoawards\\vendor\\laravel\\framework\\src\\Illuminate\\Session\\Middleware\\StartSession.php(121): Illuminate\\Pipeline\\Pipeline->Illuminate\\Pipeline\\{closure}(Object(Illuminate\\Http\\Request))
#32 C:\\xampp\\htdocs\\kazimotoawards\\vendor\\laravel\\framework\\src\\Illuminate\\Session\\Middleware\\StartSession.php(64): Illuminate\\Session\\Middleware\\StartSession->handleStatefulRequest(Object(Illuminate\\Http\\Request), Object(Illuminate\\Session\\Store), Object(Closure))
#33 C:\\xampp\\htdocs\\kazimotoawards\\vendor\\laravel\\framework\\src\\Illuminate\\Pipeline\\Pipeline.php(167): Illuminate\\Session\\Middleware\\StartSession->handle(Object(Illuminate\\Http\\Request), Object(Closure))
#34 C:\\xampp\\htdocs\\kazimotoawards\\vendor\\laravel\\framework\\src\\Illuminate\\Cookie\\Middleware\\AddQueuedCookiesToResponse.php(37): Illuminate\\Pipeline\\Pipeline->Illuminate\\Pipeline\\{closure}(Object(Illuminate\\Http\\Request))
#35 C:\\xampp\\htdocs\\kazimotoawards\\vendor\\laravel\\framework\\src\\Illuminate\\Pipeline\\Pipeline.php(167): Illuminate\\Cookie\\Middleware\\AddQueuedCookiesToResponse->handle(Object(Illuminate\\Http\\Request), Object(Closure))
#36 C:\\xampp\\htdocs\\kazimotoawards\\vendor\\laravel\\framework\\src\\Illuminate\\Cookie\\Middleware\\EncryptCookies.php(67): Illuminate\\Pipeline\\Pipeline->Illuminate\\Pipeline\\{closure}(Object(Illuminate\\Http\\Request))
#37 C:\\xampp\\htdocs\\kazimotoawards\\vendor\\laravel\\framework\\src\\Illuminate\\Pipeline\\Pipeline.php(167): Illuminate\\Cookie\\Middleware\\EncryptCookies->handle(Object(Illuminate\\Http\\Request), Object(Closure))
#38 C:\\xampp\\htdocs\\kazimotoawards\\vendor\\laravel\\framework\\src\\Illuminate\\Pipeline\\Pipeline.php(103): Illuminate\\Pipeline\\Pipeline->Illuminate\\Pipeline\\{closure}(Object(Illuminate\\Http\\Request))
#39 C:\\xampp\\htdocs\\kazimotoawards\\vendor\\laravel\\framework\\src\\Illuminate\\Routing\\Router.php(719): Illuminate\\Pipeline\\Pipeline->then(Object(Closure))
#40 C:\\xampp\\htdocs\\kazimotoawards\\vendor\\laravel\\framework\\src\\Illuminate\\Routing\\Router.php(698): Illuminate\\Routing\\Router->runRouteWithinStack(Object(Illuminate\\Routing\\Route), Object(Illuminate\\Http\\Request))
#41 C:\\xampp\\htdocs\\kazimotoawards\\vendor\\laravel\\framework\\src\\Illuminate\\Routing\\Router.php(662): Illuminate\\Routing\\Router->runRoute(Object(Illuminate\\Http\\Request), Object(Illuminate\\Routing\\Route))
#42 C:\\xampp\\htdocs\\kazimotoawards\\vendor\\laravel\\framework\\src\\Illuminate\\Routing\\Router.php(651): Illuminate\\Routing\\Router->dispatchToRoute(Object(Illuminate\\Http\\Request))
#43 C:\\xampp\\htdocs\\kazimotoawards\\vendor\\laravel\\framework\\src\\Illuminate\\Foundation\\Http\\Kernel.php(167): Illuminate\\Routing\\Router->dispatch(Object(Illuminate\\Http\\Request))
#44 C:\\xampp\\htdocs\\kazimotoawards\\vendor\\laravel\\framework\\src\\Illuminate\\Pipeline\\Pipeline.php(128): Illuminate\\Foundation\\Http\\Kernel->Illuminate\\Foundation\\Http\\{closure}(Object(Illuminate\\Http\\Request))
#45 C:\\xampp\\htdocs\\kazimotoawards\\vendor\\laravel\\framework\\src\\Illuminate\\Foundation\\Http\\Middleware\\TransformsRequest.php(21): Illuminate\\Pipeline\\Pipeline->Illuminate\\Pipeline\\{closure}(Object(Illuminate\\Http\\Request))
#46 C:\\xampp\\htdocs\\kazimotoawards\\vendor\\laravel\\framework\\src\\Illuminate\\Foundation\\Http\\Middleware\\ConvertEmptyStringsToNull.php(31): Illuminate\\Foundation\\Http\\Middleware\\TransformsRequest->handle(Object(Illuminate\\Http\\Request), Object(Closure))
#47 C:\\xampp\\htdocs\\kazimotoawards\\vendor\\laravel\\framework\\src\\Illuminate\\Pipeline\\Pipeline.php(167): Illuminate\\Foundation\\Http\\Middleware\\ConvertEmptyStringsToNull->handle(Object(Illuminate\\Http\\Request), Object(Closure))
#48 C:\\xampp\\htdocs\\kazimotoawards\\vendor\\laravel\\framework\\src\\Illuminate\\Foundation\\Http\\Middleware\\TransformsRequest.php(21): Illuminate\\Pipeline\\Pipeline->Illuminate\\Pipeline\\{closure}(Object(Illuminate\\Http\\Request))
#49 C:\\xampp\\htdocs\\kazimotoawards\\vendor\\laravel\\framework\\src\\Illuminate\\Foundation\\Http\\Middleware\\TrimStrings.php(40): Illuminate\\Foundation\\Http\\Middleware\\TransformsRequest->handle(Object(Illuminate\\Http\\Request), Object(Closure))
#50 C:\\xampp\\htdocs\\kazimotoawards\\vendor\\laravel\\framework\\src\\Illuminate\\Pipeline\\Pipeline.php(167): Illuminate\\Foundation\\Http\\Middleware\\TrimStrings->handle(Object(Illuminate\\Http\\Request), Object(Closure))
#51 C:\\xampp\\htdocs\\kazimotoawards\\vendor\\laravel\\framework\\src\\Illuminate\\Foundation\\Http\\Middleware\\ValidatePostSize.php(27): Illuminate\\Pipeline\\Pipeline->Illuminate\\Pipeline\\{closure}(Object(Illuminate\\Http\\Request))
#52 C:\\xampp\\htdocs\\kazimotoawards\\vendor\\laravel\\framework\\src\\Illuminate\\Pipeline\\Pipeline.php(167): Illuminate\\Foundation\\Http\\Middleware\\ValidatePostSize->handle(Object(Illuminate\\Http\\Request), Object(Closure))
#53 C:\\xampp\\htdocs\\kazimotoawards\\vendor\\laravel\\framework\\src\\Illuminate\\Foundation\\Http\\Middleware\\PreventRequestsDuringMaintenance.php(86): Illuminate\\Pipeline\\Pipeline->Illuminate\\Pipeline\\{closure}(Object(Illuminate\\Http\\Request))
#54 C:\\xampp\\htdocs\\kazimotoawards\\vendor\\laravel\\framework\\src\\Illuminate\\Pipeline\\Pipeline.php(167): Illuminate\\Foundation\\Http\\Middleware\\PreventRequestsDuringMaintenance->handle(Object(Illuminate\\Http\\Request), Object(Closure))
#55 C:\\xampp\\htdocs\\kazimotoawards\\vendor\\fruitcake\\laravel-cors\\src\\HandleCors.php(38): Illuminate\\Pipeline\\Pipeline->Illuminate\\Pipeline\\{closure}(Object(Illuminate\\Http\\Request))
#56 C:\\xampp\\htdocs\\kazimotoawards\\vendor\\laravel\\framework\\src\\Illuminate\\Pipeline\\Pipeline.php(167): Fruitcake\\Cors\\HandleCors->handle(Object(Illuminate\\Http\\Request), Object(Closure))
#57 C:\\xampp\\htdocs\\kazimotoawards\\vendor\\fideloper\\proxy\\src\\TrustProxies.php(57): Illuminate\\Pipeline\\Pipeline->Illuminate\\Pipeline\\{closure}(Object(Illuminate\\Http\\Request))
#58 C:\\xampp\\htdocs\\kazimotoawards\\vendor\\laravel\\framework\\src\\Illuminate\\Pipeline\\Pipeline.php(167): Fideloper\\Proxy\\TrustProxies->handle(Object(Illuminate\\Http\\Request), Object(Closure))
#59 C:\\xampp\\htdocs\\kazimotoawards\\vendor\\laravel\\framework\\src\\Illuminate\\Pipeline\\Pipeline.php(103): Illuminate\\Pipeline\\Pipeline->Illuminate\\Pipeline\\{closure}(Object(Illuminate\\Http\\Request))
#60 C:\\xampp\\htdocs\\kazimotoawards\\vendor\\laravel\\framework\\src\\Illuminate\\Foundation\\Http\\Kernel.php(142): Illuminate\\Pipeline\\Pipeline->then(Object(Closure))
#61 C:\\xampp\\htdocs\\kazimotoawards\\vendor\\laravel\\framework\\src\\Illuminate\\Foundation\\Http\\Kernel.php(111): Illuminate\\Foundation\\Http\\Kernel->sendRequestThroughRouter(Object(Illuminate\\Http\\Request))
#62 C:\\xampp\\htdocs\\kazimotoawards\\public\\index.php(51): Illuminate\\Foundation\\Http\\Kernel->handle(Object(Illuminate\\Http\\Request))
#63 C:\\xampp\\htdocs\\kazimotoawards\\server.php(21): require_once('C:\\\\xampp\\\\htdocs...')
#64 {main}
"} 
[2025-08-12 11:31:00] local.ERROR: SQLSTATE[HY000] [2002] No connection could be made because the target machine actively refused it (SQL: select * from `donors` where `status` = Active) {"exception":"[object] (Illuminate\\Database\\QueryException(code: 2002): SQLSTATE[HY000] [2002] No connection could be made because the target machine actively refused it (SQL: select * from `donors` where `status` = Active) at C:\\xampp\\htdocs\\kazimotoawards\\vendor\\laravel\\framework\\src\\Illuminate\\Database\\Connection.php:712)
[stacktrace]
#0 C:\\xampp\\htdocs\\kazimotoawards\\vendor\\laravel\\framework\\src\\Illuminate\\Database\\Connection.php(672): Illuminate\\Database\\Connection->runQueryCallback('select * from `...', Array, Object(Closure))
#1 C:\\xampp\\htdocs\\kazimotoawards\\vendor\\laravel\\framework\\src\\Illuminate\\Database\\Connection.php(359): Illuminate\\Database\\Connection->run('select * from `...', Array, Object(Closure))
#2 C:\\xampp\\htdocs\\kazimotoawards\\vendor\\laravel\\framework\\src\\Illuminate\\Database\\Query\\Builder.php(2413): Illuminate\\Database\\Connection->select('select * from `...', Array, true)
#3 C:\\xampp\\htdocs\\kazimotoawards\\vendor\\laravel\\framework\\src\\Illuminate\\Database\\Query\\Builder.php(2402): Illuminate\\Database\\Query\\Builder->runSelect()
#4 C:\\xampp\\htdocs\\kazimotoawards\\vendor\\laravel\\framework\\src\\Illuminate\\Database\\Query\\Builder.php(2936): Illuminate\\Database\\Query\\Builder->Illuminate\\Database\\Query\\{closure}()
#5 C:\\xampp\\htdocs\\kazimotoawards\\vendor\\laravel\\framework\\src\\Illuminate\\Database\\Query\\Builder.php(2401): Illuminate\\Database\\Query\\Builder->onceWithColumns(Array, Object(Closure))
#6 C:\\xampp\\htdocs\\kazimotoawards\\vendor\\laravel\\framework\\src\\Illuminate\\Database\\Eloquent\\Builder.php(625): Illuminate\\Database\\Query\\Builder->get(Array)
#7 C:\\xampp\\htdocs\\kazimotoawards\\vendor\\laravel\\framework\\src\\Illuminate\\Database\\Eloquent\\Builder.php(609): Illuminate\\Database\\Eloquent\\Builder->getModels(Array)
#8 C:\\xampp\\htdocs\\kazimotoawards\\app\\Http\\Controllers\\websiteController.php(32): Illuminate\\Database\\Eloquent\\Builder->get()
#9 C:\\xampp\\htdocs\\kazimotoawards\\vendor\\laravel\\framework\\src\\Illuminate\\Routing\\Controller.php(54): App\\Http\\Controllers\\WebsiteController->index()
#10 C:\\xampp\\htdocs\\kazimotoawards\\vendor\\laravel\\framework\\src\\Illuminate\\Routing\\ControllerDispatcher.php(45): Illuminate\\Routing\\Controller->callAction('index', Array)
#11 C:\\xampp\\htdocs\\kazimotoawards\\vendor\\laravel\\framework\\src\\Illuminate\\Routing\\Route.php(261): Illuminate\\Routing\\ControllerDispatcher->dispatch(Object(Illuminate\\Routing\\Route), Object(App\\Http\\Controllers\\WebsiteController), 'index')
#12 C:\\xampp\\htdocs\\kazimotoawards\\vendor\\laravel\\framework\\src\\Illuminate\\Routing\\Route.php(205): Illuminate\\Routing\\Route->runController()
#13 C:\\xampp\\htdocs\\kazimotoawards\\vendor\\laravel\\framework\\src\\Illuminate\\Routing\\Router.php(721): Illuminate\\Routing\\Route->run()
#14 C:\\xampp\\htdocs\\kazimotoawards\\vendor\\laravel\\framework\\src\\Illuminate\\Pipeline\\Pipeline.php(128): Illuminate\\Routing\\Router->Illuminate\\Routing\\{closure}(Object(Illuminate\\Http\\Request))
#15 C:\\xampp\\htdocs\\kazimotoawards\\vendor\\laravel\\framework\\src\\Illuminate\\Routing\\Middleware\\SubstituteBindings.php(50): Illuminate\\Pipeline\\Pipeline->Illuminate\\Pipeline\\{closure}(Object(Illuminate\\Http\\Request))
#16 C:\\xampp\\htdocs\\kazimotoawards\\vendor\\laravel\\framework\\src\\Illuminate\\Pipeline\\Pipeline.php(167): Illuminate\\Routing\\Middleware\\SubstituteBindings->handle(Object(Illuminate\\Http\\Request), Object(Closure))
#17 C:\\xampp\\htdocs\\kazimotoawards\\vendor\\laravel\\framework\\src\\Illuminate\\Foundation\\Http\\Middleware\\VerifyCsrfToken.php(78): Illuminate\\Pipeline\\Pipeline->Illuminate\\Pipeline\\{closure}(Object(Illuminate\\Http\\Request))
#18 C:\\xampp\\htdocs\\kazimotoawards\\vendor\\laravel\\framework\\src\\Illuminate\\Pipeline\\Pipeline.php(167): Illuminate\\Foundation\\Http\\Middleware\\VerifyCsrfToken->handle(Object(Illuminate\\Http\\Request), Object(Closure))
#19 C:\\xampp\\htdocs\\kazimotoawards\\vendor\\laravel\\framework\\src\\Illuminate\\View\\Middleware\\ShareErrorsFromSession.php(49): Illuminate\\Pipeline\\Pipeline->Illuminate\\Pipeline\\{closure}(Object(Illuminate\\Http\\Request))
#20 C:\\xampp\\htdocs\\kazimotoawards\\vendor\\laravel\\framework\\src\\Illuminate\\Pipeline\\Pipeline.php(167): Illuminate\\View\\Middleware\\ShareErrorsFromSession->handle(Object(Illuminate\\Http\\Request), Object(Closure))
#21 C:\\xampp\\htdocs\\kazimotoawards\\vendor\\laravel\\framework\\src\\Illuminate\\Session\\Middleware\\StartSession.php(121): Illuminate\\Pipeline\\Pipeline->Illuminate\\Pipeline\\{closure}(Object(Illuminate\\Http\\Request))
#22 C:\\xampp\\htdocs\\kazimotoawards\\vendor\\laravel\\framework\\src\\Illuminate\\Session\\Middleware\\StartSession.php(64): Illuminate\\Session\\Middleware\\StartSession->handleStatefulRequest(Object(Illuminate\\Http\\Request), Object(Illuminate\\Session\\Store), Object(Closure))
#23 C:\\xampp\\htdocs\\kazimotoawards\\vendor\\laravel\\framework\\src\\Illuminate\\Pipeline\\Pipeline.php(167): Illuminate\\Session\\Middleware\\StartSession->handle(Object(Illuminate\\Http\\Request), Object(Closure))
#24 C:\\xampp\\htdocs\\kazimotoawards\\vendor\\laravel\\framework\\src\\Illuminate\\Cookie\\Middleware\\AddQueuedCookiesToResponse.php(37): Illuminate\\Pipeline\\Pipeline->Illuminate\\Pipeline\\{closure}(Object(Illuminate\\Http\\Request))
#25 C:\\xampp\\htdocs\\kazimotoawards\\vendor\\laravel\\framework\\src\\Illuminate\\Pipeline\\Pipeline.php(167): Illuminate\\Cookie\\Middleware\\AddQueuedCookiesToResponse->handle(Object(Illuminate\\Http\\Request), Object(Closure))
#26 C:\\xampp\\htdocs\\kazimotoawards\\vendor\\laravel\\framework\\src\\Illuminate\\Cookie\\Middleware\\EncryptCookies.php(67): Illuminate\\Pipeline\\Pipeline->Illuminate\\Pipeline\\{closure}(Object(Illuminate\\Http\\Request))
#27 C:\\xampp\\htdocs\\kazimotoawards\\vendor\\laravel\\framework\\src\\Illuminate\\Pipeline\\Pipeline.php(167): Illuminate\\Cookie\\Middleware\\EncryptCookies->handle(Object(Illuminate\\Http\\Request), Object(Closure))
#28 C:\\xampp\\htdocs\\kazimotoawards\\vendor\\laravel\\framework\\src\\Illuminate\\Pipeline\\Pipeline.php(103): Illuminate\\Pipeline\\Pipeline->Illuminate\\Pipeline\\{closure}(Object(Illuminate\\Http\\Request))
#29 C:\\xampp\\htdocs\\kazimotoawards\\vendor\\laravel\\framework\\src\\Illuminate\\Routing\\Router.php(719): Illuminate\\Pipeline\\Pipeline->then(Object(Closure))
#30 C:\\xampp\\htdocs\\kazimotoawards\\vendor\\laravel\\framework\\src\\Illuminate\\Routing\\Router.php(698): Illuminate\\Routing\\Router->runRouteWithinStack(Object(Illuminate\\Routing\\Route), Object(Illuminate\\Http\\Request))
#31 C:\\xampp\\htdocs\\kazimotoawards\\vendor\\laravel\\framework\\src\\Illuminate\\Routing\\Router.php(662): Illuminate\\Routing\\Router->runRoute(Object(Illuminate\\Http\\Request), Object(Illuminate\\Routing\\Route))
#32 C:\\xampp\\htdocs\\kazimotoawards\\vendor\\laravel\\framework\\src\\Illuminate\\Routing\\Router.php(651): Illuminate\\Routing\\Router->dispatchToRoute(Object(Illuminate\\Http\\Request))
#33 C:\\xampp\\htdocs\\kazimotoawards\\vendor\\laravel\\framework\\src\\Illuminate\\Foundation\\Http\\Kernel.php(167): Illuminate\\Routing\\Router->dispatch(Object(Illuminate\\Http\\Request))
#34 C:\\xampp\\htdocs\\kazimotoawards\\vendor\\laravel\\framework\\src\\Illuminate\\Pipeline\\Pipeline.php(128): Illuminate\\Foundation\\Http\\Kernel->Illuminate\\Foundation\\Http\\{closure}(Object(Illuminate\\Http\\Request))
#35 C:\\xampp\\htdocs\\kazimotoawards\\vendor\\laravel\\framework\\src\\Illuminate\\Foundation\\Http\\Middleware\\TransformsRequest.php(21): Illuminate\\Pipeline\\Pipeline->Illuminate\\Pipeline\\{closure}(Object(Illuminate\\Http\\Request))
#36 C:\\xampp\\htdocs\\kazimotoawards\\vendor\\laravel\\framework\\src\\Illuminate\\Foundation\\Http\\Middleware\\ConvertEmptyStringsToNull.php(31): Illuminate\\Foundation\\Http\\Middleware\\TransformsRequest->handle(Object(Illuminate\\Http\\Request), Object(Closure))
#37 C:\\xampp\\htdocs\\kazimotoawards\\vendor\\laravel\\framework\\src\\Illuminate\\Pipeline\\Pipeline.php(167): Illuminate\\Foundation\\Http\\Middleware\\ConvertEmptyStringsToNull->handle(Object(Illuminate\\Http\\Request), Object(Closure))
#38 C:\\xampp\\htdocs\\kazimotoawards\\vendor\\laravel\\framework\\src\\Illuminate\\Foundation\\Http\\Middleware\\TransformsRequest.php(21): Illuminate\\Pipeline\\Pipeline->Illuminate\\Pipeline\\{closure}(Object(Illuminate\\Http\\Request))
#39 C:\\xampp\\htdocs\\kazimotoawards\\vendor\\laravel\\framework\\src\\Illuminate\\Foundation\\Http\\Middleware\\TrimStrings.php(40): Illuminate\\Foundation\\Http\\Middleware\\TransformsRequest->handle(Object(Illuminate\\Http\\Request), Object(Closure))
#40 C:\\xampp\\htdocs\\kazimotoawards\\vendor\\laravel\\framework\\src\\Illuminate\\Pipeline\\Pipeline.php(167): Illuminate\\Foundation\\Http\\Middleware\\TrimStrings->handle(Object(Illuminate\\Http\\Request), Object(Closure))
#41 C:\\xampp\\htdocs\\kazimotoawards\\vendor\\laravel\\framework\\src\\Illuminate\\Foundation\\Http\\Middleware\\ValidatePostSize.php(27): Illuminate\\Pipeline\\Pipeline->Illuminate\\Pipeline\\{closure}(Object(Illuminate\\Http\\Request))
#42 C:\\xampp\\htdocs\\kazimotoawards\\vendor\\laravel\\framework\\src\\Illuminate\\Pipeline\\Pipeline.php(167): Illuminate\\Foundation\\Http\\Middleware\\ValidatePostSize->handle(Object(Illuminate\\Http\\Request), Object(Closure))
#43 C:\\xampp\\htdocs\\kazimotoawards\\vendor\\laravel\\framework\\src\\Illuminate\\Foundation\\Http\\Middleware\\PreventRequestsDuringMaintenance.php(86): Illuminate\\Pipeline\\Pipeline->Illuminate\\Pipeline\\{closure}(Object(Illuminate\\Http\\Request))
#44 C:\\xampp\\htdocs\\kazimotoawards\\vendor\\laravel\\framework\\src\\Illuminate\\Pipeline\\Pipeline.php(167): Illuminate\\Foundation\\Http\\Middleware\\PreventRequestsDuringMaintenance->handle(Object(Illuminate\\Http\\Request), Object(Closure))
#45 C:\\xampp\\htdocs\\kazimotoawards\\vendor\\fruitcake\\laravel-cors\\src\\HandleCors.php(38): Illuminate\\Pipeline\\Pipeline->Illuminate\\Pipeline\\{closure}(Object(Illuminate\\Http\\Request))
#46 C:\\xampp\\htdocs\\kazimotoawards\\vendor\\laravel\\framework\\src\\Illuminate\\Pipeline\\Pipeline.php(167): Fruitcake\\Cors\\HandleCors->handle(Object(Illuminate\\Http\\Request), Object(Closure))
#47 C:\\xampp\\htdocs\\kazimotoawards\\vendor\\fideloper\\proxy\\src\\TrustProxies.php(57): Illuminate\\Pipeline\\Pipeline->Illuminate\\Pipeline\\{closure}(Object(Illuminate\\Http\\Request))
#48 C:\\xampp\\htdocs\\kazimotoawards\\vendor\\laravel\\framework\\src\\Illuminate\\Pipeline\\Pipeline.php(167): Fideloper\\Proxy\\TrustProxies->handle(Object(Illuminate\\Http\\Request), Object(Closure))
#49 C:\\xampp\\htdocs\\kazimotoawards\\vendor\\laravel\\framework\\src\\Illuminate\\Pipeline\\Pipeline.php(103): Illuminate\\Pipeline\\Pipeline->Illuminate\\Pipeline\\{closure}(Object(Illuminate\\Http\\Request))
#50 C:\\xampp\\htdocs\\kazimotoawards\\vendor\\laravel\\framework\\src\\Illuminate\\Foundation\\Http\\Kernel.php(142): Illuminate\\Pipeline\\Pipeline->then(Object(Closure))
#51 C:\\xampp\\htdocs\\kazimotoawards\\vendor\\laravel\\framework\\src\\Illuminate\\Foundation\\Http\\Kernel.php(111): Illuminate\\Foundation\\Http\\Kernel->sendRequestThroughRouter(Object(Illuminate\\Http\\Request))
#52 C:\\xampp\\htdocs\\kazimotoawards\\public\\index.php(51): Illuminate\\Foundation\\Http\\Kernel->handle(Object(Illuminate\\Http\\Request))
#53 C:\\xampp\\htdocs\\kazimotoawards\\server.php(21): require_once('C:\\\\xampp\\\\htdocs...')
#54 {main}

[previous exception] [object] (PDOException(code: 2002): SQLSTATE[HY000] [2002] No connection could be made because the target machine actively refused it at C:\\xampp\\htdocs\\kazimotoawards\\vendor\\laravel\\framework\\src\\Illuminate\\Database\\Connectors\\Connector.php:70)
[stacktrace]
#0 C:\\xampp\\htdocs\\kazimotoawards\\vendor\\laravel\\framework\\src\\Illuminate\\Database\\Connectors\\Connector.php(70): PDO->__construct('mysql:host=127....', 'root', Object(SensitiveParameterValue), Array)
#1 C:\\xampp\\htdocs\\kazimotoawards\\vendor\\laravel\\framework\\src\\Illuminate\\Database\\Connectors\\Connector.php(45): Illuminate\\Database\\Connectors\\Connector->createPdoConnection('mysql:host=127....', 'root', '', Array)
#2 C:\\xampp\\htdocs\\kazimotoawards\\vendor\\laravel\\framework\\src\\Illuminate\\Database\\Connectors\\MySqlConnector.php(24): Illuminate\\Database\\Connectors\\Connector->createConnection('mysql:host=127....', Array, Array)
#3 C:\\xampp\\htdocs\\kazimotoawards\\vendor\\laravel\\framework\\src\\Illuminate\\Database\\Connectors\\ConnectionFactory.php(184): Illuminate\\Database\\Connectors\\MySqlConnector->connect(Array)
#4 [internal function]: Illuminate\\Database\\Connectors\\ConnectionFactory->Illuminate\\Database\\Connectors\\{closure}()
#5 C:\\xampp\\htdocs\\kazimotoawards\\vendor\\laravel\\framework\\src\\Illuminate\\Database\\Connection.php(1064): call_user_func(Object(Closure))
#6 C:\\xampp\\htdocs\\kazimotoawards\\vendor\\laravel\\framework\\src\\Illuminate\\Database\\Connection.php(1100): Illuminate\\Database\\Connection->getPdo()
#7 C:\\xampp\\htdocs\\kazimotoawards\\vendor\\laravel\\framework\\src\\Illuminate\\Database\\Connection.php(442): Illuminate\\Database\\Connection->getReadPdo()
#8 C:\\xampp\\htdocs\\kazimotoawards\\vendor\\laravel\\framework\\src\\Illuminate\\Database\\Connection.php(368): Illuminate\\Database\\Connection->getPdoForSelect(true)
#9 C:\\xampp\\htdocs\\kazimotoawards\\vendor\\laravel\\framework\\src\\Illuminate\\Database\\Connection.php(705): Illuminate\\Database\\Connection->Illuminate\\Database\\{closure}('select * from `...', Array)
#10 C:\\xampp\\htdocs\\kazimotoawards\\vendor\\laravel\\framework\\src\\Illuminate\\Database\\Connection.php(672): Illuminate\\Database\\Connection->runQueryCallback('select * from `...', Array, Object(Closure))
#11 C:\\xampp\\htdocs\\kazimotoawards\\vendor\\laravel\\framework\\src\\Illuminate\\Database\\Connection.php(359): Illuminate\\Database\\Connection->run('select * from `...', Array, Object(Closure))
#12 C:\\xampp\\htdocs\\kazimotoawards\\vendor\\laravel\\framework\\src\\Illuminate\\Database\\Query\\Builder.php(2413): Illuminate\\Database\\Connection->select('select * from `...', Array, true)
#13 C:\\xampp\\htdocs\\kazimotoawards\\vendor\\laravel\\framework\\src\\Illuminate\\Database\\Query\\Builder.php(2402): Illuminate\\Database\\Query\\Builder->runSelect()
#14 C:\\xampp\\htdocs\\kazimotoawards\\vendor\\laravel\\framework\\src\\Illuminate\\Database\\Query\\Builder.php(2936): Illuminate\\Database\\Query\\Builder->Illuminate\\Database\\Query\\{closure}()
#15 C:\\xampp\\htdocs\\kazimotoawards\\vendor\\laravel\\framework\\src\\Illuminate\\Database\\Query\\Builder.php(2401): Illuminate\\Database\\Query\\Builder->onceWithColumns(Array, Object(Closure))
#16 C:\\xampp\\htdocs\\kazimotoawards\\vendor\\laravel\\framework\\src\\Illuminate\\Database\\Eloquent\\Builder.php(625): Illuminate\\Database\\Query\\Builder->get(Array)
#17 C:\\xampp\\htdocs\\kazimotoawards\\vendor\\laravel\\framework\\src\\Illuminate\\Database\\Eloquent\\Builder.php(609): Illuminate\\Database\\Eloquent\\Builder->getModels(Array)
#18 C:\\xampp\\htdocs\\kazimotoawards\\app\\Http\\Controllers\\websiteController.php(32): Illuminate\\Database\\Eloquent\\Builder->get()
#19 C:\\xampp\\htdocs\\kazimotoawards\\vendor\\laravel\\framework\\src\\Illuminate\\Routing\\Controller.php(54): App\\Http\\Controllers\\WebsiteController->index()
#20 C:\\xampp\\htdocs\\kazimotoawards\\vendor\\laravel\\framework\\src\\Illuminate\\Routing\\ControllerDispatcher.php(45): Illuminate\\Routing\\Controller->callAction('index', Array)
#21 C:\\xampp\\htdocs\\kazimotoawards\\vendor\\laravel\\framework\\src\\Illuminate\\Routing\\Route.php(261): Illuminate\\Routing\\ControllerDispatcher->dispatch(Object(Illuminate\\Routing\\Route), Object(App\\Http\\Controllers\\WebsiteController), 'index')
#22 C:\\xampp\\htdocs\\kazimotoawards\\vendor\\laravel\\framework\\src\\Illuminate\\Routing\\Route.php(205): Illuminate\\Routing\\Route->runController()
#23 C:\\xampp\\htdocs\\kazimotoawards\\vendor\\laravel\\framework\\src\\Illuminate\\Routing\\Router.php(721): Illuminate\\Routing\\Route->run()
#24 C:\\xampp\\htdocs\\kazimotoawards\\vendor\\laravel\\framework\\src\\Illuminate\\Pipeline\\Pipeline.php(128): Illuminate\\Routing\\Router->Illuminate\\Routing\\{closure}(Object(Illuminate\\Http\\Request))
#25 C:\\xampp\\htdocs\\kazimotoawards\\vendor\\laravel\\framework\\src\\Illuminate\\Routing\\Middleware\\SubstituteBindings.php(50): Illuminate\\Pipeline\\Pipeline->Illuminate\\Pipeline\\{closure}(Object(Illuminate\\Http\\Request))
#26 C:\\xampp\\htdocs\\kazimotoawards\\vendor\\laravel\\framework\\src\\Illuminate\\Pipeline\\Pipeline.php(167): Illuminate\\Routing\\Middleware\\SubstituteBindings->handle(Object(Illuminate\\Http\\Request), Object(Closure))
#27 C:\\xampp\\htdocs\\kazimotoawards\\vendor\\laravel\\framework\\src\\Illuminate\\Foundation\\Http\\Middleware\\VerifyCsrfToken.php(78): Illuminate\\Pipeline\\Pipeline->Illuminate\\Pipeline\\{closure}(Object(Illuminate\\Http\\Request))
#28 C:\\xampp\\htdocs\\kazimotoawards\\vendor\\laravel\\framework\\src\\Illuminate\\Pipeline\\Pipeline.php(167): Illuminate\\Foundation\\Http\\Middleware\\VerifyCsrfToken->handle(Object(Illuminate\\Http\\Request), Object(Closure))
#29 C:\\xampp\\htdocs\\kazimotoawards\\vendor\\laravel\\framework\\src\\Illuminate\\View\\Middleware\\ShareErrorsFromSession.php(49): Illuminate\\Pipeline\\Pipeline->Illuminate\\Pipeline\\{closure}(Object(Illuminate\\Http\\Request))
#30 C:\\xampp\\htdocs\\kazimotoawards\\vendor\\laravel\\framework\\src\\Illuminate\\Pipeline\\Pipeline.php(167): Illuminate\\View\\Middleware\\ShareErrorsFromSession->handle(Object(Illuminate\\Http\\Request), Object(Closure))
#31 C:\\xampp\\htdocs\\kazimotoawards\\vendor\\laravel\\framework\\src\\Illuminate\\Session\\Middleware\\StartSession.php(121): Illuminate\\Pipeline\\Pipeline->Illuminate\\Pipeline\\{closure}(Object(Illuminate\\Http\\Request))
#32 C:\\xampp\\htdocs\\kazimotoawards\\vendor\\laravel\\framework\\src\\Illuminate\\Session\\Middleware\\StartSession.php(64): Illuminate\\Session\\Middleware\\StartSession->handleStatefulRequest(Object(Illuminate\\Http\\Request), Object(Illuminate\\Session\\Store), Object(Closure))
#33 C:\\xampp\\htdocs\\kazimotoawards\\vendor\\laravel\\framework\\src\\Illuminate\\Pipeline\\Pipeline.php(167): Illuminate\\Session\\Middleware\\StartSession->handle(Object(Illuminate\\Http\\Request), Object(Closure))
#34 C:\\xampp\\htdocs\\kazimotoawards\\vendor\\laravel\\framework\\src\\Illuminate\\Cookie\\Middleware\\AddQueuedCookiesToResponse.php(37): Illuminate\\Pipeline\\Pipeline->Illuminate\\Pipeline\\{closure}(Object(Illuminate\\Http\\Request))
#35 C:\\xampp\\htdocs\\kazimotoawards\\vendor\\laravel\\framework\\src\\Illuminate\\Pipeline\\Pipeline.php(167): Illuminate\\Cookie\\Middleware\\AddQueuedCookiesToResponse->handle(Object(Illuminate\\Http\\Request), Object(Closure))
#36 C:\\xampp\\htdocs\\kazimotoawards\\vendor\\laravel\\framework\\src\\Illuminate\\Cookie\\Middleware\\EncryptCookies.php(67): Illuminate\\Pipeline\\Pipeline->Illuminate\\Pipeline\\{closure}(Object(Illuminate\\Http\\Request))
#37 C:\\xampp\\htdocs\\kazimotoawards\\vendor\\laravel\\framework\\src\\Illuminate\\Pipeline\\Pipeline.php(167): Illuminate\\Cookie\\Middleware\\EncryptCookies->handle(Object(Illuminate\\Http\\Request), Object(Closure))
#38 C:\\xampp\\htdocs\\kazimotoawards\\vendor\\laravel\\framework\\src\\Illuminate\\Pipeline\\Pipeline.php(103): Illuminate\\Pipeline\\Pipeline->Illuminate\\Pipeline\\{closure}(Object(Illuminate\\Http\\Request))
#39 C:\\xampp\\htdocs\\kazimotoawards\\vendor\\laravel\\framework\\src\\Illuminate\\Routing\\Router.php(719): Illuminate\\Pipeline\\Pipeline->then(Object(Closure))
#40 C:\\xampp\\htdocs\\kazimotoawards\\vendor\\laravel\\framework\\src\\Illuminate\\Routing\\Router.php(698): Illuminate\\Routing\\Router->runRouteWithinStack(Object(Illuminate\\Routing\\Route), Object(Illuminate\\Http\\Request))
#41 C:\\xampp\\htdocs\\kazimotoawards\\vendor\\laravel\\framework\\src\\Illuminate\\Routing\\Router.php(662): Illuminate\\Routing\\Router->runRoute(Object(Illuminate\\Http\\Request), Object(Illuminate\\Routing\\Route))
#42 C:\\xampp\\htdocs\\kazimotoawards\\vendor\\laravel\\framework\\src\\Illuminate\\Routing\\Router.php(651): Illuminate\\Routing\\Router->dispatchToRoute(Object(Illuminate\\Http\\Request))
#43 C:\\xampp\\htdocs\\kazimotoawards\\vendor\\laravel\\framework\\src\\Illuminate\\Foundation\\Http\\Kernel.php(167): Illuminate\\Routing\\Router->dispatch(Object(Illuminate\\Http\\Request))
#44 C:\\xampp\\htdocs\\kazimotoawards\\vendor\\laravel\\framework\\src\\Illuminate\\Pipeline\\Pipeline.php(128): Illuminate\\Foundation\\Http\\Kernel->Illuminate\\Foundation\\Http\\{closure}(Object(Illuminate\\Http\\Request))
#45 C:\\xampp\\htdocs\\kazimotoawards\\vendor\\laravel\\framework\\src\\Illuminate\\Foundation\\Http\\Middleware\\TransformsRequest.php(21): Illuminate\\Pipeline\\Pipeline->Illuminate\\Pipeline\\{closure}(Object(Illuminate\\Http\\Request))
#46 C:\\xampp\\htdocs\\kazimotoawards\\vendor\\laravel\\framework\\src\\Illuminate\\Foundation\\Http\\Middleware\\ConvertEmptyStringsToNull.php(31): Illuminate\\Foundation\\Http\\Middleware\\TransformsRequest->handle(Object(Illuminate\\Http\\Request), Object(Closure))
#47 C:\\xampp\\htdocs\\kazimotoawards\\vendor\\laravel\\framework\\src\\Illuminate\\Pipeline\\Pipeline.php(167): Illuminate\\Foundation\\Http\\Middleware\\ConvertEmptyStringsToNull->handle(Object(Illuminate\\Http\\Request), Object(Closure))
#48 C:\\xampp\\htdocs\\kazimotoawards\\vendor\\laravel\\framework\\src\\Illuminate\\Foundation\\Http\\Middleware\\TransformsRequest.php(21): Illuminate\\Pipeline\\Pipeline->Illuminate\\Pipeline\\{closure}(Object(Illuminate\\Http\\Request))
#49 C:\\xampp\\htdocs\\kazimotoawards\\vendor\\laravel\\framework\\src\\Illuminate\\Foundation\\Http\\Middleware\\TrimStrings.php(40): Illuminate\\Foundation\\Http\\Middleware\\TransformsRequest->handle(Object(Illuminate\\Http\\Request), Object(Closure))
#50 C:\\xampp\\htdocs\\kazimotoawards\\vendor\\laravel\\framework\\src\\Illuminate\\Pipeline\\Pipeline.php(167): Illuminate\\Foundation\\Http\\Middleware\\TrimStrings->handle(Object(Illuminate\\Http\\Request), Object(Closure))
#51 C:\\xampp\\htdocs\\kazimotoawards\\vendor\\laravel\\framework\\src\\Illuminate\\Foundation\\Http\\Middleware\\ValidatePostSize.php(27): Illuminate\\Pipeline\\Pipeline->Illuminate\\Pipeline\\{closure}(Object(Illuminate\\Http\\Request))
#52 C:\\xampp\\htdocs\\kazimotoawards\\vendor\\laravel\\framework\\src\\Illuminate\\Pipeline\\Pipeline.php(167): Illuminate\\Foundation\\Http\\Middleware\\ValidatePostSize->handle(Object(Illuminate\\Http\\Request), Object(Closure))
#53 C:\\xampp\\htdocs\\kazimotoawards\\vendor\\laravel\\framework\\src\\Illuminate\\Foundation\\Http\\Middleware\\PreventRequestsDuringMaintenance.php(86): Illuminate\\Pipeline\\Pipeline->Illuminate\\Pipeline\\{closure}(Object(Illuminate\\Http\\Request))
#54 C:\\xampp\\htdocs\\kazimotoawards\\vendor\\laravel\\framework\\src\\Illuminate\\Pipeline\\Pipeline.php(167): Illuminate\\Foundation\\Http\\Middleware\\PreventRequestsDuringMaintenance->handle(Object(Illuminate\\Http\\Request), Object(Closure))
#55 C:\\xampp\\htdocs\\kazimotoawards\\vendor\\fruitcake\\laravel-cors\\src\\HandleCors.php(38): Illuminate\\Pipeline\\Pipeline->Illuminate\\Pipeline\\{closure}(Object(Illuminate\\Http\\Request))
#56 C:\\xampp\\htdocs\\kazimotoawards\\vendor\\laravel\\framework\\src\\Illuminate\\Pipeline\\Pipeline.php(167): Fruitcake\\Cors\\HandleCors->handle(Object(Illuminate\\Http\\Request), Object(Closure))
#57 C:\\xampp\\htdocs\\kazimotoawards\\vendor\\fideloper\\proxy\\src\\TrustProxies.php(57): Illuminate\\Pipeline\\Pipeline->Illuminate\\Pipeline\\{closure}(Object(Illuminate\\Http\\Request))
#58 C:\\xampp\\htdocs\\kazimotoawards\\vendor\\laravel\\framework\\src\\Illuminate\\Pipeline\\Pipeline.php(167): Fideloper\\Proxy\\TrustProxies->handle(Object(Illuminate\\Http\\Request), Object(Closure))
#59 C:\\xampp\\htdocs\\kazimotoawards\\vendor\\laravel\\framework\\src\\Illuminate\\Pipeline\\Pipeline.php(103): Illuminate\\Pipeline\\Pipeline->Illuminate\\Pipeline\\{closure}(Object(Illuminate\\Http\\Request))
#60 C:\\xampp\\htdocs\\kazimotoawards\\vendor\\laravel\\framework\\src\\Illuminate\\Foundation\\Http\\Kernel.php(142): Illuminate\\Pipeline\\Pipeline->then(Object(Closure))
#61 C:\\xampp\\htdocs\\kazimotoawards\\vendor\\laravel\\framework\\src\\Illuminate\\Foundation\\Http\\Kernel.php(111): Illuminate\\Foundation\\Http\\Kernel->sendRequestThroughRouter(Object(Illuminate\\Http\\Request))
#62 C:\\xampp\\htdocs\\kazimotoawards\\public\\index.php(51): Illuminate\\Foundation\\Http\\Kernel->handle(Object(Illuminate\\Http\\Request))
#63 C:\\xampp\\htdocs\\kazimotoawards\\server.php(21): require_once('C:\\\\xampp\\\\htdocs...')
#64 {main}
"} 
